[0.170s] DEBUG:colcon:Command line arguments: ['/usr/bin/colcon', 'build', '--packages-select', 'cave_depth']
[0.170s] DEBUG:colcon:Parsed command line arguments: Namespace(log_base=None, log_level=None, verb_name='build', build_base='build', install_base='install', merge_install=False, symlink_install=False, test_result_base=None, continue_on_error=False, executor='parallel', parallel_workers=16, event_handlers=None, ignore_user_meta=False, metas=['./colcon.meta'], base_paths=['.'], packages_ignore=None, packages_ignore_regex=None, paths=None, packages_up_to=None, packages_up_to_regex=None, packages_above=None, packages_above_and_dependencies=None, packages_above_depth=None, packages_select_by_dep=None, packages_skip_by_dep=None, packages_skip_up_to=None, packages_select_build_failed=False, packages_skip_build_finished=False, packages_select_test_failures=False, packages_skip_test_passed=False, packages_select=['cave_depth'], packages_skip=None, packages_select_regex=None, packages_skip_regex=None, packages_start=None, packages_end=None, cmake_args=None, cmake_target=None, cmake_target_skip_unavailable=False, cmake_clean_cache=False, cmake_clean_first=False, cmake_force_configure=False, ament_cmake_args=None, catkin_cmake_args=None, catkin_skip_building_tests=False, mixin_files=None, mixin=None, verb_parser=<colcon_mixin.mixin.mixin_argument.MixinArgumentDecorator object at 0x7f86765990a0>, verb_extension=<colcon_core.verb.build.BuildVerb object at 0x7f86766dcef0>, main=<bound method BuildVerb.main of <colcon_core.verb.build.BuildVerb object at 0x7f86766dcef0>>, mixin_verb=('build',))
[0.231s] Level 1:colcon.colcon_core.package_discovery:discover_packages(colcon_meta) check parameters
[0.232s] INFO:colcon.colcon_metadata.package_discovery.colcon_meta:Using configuration from '/root/.colcon/metadata/default/Gazebo.meta'
[0.232s] INFO:colcon.colcon_metadata.package_discovery.colcon_meta:Using configuration from '/root/.colcon/metadata/default/fastdds.meta'
[0.233s] INFO:colcon.colcon_metadata.package_discovery.colcon_meta:Using configuration from '/root/.colcon/metadata/default/fastrtps.meta'
[0.233s] Level 1:colcon.colcon_core.package_discovery:discover_packages(recursive) check parameters
[0.233s] Level 1:colcon.colcon_core.package_discovery:discover_packages(ignore) check parameters
[0.233s] Level 1:colcon.colcon_core.package_discovery:discover_packages(path) check parameters
[0.233s] Level 1:colcon.colcon_core.package_discovery:discover_packages(colcon_meta) discover
[0.233s] Level 1:colcon.colcon_core.package_discovery:discover_packages(recursive) discover
[0.233s] INFO:colcon.colcon_core.package_discovery:Crawling recursively for packages in '/CaveBot-ros'
[0.233s] Level 1:colcon.colcon_core.package_identification:_identify(.) by extensions ['ignore', 'ignore_ament_install']
[0.233s] Level 1:colcon.colcon_core.package_identification:_identify(.) by extension 'ignore'
[0.233s] Level 1:colcon.colcon_core.package_identification:_identify(.) by extension 'ignore_ament_install'
[0.233s] Level 1:colcon.colcon_core.package_identification:_identify(.) by extensions ['colcon_pkg']
[0.233s] Level 1:colcon.colcon_core.package_identification:_identify(.) by extension 'colcon_pkg'
[0.233s] Level 1:colcon.colcon_core.package_identification:_identify(.) by extensions ['colcon_meta']
[0.233s] Level 1:colcon.colcon_core.package_identification:_identify(.) by extension 'colcon_meta'
[0.233s] Level 1:colcon.colcon_core.package_identification:_identify(.) by extensions ['ros']
[0.233s] Level 1:colcon.colcon_core.package_identification:_identify(.) by extension 'ros'
[0.267s] Level 1:colcon.colcon_core.package_identification:_identify(.) by extensions ['cmake', 'python']
[0.267s] Level 1:colcon.colcon_core.package_identification:_identify(.) by extension 'cmake'
[0.267s] Level 1:colcon.colcon_core.package_identification:_identify(.) by extension 'python'
[0.267s] Level 1:colcon.colcon_core.package_identification:_identify(.) by extensions ['python_setup_py']
[0.268s] Level 1:colcon.colcon_core.package_identification:_identify(.) by extension 'python_setup_py'
[0.268s] Level 1:colcon.colcon_core.package_identification:_identify(build) by extensions ['ignore', 'ignore_ament_install']
[0.268s] Level 1:colcon.colcon_core.package_identification:_identify(build) by extension 'ignore'
[0.268s] Level 1:colcon.colcon_core.package_identification:_identify(build) ignored
[0.268s] Level 1:colcon.colcon_core.package_identification:_identify(calibrationdata) by extensions ['ignore', 'ignore_ament_install']
[0.268s] Level 1:colcon.colcon_core.package_identification:_identify(calibrationdata) by extension 'ignore'
[0.268s] Level 1:colcon.colcon_core.package_identification:_identify(calibrationdata) by extension 'ignore_ament_install'
[0.268s] Level 1:colcon.colcon_core.package_identification:_identify(calibrationdata) by extensions ['colcon_pkg']
[0.268s] Level 1:colcon.colcon_core.package_identification:_identify(calibrationdata) by extension 'colcon_pkg'
[0.268s] Level 1:colcon.colcon_core.package_identification:_identify(calibrationdata) by extensions ['colcon_meta']
[0.268s] Level 1:colcon.colcon_core.package_identification:_identify(calibrationdata) by extension 'colcon_meta'
[0.268s] Level 1:colcon.colcon_core.package_identification:_identify(calibrationdata) by extensions ['ros']
[0.268s] Level 1:colcon.colcon_core.package_identification:_identify(calibrationdata) by extension 'ros'
[0.268s] Level 1:colcon.colcon_core.package_identification:_identify(calibrationdata) by extensions ['cmake', 'python']
[0.269s] Level 1:colcon.colcon_core.package_identification:_identify(calibrationdata) by extension 'cmake'
[0.269s] Level 1:colcon.colcon_core.package_identification:_identify(calibrationdata) by extension 'python'
[0.269s] Level 1:colcon.colcon_core.package_identification:_identify(calibrationdata) by extensions ['python_setup_py']
[0.269s] Level 1:colcon.colcon_core.package_identification:_identify(calibrationdata) by extension 'python_setup_py'
[0.269s] Level 1:colcon.colcon_core.package_identification:_identify(install) by extensions ['ignore', 'ignore_ament_install']
[0.269s] Level 1:colcon.colcon_core.package_identification:_identify(install) by extension 'ignore'
[0.269s] Level 1:colcon.colcon_core.package_identification:_identify(install) ignored
[0.269s] Level 1:colcon.colcon_core.package_identification:_identify(libs) by extensions ['ignore', 'ignore_ament_install']
[0.269s] Level 1:colcon.colcon_core.package_identification:_identify(libs) by extension 'ignore'
[0.269s] Level 1:colcon.colcon_core.package_identification:_identify(libs) by extension 'ignore_ament_install'
[0.269s] Level 1:colcon.colcon_core.package_identification:_identify(libs) by extensions ['colcon_pkg']
[0.269s] Level 1:colcon.colcon_core.package_identification:_identify(libs) by extension 'colcon_pkg'
[0.269s] Level 1:colcon.colcon_core.package_identification:_identify(libs) by extensions ['colcon_meta']
[0.269s] Level 1:colcon.colcon_core.package_identification:_identify(libs) by extension 'colcon_meta'
[0.269s] Level 1:colcon.colcon_core.package_identification:_identify(libs) by extensions ['ros']
[0.269s] Level 1:colcon.colcon_core.package_identification:_identify(libs) by extension 'ros'
[0.269s] Level 1:colcon.colcon_core.package_identification:_identify(libs) by extensions ['cmake', 'python']
[0.269s] Level 1:colcon.colcon_core.package_identification:_identify(libs) by extension 'cmake'
[0.269s] Level 1:colcon.colcon_core.package_identification:_identify(libs) by extension 'python'
[0.269s] Level 1:colcon.colcon_core.package_identification:_identify(libs) by extensions ['python_setup_py']
[0.269s] Level 1:colcon.colcon_core.package_identification:_identify(libs) by extension 'python_setup_py'
[0.269s] Level 1:colcon.colcon_core.package_identification:_identify(libs/ONNX-HITNET-Stereo-Depth-estimation) by extensions ['ignore', 'ignore_ament_install']
[0.269s] Level 1:colcon.colcon_core.package_identification:_identify(libs/ONNX-HITNET-Stereo-Depth-estimation) by extension 'ignore'
[0.270s] Level 1:colcon.colcon_core.package_identification:_identify(libs/ONNX-HITNET-Stereo-Depth-estimation) by extension 'ignore_ament_install'
[0.270s] Level 1:colcon.colcon_core.package_identification:_identify(libs/ONNX-HITNET-Stereo-Depth-estimation) by extensions ['colcon_pkg']
[0.270s] Level 1:colcon.colcon_core.package_identification:_identify(libs/ONNX-HITNET-Stereo-Depth-estimation) by extension 'colcon_pkg'
[0.270s] Level 1:colcon.colcon_core.package_identification:_identify(libs/ONNX-HITNET-Stereo-Depth-estimation) by extensions ['colcon_meta']
[0.270s] Level 1:colcon.colcon_core.package_identification:_identify(libs/ONNX-HITNET-Stereo-Depth-estimation) by extension 'colcon_meta'
[0.270s] Level 1:colcon.colcon_core.package_identification:_identify(libs/ONNX-HITNET-Stereo-Depth-estimation) by extensions ['ros']
[0.270s] Level 1:colcon.colcon_core.package_identification:_identify(libs/ONNX-HITNET-Stereo-Depth-estimation) by extension 'ros'
[0.270s] Level 1:colcon.colcon_core.package_identification:_identify(libs/ONNX-HITNET-Stereo-Depth-estimation) by extensions ['cmake', 'python']
[0.270s] Level 1:colcon.colcon_core.package_identification:_identify(libs/ONNX-HITNET-Stereo-Depth-estimation) by extension 'cmake'
[0.270s] Level 1:colcon.colcon_core.package_identification:_identify(libs/ONNX-HITNET-Stereo-Depth-estimation) by extension 'python'
[0.270s] Level 1:colcon.colcon_core.package_identification:_identify(libs/ONNX-HITNET-Stereo-Depth-estimation) by extensions ['python_setup_py']
[0.270s] Level 1:colcon.colcon_core.package_identification:_identify(libs/ONNX-HITNET-Stereo-Depth-estimation) by extension 'python_setup_py'
[0.270s] Level 1:colcon.colcon_core.package_identification:_identify(libs/ONNX-HITNET-Stereo-Depth-estimation/doc) by extensions ['ignore', 'ignore_ament_install']
[0.270s] Level 1:colcon.colcon_core.package_identification:_identify(libs/ONNX-HITNET-Stereo-Depth-estimation/doc) by extension 'ignore'
[0.270s] Level 1:colcon.colcon_core.package_identification:_identify(libs/ONNX-HITNET-Stereo-Depth-estimation/doc) by extension 'ignore_ament_install'
[0.270s] Level 1:colcon.colcon_core.package_identification:_identify(libs/ONNX-HITNET-Stereo-Depth-estimation/doc) by extensions ['colcon_pkg']
[0.270s] Level 1:colcon.colcon_core.package_identification:_identify(libs/ONNX-HITNET-Stereo-Depth-estimation/doc) by extension 'colcon_pkg'
[0.270s] Level 1:colcon.colcon_core.package_identification:_identify(libs/ONNX-HITNET-Stereo-Depth-estimation/doc) by extensions ['colcon_meta']
[0.270s] Level 1:colcon.colcon_core.package_identification:_identify(libs/ONNX-HITNET-Stereo-Depth-estimation/doc) by extension 'colcon_meta'
[0.270s] Level 1:colcon.colcon_core.package_identification:_identify(libs/ONNX-HITNET-Stereo-Depth-estimation/doc) by extensions ['ros']
[0.270s] Level 1:colcon.colcon_core.package_identification:_identify(libs/ONNX-HITNET-Stereo-Depth-estimation/doc) by extension 'ros'
[0.270s] Level 1:colcon.colcon_core.package_identification:_identify(libs/ONNX-HITNET-Stereo-Depth-estimation/doc) by extensions ['cmake', 'python']
[0.270s] Level 1:colcon.colcon_core.package_identification:_identify(libs/ONNX-HITNET-Stereo-Depth-estimation/doc) by extension 'cmake'
[0.270s] Level 1:colcon.colcon_core.package_identification:_identify(libs/ONNX-HITNET-Stereo-Depth-estimation/doc) by extension 'python'
[0.270s] Level 1:colcon.colcon_core.package_identification:_identify(libs/ONNX-HITNET-Stereo-Depth-estimation/doc) by extensions ['python_setup_py']
[0.270s] Level 1:colcon.colcon_core.package_identification:_identify(libs/ONNX-HITNET-Stereo-Depth-estimation/doc) by extension 'python_setup_py'
[0.270s] Level 1:colcon.colcon_core.package_identification:_identify(libs/ONNX-HITNET-Stereo-Depth-estimation/doc/img) by extensions ['ignore', 'ignore_ament_install']
[0.270s] Level 1:colcon.colcon_core.package_identification:_identify(libs/ONNX-HITNET-Stereo-Depth-estimation/doc/img) by extension 'ignore'
[0.270s] Level 1:colcon.colcon_core.package_identification:_identify(libs/ONNX-HITNET-Stereo-Depth-estimation/doc/img) by extension 'ignore_ament_install'
[0.271s] Level 1:colcon.colcon_core.package_identification:_identify(libs/ONNX-HITNET-Stereo-Depth-estimation/doc/img) by extensions ['colcon_pkg']
[0.271s] Level 1:colcon.colcon_core.package_identification:_identify(libs/ONNX-HITNET-Stereo-Depth-estimation/doc/img) by extension 'colcon_pkg'
[0.271s] Level 1:colcon.colcon_core.package_identification:_identify(libs/ONNX-HITNET-Stereo-Depth-estimation/doc/img) by extensions ['colcon_meta']
[0.271s] Level 1:colcon.colcon_core.package_identification:_identify(libs/ONNX-HITNET-Stereo-Depth-estimation/doc/img) by extension 'colcon_meta'
[0.271s] Level 1:colcon.colcon_core.package_identification:_identify(libs/ONNX-HITNET-Stereo-Depth-estimation/doc/img) by extensions ['ros']
[0.271s] Level 1:colcon.colcon_core.package_identification:_identify(libs/ONNX-HITNET-Stereo-Depth-estimation/doc/img) by extension 'ros'
[0.271s] Level 1:colcon.colcon_core.package_identification:_identify(libs/ONNX-HITNET-Stereo-Depth-estimation/doc/img) by extensions ['cmake', 'python']
[0.271s] Level 1:colcon.colcon_core.package_identification:_identify(libs/ONNX-HITNET-Stereo-Depth-estimation/doc/img) by extension 'cmake'
[0.271s] Level 1:colcon.colcon_core.package_identification:_identify(libs/ONNX-HITNET-Stereo-Depth-estimation/doc/img) by extension 'python'
[0.271s] Level 1:colcon.colcon_core.package_identification:_identify(libs/ONNX-HITNET-Stereo-Depth-estimation/doc/img) by extensions ['python_setup_py']
[0.271s] Level 1:colcon.colcon_core.package_identification:_identify(libs/ONNX-HITNET-Stereo-Depth-estimation/doc/img) by extension 'python_setup_py'
[0.271s] Level 1:colcon.colcon_core.package_identification:_identify(libs/ONNX-HITNET-Stereo-Depth-estimation/hitnet) by extensions ['ignore', 'ignore_ament_install']
[0.271s] Level 1:colcon.colcon_core.package_identification:_identify(libs/ONNX-HITNET-Stereo-Depth-estimation/hitnet) by extension 'ignore'
[0.271s] Level 1:colcon.colcon_core.package_identification:_identify(libs/ONNX-HITNET-Stereo-Depth-estimation/hitnet) by extension 'ignore_ament_install'
[0.271s] Level 1:colcon.colcon_core.package_identification:_identify(libs/ONNX-HITNET-Stereo-Depth-estimation/hitnet) by extensions ['colcon_pkg']
[0.271s] Level 1:colcon.colcon_core.package_identification:_identify(libs/ONNX-HITNET-Stereo-Depth-estimation/hitnet) by extension 'colcon_pkg'
[0.271s] Level 1:colcon.colcon_core.package_identification:_identify(libs/ONNX-HITNET-Stereo-Depth-estimation/hitnet) by extensions ['colcon_meta']
[0.271s] Level 1:colcon.colcon_core.package_identification:_identify(libs/ONNX-HITNET-Stereo-Depth-estimation/hitnet) by extension 'colcon_meta'
[0.271s] Level 1:colcon.colcon_core.package_identification:_identify(libs/ONNX-HITNET-Stereo-Depth-estimation/hitnet) by extensions ['ros']
[0.271s] Level 1:colcon.colcon_core.package_identification:_identify(libs/ONNX-HITNET-Stereo-Depth-estimation/hitnet) by extension 'ros'
[0.271s] Level 1:colcon.colcon_core.package_identification:_identify(libs/ONNX-HITNET-Stereo-Depth-estimation/hitnet) by extensions ['cmake', 'python']
[0.271s] Level 1:colcon.colcon_core.package_identification:_identify(libs/ONNX-HITNET-Stereo-Depth-estimation/hitnet) by extension 'cmake'
[0.271s] Level 1:colcon.colcon_core.package_identification:_identify(libs/ONNX-HITNET-Stereo-Depth-estimation/hitnet) by extension 'python'
[0.271s] Level 1:colcon.colcon_core.package_identification:_identify(libs/ONNX-HITNET-Stereo-Depth-estimation/hitnet) by extensions ['python_setup_py']
[0.271s] Level 1:colcon.colcon_core.package_identification:_identify(libs/ONNX-HITNET-Stereo-Depth-estimation/hitnet) by extension 'python_setup_py'
[0.271s] Level 1:colcon.colcon_core.package_identification:_identify(libs/ONNX-HITNET-Stereo-Depth-estimation/models) by extensions ['ignore', 'ignore_ament_install']
[0.271s] Level 1:colcon.colcon_core.package_identification:_identify(libs/ONNX-HITNET-Stereo-Depth-estimation/models) by extension 'ignore'
[0.271s] Level 1:colcon.colcon_core.package_identification:_identify(libs/ONNX-HITNET-Stereo-Depth-estimation/models) by extension 'ignore_ament_install'
[0.272s] Level 1:colcon.colcon_core.package_identification:_identify(libs/ONNX-HITNET-Stereo-Depth-estimation/models) by extensions ['colcon_pkg']
[0.272s] Level 1:colcon.colcon_core.package_identification:_identify(libs/ONNX-HITNET-Stereo-Depth-estimation/models) by extension 'colcon_pkg'
[0.272s] Level 1:colcon.colcon_core.package_identification:_identify(libs/ONNX-HITNET-Stereo-Depth-estimation/models) by extensions ['colcon_meta']
[0.272s] Level 1:colcon.colcon_core.package_identification:_identify(libs/ONNX-HITNET-Stereo-Depth-estimation/models) by extension 'colcon_meta'
[0.272s] Level 1:colcon.colcon_core.package_identification:_identify(libs/ONNX-HITNET-Stereo-Depth-estimation/models) by extensions ['ros']
[0.272s] Level 1:colcon.colcon_core.package_identification:_identify(libs/ONNX-HITNET-Stereo-Depth-estimation/models) by extension 'ros'
[0.272s] Level 1:colcon.colcon_core.package_identification:_identify(libs/ONNX-HITNET-Stereo-Depth-estimation/models) by extensions ['cmake', 'python']
[0.272s] Level 1:colcon.colcon_core.package_identification:_identify(libs/ONNX-HITNET-Stereo-Depth-estimation/models) by extension 'cmake'
[0.272s] Level 1:colcon.colcon_core.package_identification:_identify(libs/ONNX-HITNET-Stereo-Depth-estimation/models) by extension 'python'
[0.272s] Level 1:colcon.colcon_core.package_identification:_identify(libs/ONNX-HITNET-Stereo-Depth-estimation/models) by extensions ['python_setup_py']
[0.272s] Level 1:colcon.colcon_core.package_identification:_identify(libs/ONNX-HITNET-Stereo-Depth-estimation/models) by extension 'python_setup_py'
[0.272s] Level 1:colcon.colcon_core.package_identification:_identify(log) by extensions ['ignore', 'ignore_ament_install']
[0.272s] Level 1:colcon.colcon_core.package_identification:_identify(log) by extension 'ignore'
[0.272s] Level 1:colcon.colcon_core.package_identification:_identify(log) ignored
[0.272s] Level 1:colcon.colcon_core.package_identification:_identify(src) by extensions ['ignore', 'ignore_ament_install']
[0.272s] Level 1:colcon.colcon_core.package_identification:_identify(src) by extension 'ignore'
[0.272s] Level 1:colcon.colcon_core.package_identification:_identify(src) by extension 'ignore_ament_install'
[0.272s] Level 1:colcon.colcon_core.package_identification:_identify(src) by extensions ['colcon_pkg']
[0.272s] Level 1:colcon.colcon_core.package_identification:_identify(src) by extension 'colcon_pkg'
[0.272s] Level 1:colcon.colcon_core.package_identification:_identify(src) by extensions ['colcon_meta']
[0.272s] Level 1:colcon.colcon_core.package_identification:_identify(src) by extension 'colcon_meta'
[0.272s] Level 1:colcon.colcon_core.package_identification:_identify(src) by extensions ['ros']
[0.272s] Level 1:colcon.colcon_core.package_identification:_identify(src) by extension 'ros'
[0.272s] Level 1:colcon.colcon_core.package_identification:_identify(src) by extensions ['cmake', 'python']
[0.272s] Level 1:colcon.colcon_core.package_identification:_identify(src) by extension 'cmake'
[0.272s] Level 1:colcon.colcon_core.package_identification:_identify(src) by extension 'python'
[0.272s] Level 1:colcon.colcon_core.package_identification:_identify(src) by extensions ['python_setup_py']
[0.272s] Level 1:colcon.colcon_core.package_identification:_identify(src) by extension 'python_setup_py'
[0.273s] Level 1:colcon.colcon_core.package_identification:_identify(src/camera_ros) by extensions ['ignore', 'ignore_ament_install']
[0.273s] Level 1:colcon.colcon_core.package_identification:_identify(src/camera_ros) by extension 'ignore'
[0.273s] Level 1:colcon.colcon_core.package_identification:_identify(src/camera_ros) by extension 'ignore_ament_install'
[0.273s] Level 1:colcon.colcon_core.package_identification:_identify(src/camera_ros) by extensions ['colcon_pkg']
[0.273s] Level 1:colcon.colcon_core.package_identification:_identify(src/camera_ros) by extension 'colcon_pkg'
[0.273s] Level 1:colcon.colcon_core.package_identification:_identify(src/camera_ros) by extensions ['colcon_meta']
[0.273s] Level 1:colcon.colcon_core.package_identification:_identify(src/camera_ros) by extension 'colcon_meta'
[0.273s] Level 1:colcon.colcon_core.package_identification:_identify(src/camera_ros) by extensions ['ros']
[0.273s] Level 1:colcon.colcon_core.package_identification:_identify(src/camera_ros) by extension 'ros'
[0.278s] DEBUG:colcon.colcon_core.package_identification:Package 'src/camera_ros' with type 'ros.ament_cmake' and name 'camera_ros'
[0.278s] Level 1:colcon.colcon_core.package_identification:_identify(src/cave_cameras) by extensions ['ignore', 'ignore_ament_install']
[0.278s] Level 1:colcon.colcon_core.package_identification:_identify(src/cave_cameras) by extension 'ignore'
[0.278s] Level 1:colcon.colcon_core.package_identification:_identify(src/cave_cameras) by extension 'ignore_ament_install'
[0.278s] Level 1:colcon.colcon_core.package_identification:_identify(src/cave_cameras) by extensions ['colcon_pkg']
[0.278s] Level 1:colcon.colcon_core.package_identification:_identify(src/cave_cameras) by extension 'colcon_pkg'
[0.278s] Level 1:colcon.colcon_core.package_identification:_identify(src/cave_cameras) by extensions ['colcon_meta']
[0.278s] Level 1:colcon.colcon_core.package_identification:_identify(src/cave_cameras) by extension 'colcon_meta'
[0.278s] Level 1:colcon.colcon_core.package_identification:_identify(src/cave_cameras) by extensions ['ros']
[0.278s] Level 1:colcon.colcon_core.package_identification:_identify(src/cave_cameras) by extension 'ros'
[0.279s] DEBUG:colcon.colcon_core.package_identification:Package 'src/cave_cameras' with type 'ros.ament_python' and name 'cave_cameras'
[0.279s] Level 1:colcon.colcon_core.package_identification:_identify(src/cave_depth) by extensions ['ignore', 'ignore_ament_install']
[0.279s] Level 1:colcon.colcon_core.package_identification:_identify(src/cave_depth) by extension 'ignore'
[0.279s] Level 1:colcon.colcon_core.package_identification:_identify(src/cave_depth) by extension 'ignore_ament_install'
[0.279s] Level 1:colcon.colcon_core.package_identification:_identify(src/cave_depth) by extensions ['colcon_pkg']
[0.279s] Level 1:colcon.colcon_core.package_identification:_identify(src/cave_depth) by extension 'colcon_pkg'
[0.279s] Level 1:colcon.colcon_core.package_identification:_identify(src/cave_depth) by extensions ['colcon_meta']
[0.279s] Level 1:colcon.colcon_core.package_identification:_identify(src/cave_depth) by extension 'colcon_meta'
[0.279s] Level 1:colcon.colcon_core.package_identification:_identify(src/cave_depth) by extensions ['ros']
[0.279s] Level 1:colcon.colcon_core.package_identification:_identify(src/cave_depth) by extension 'ros'
[0.279s] DEBUG:colcon.colcon_core.package_identification:Package 'src/cave_depth' with type 'ros.ament_python' and name 'cave_depth'
[0.279s] Level 1:colcon.colcon_core.package_identification:_identify(src/depthimage_to_laserscan) by extensions ['ignore', 'ignore_ament_install']
[0.279s] Level 1:colcon.colcon_core.package_identification:_identify(src/depthimage_to_laserscan) by extension 'ignore'
[0.279s] Level 1:colcon.colcon_core.package_identification:_identify(src/depthimage_to_laserscan) by extension 'ignore_ament_install'
[0.280s] Level 1:colcon.colcon_core.package_identification:_identify(src/depthimage_to_laserscan) by extensions ['colcon_pkg']
[0.280s] Level 1:colcon.colcon_core.package_identification:_identify(src/depthimage_to_laserscan) by extension 'colcon_pkg'
[0.280s] Level 1:colcon.colcon_core.package_identification:_identify(src/depthimage_to_laserscan) by extensions ['colcon_meta']
[0.280s] Level 1:colcon.colcon_core.package_identification:_identify(src/depthimage_to_laserscan) by extension 'colcon_meta'
[0.280s] Level 1:colcon.colcon_core.package_identification:_identify(src/depthimage_to_laserscan) by extensions ['ros']
[0.280s] Level 1:colcon.colcon_core.package_identification:_identify(src/depthimage_to_laserscan) by extension 'ros'
[0.280s] DEBUG:colcon.colcon_core.package_identification:Package 'src/depthimage_to_laserscan' with type 'ros.ament_cmake' and name 'depthimage_to_laserscan'
[0.280s] Level 1:colcon.colcon_core.package_identification:_identify(src/image_pipeline) by extensions ['ignore', 'ignore_ament_install']
[0.280s] Level 1:colcon.colcon_core.package_identification:_identify(src/image_pipeline) by extension 'ignore'
[0.280s] Level 1:colcon.colcon_core.package_identification:_identify(src/image_pipeline) by extension 'ignore_ament_install'
[0.281s] Level 1:colcon.colcon_core.package_identification:_identify(src/image_pipeline) by extensions ['colcon_pkg']
[0.281s] Level 1:colcon.colcon_core.package_identification:_identify(src/image_pipeline) by extension 'colcon_pkg'
[0.281s] Level 1:colcon.colcon_core.package_identification:_identify(src/image_pipeline) by extensions ['colcon_meta']
[0.281s] Level 1:colcon.colcon_core.package_identification:_identify(src/image_pipeline) by extension 'colcon_meta'
[0.281s] Level 1:colcon.colcon_core.package_identification:_identify(src/image_pipeline) by extensions ['ros']
[0.281s] Level 1:colcon.colcon_core.package_identification:_identify(src/image_pipeline) by extension 'ros'
[0.281s] Level 1:colcon.colcon_core.package_identification:_identify(src/image_pipeline) by extensions ['cmake', 'python']
[0.281s] Level 1:colcon.colcon_core.package_identification:_identify(src/image_pipeline) by extension 'cmake'
[0.281s] Level 1:colcon.colcon_core.package_identification:_identify(src/image_pipeline) by extension 'python'
[0.281s] Level 1:colcon.colcon_core.package_identification:_identify(src/image_pipeline) by extensions ['python_setup_py']
[0.281s] Level 1:colcon.colcon_core.package_identification:_identify(src/image_pipeline) by extension 'python_setup_py'
[0.281s] Level 1:colcon.colcon_core.package_identification:_identify(src/image_pipeline/camera_calibration) by extensions ['ignore', 'ignore_ament_install']
[0.281s] Level 1:colcon.colcon_core.package_identification:_identify(src/image_pipeline/camera_calibration) by extension 'ignore'
[0.281s] Level 1:colcon.colcon_core.package_identification:_identify(src/image_pipeline/camera_calibration) by extension 'ignore_ament_install'
[0.281s] Level 1:colcon.colcon_core.package_identification:_identify(src/image_pipeline/camera_calibration) by extensions ['colcon_pkg']
[0.281s] Level 1:colcon.colcon_core.package_identification:_identify(src/image_pipeline/camera_calibration) by extension 'colcon_pkg'
[0.281s] Level 1:colcon.colcon_core.package_identification:_identify(src/image_pipeline/camera_calibration) by extensions ['colcon_meta']
[0.281s] Level 1:colcon.colcon_core.package_identification:_identify(src/image_pipeline/camera_calibration) by extension 'colcon_meta'
[0.281s] Level 1:colcon.colcon_core.package_identification:_identify(src/image_pipeline/camera_calibration) by extensions ['ros']
[0.281s] Level 1:colcon.colcon_core.package_identification:_identify(src/image_pipeline/camera_calibration) by extension 'ros'
[0.282s] DEBUG:colcon.colcon_core.package_identification:Package 'src/image_pipeline/camera_calibration' with type 'ros.ament_python' and name 'camera_calibration'
[0.282s] Level 1:colcon.colcon_core.package_identification:_identify(src/image_pipeline/depth_image_proc) by extensions ['ignore', 'ignore_ament_install']
[0.282s] Level 1:colcon.colcon_core.package_identification:_identify(src/image_pipeline/depth_image_proc) by extension 'ignore'
[0.282s] Level 1:colcon.colcon_core.package_identification:_identify(src/image_pipeline/depth_image_proc) by extension 'ignore_ament_install'
[0.282s] Level 1:colcon.colcon_core.package_identification:_identify(src/image_pipeline/depth_image_proc) by extensions ['colcon_pkg']
[0.282s] Level 1:colcon.colcon_core.package_identification:_identify(src/image_pipeline/depth_image_proc) by extension 'colcon_pkg'
[0.282s] Level 1:colcon.colcon_core.package_identification:_identify(src/image_pipeline/depth_image_proc) by extensions ['colcon_meta']
[0.282s] Level 1:colcon.colcon_core.package_identification:_identify(src/image_pipeline/depth_image_proc) by extension 'colcon_meta'
[0.282s] Level 1:colcon.colcon_core.package_identification:_identify(src/image_pipeline/depth_image_proc) by extensions ['ros']
[0.282s] Level 1:colcon.colcon_core.package_identification:_identify(src/image_pipeline/depth_image_proc) by extension 'ros'
[0.283s] DEBUG:colcon.colcon_core.package_identification:Package 'src/image_pipeline/depth_image_proc' with type 'ros.ament_cmake' and name 'depth_image_proc'
[0.283s] Level 1:colcon.colcon_core.package_identification:_identify(src/image_pipeline/image_pipeline) by extensions ['ignore', 'ignore_ament_install']
[0.283s] Level 1:colcon.colcon_core.package_identification:_identify(src/image_pipeline/image_pipeline) by extension 'ignore'
[0.283s] Level 1:colcon.colcon_core.package_identification:_identify(src/image_pipeline/image_pipeline) by extension 'ignore_ament_install'
[0.283s] Level 1:colcon.colcon_core.package_identification:_identify(src/image_pipeline/image_pipeline) by extensions ['colcon_pkg']
[0.283s] Level 1:colcon.colcon_core.package_identification:_identify(src/image_pipeline/image_pipeline) by extension 'colcon_pkg'
[0.283s] Level 1:colcon.colcon_core.package_identification:_identify(src/image_pipeline/image_pipeline) by extensions ['colcon_meta']
[0.284s] Level 1:colcon.colcon_core.package_identification:_identify(src/image_pipeline/image_pipeline) by extension 'colcon_meta'
[0.284s] Level 1:colcon.colcon_core.package_identification:_identify(src/image_pipeline/image_pipeline) by extensions ['ros']
[0.284s] Level 1:colcon.colcon_core.package_identification:_identify(src/image_pipeline/image_pipeline) by extension 'ros'
[0.284s] DEBUG:colcon.colcon_core.package_identification:Package 'src/image_pipeline/image_pipeline' with type 'ros.ament_cmake' and name 'image_pipeline'
[0.284s] Level 1:colcon.colcon_core.package_identification:_identify(src/image_pipeline/image_proc) by extensions ['ignore', 'ignore_ament_install']
[0.284s] Level 1:colcon.colcon_core.package_identification:_identify(src/image_pipeline/image_proc) by extension 'ignore'
[0.284s] Level 1:colcon.colcon_core.package_identification:_identify(src/image_pipeline/image_proc) by extension 'ignore_ament_install'
[0.284s] Level 1:colcon.colcon_core.package_identification:_identify(src/image_pipeline/image_proc) by extensions ['colcon_pkg']
[0.284s] Level 1:colcon.colcon_core.package_identification:_identify(src/image_pipeline/image_proc) by extension 'colcon_pkg'
[0.284s] Level 1:colcon.colcon_core.package_identification:_identify(src/image_pipeline/image_proc) by extensions ['colcon_meta']
[0.284s] Level 1:colcon.colcon_core.package_identification:_identify(src/image_pipeline/image_proc) by extension 'colcon_meta'
[0.284s] Level 1:colcon.colcon_core.package_identification:_identify(src/image_pipeline/image_proc) by extensions ['ros']
[0.284s] Level 1:colcon.colcon_core.package_identification:_identify(src/image_pipeline/image_proc) by extension 'ros'
[0.285s] DEBUG:colcon.colcon_core.package_identification:Package 'src/image_pipeline/image_proc' with type 'ros.ament_cmake' and name 'image_proc'
[0.286s] Level 1:colcon.colcon_core.package_identification:_identify(src/image_pipeline/image_publisher) by extensions ['ignore', 'ignore_ament_install']
[0.286s] Level 1:colcon.colcon_core.package_identification:_identify(src/image_pipeline/image_publisher) by extension 'ignore'
[0.286s] Level 1:colcon.colcon_core.package_identification:_identify(src/image_pipeline/image_publisher) by extension 'ignore_ament_install'
[0.286s] Level 1:colcon.colcon_core.package_identification:_identify(src/image_pipeline/image_publisher) by extensions ['colcon_pkg']
[0.286s] Level 1:colcon.colcon_core.package_identification:_identify(src/image_pipeline/image_publisher) by extension 'colcon_pkg'
[0.286s] Level 1:colcon.colcon_core.package_identification:_identify(src/image_pipeline/image_publisher) by extensions ['colcon_meta']
[0.286s] Level 1:colcon.colcon_core.package_identification:_identify(src/image_pipeline/image_publisher) by extension 'colcon_meta'
[0.286s] Level 1:colcon.colcon_core.package_identification:_identify(src/image_pipeline/image_publisher) by extensions ['ros']
[0.286s] Level 1:colcon.colcon_core.package_identification:_identify(src/image_pipeline/image_publisher) by extension 'ros'
[0.286s] DEBUG:colcon.colcon_core.package_identification:Package 'src/image_pipeline/image_publisher' with type 'ros.ament_cmake' and name 'image_publisher'
[0.287s] Level 1:colcon.colcon_core.package_identification:_identify(src/image_pipeline/image_rotate) by extensions ['ignore', 'ignore_ament_install']
[0.287s] Level 1:colcon.colcon_core.package_identification:_identify(src/image_pipeline/image_rotate) by extension 'ignore'
[0.287s] Level 1:colcon.colcon_core.package_identification:_identify(src/image_pipeline/image_rotate) by extension 'ignore_ament_install'
[0.287s] Level 1:colcon.colcon_core.package_identification:_identify(src/image_pipeline/image_rotate) by extensions ['colcon_pkg']
[0.287s] Level 1:colcon.colcon_core.package_identification:_identify(src/image_pipeline/image_rotate) by extension 'colcon_pkg'
[0.287s] Level 1:colcon.colcon_core.package_identification:_identify(src/image_pipeline/image_rotate) by extensions ['colcon_meta']
[0.287s] Level 1:colcon.colcon_core.package_identification:_identify(src/image_pipeline/image_rotate) by extension 'colcon_meta'
[0.287s] Level 1:colcon.colcon_core.package_identification:_identify(src/image_pipeline/image_rotate) by extensions ['ros']
[0.287s] Level 1:colcon.colcon_core.package_identification:_identify(src/image_pipeline/image_rotate) by extension 'ros'
[0.288s] DEBUG:colcon.colcon_core.package_identification:Package 'src/image_pipeline/image_rotate' with type 'ros.ament_cmake' and name 'image_rotate'
[0.288s] Level 1:colcon.colcon_core.package_identification:_identify(src/image_pipeline/image_view) by extensions ['ignore', 'ignore_ament_install']
[0.288s] Level 1:colcon.colcon_core.package_identification:_identify(src/image_pipeline/image_view) by extension 'ignore'
[0.288s] Level 1:colcon.colcon_core.package_identification:_identify(src/image_pipeline/image_view) by extension 'ignore_ament_install'
[0.288s] Level 1:colcon.colcon_core.package_identification:_identify(src/image_pipeline/image_view) by extensions ['colcon_pkg']
[0.288s] Level 1:colcon.colcon_core.package_identification:_identify(src/image_pipeline/image_view) by extension 'colcon_pkg'
[0.288s] Level 1:colcon.colcon_core.package_identification:_identify(src/image_pipeline/image_view) by extensions ['colcon_meta']
[0.288s] Level 1:colcon.colcon_core.package_identification:_identify(src/image_pipeline/image_view) by extension 'colcon_meta'
[0.288s] Level 1:colcon.colcon_core.package_identification:_identify(src/image_pipeline/image_view) by extensions ['ros']
[0.288s] Level 1:colcon.colcon_core.package_identification:_identify(src/image_pipeline/image_view) by extension 'ros'
[0.289s] DEBUG:colcon.colcon_core.package_identification:Package 'src/image_pipeline/image_view' with type 'ros.ament_cmake' and name 'image_view'
[0.289s] Level 1:colcon.colcon_core.package_identification:_identify(src/image_pipeline/stereo_image_proc) by extensions ['ignore', 'ignore_ament_install']
[0.289s] Level 1:colcon.colcon_core.package_identification:_identify(src/image_pipeline/stereo_image_proc) by extension 'ignore'
[0.289s] Level 1:colcon.colcon_core.package_identification:_identify(src/image_pipeline/stereo_image_proc) by extension 'ignore_ament_install'
[0.289s] Level 1:colcon.colcon_core.package_identification:_identify(src/image_pipeline/stereo_image_proc) by extensions ['colcon_pkg']
[0.289s] Level 1:colcon.colcon_core.package_identification:_identify(src/image_pipeline/stereo_image_proc) by extension 'colcon_pkg'
[0.289s] Level 1:colcon.colcon_core.package_identification:_identify(src/image_pipeline/stereo_image_proc) by extensions ['colcon_meta']
[0.289s] Level 1:colcon.colcon_core.package_identification:_identify(src/image_pipeline/stereo_image_proc) by extension 'colcon_meta'
[0.289s] Level 1:colcon.colcon_core.package_identification:_identify(src/image_pipeline/stereo_image_proc) by extensions ['ros']
[0.289s] Level 1:colcon.colcon_core.package_identification:_identify(src/image_pipeline/stereo_image_proc) by extension 'ros'
[0.290s] DEBUG:colcon.colcon_core.package_identification:Package 'src/image_pipeline/stereo_image_proc' with type 'ros.ament_cmake' and name 'stereo_image_proc'
[0.290s] Level 1:colcon.colcon_core.package_identification:_identify(src/image_pipeline/tools) by extensions ['ignore', 'ignore_ament_install']
[0.290s] Level 1:colcon.colcon_core.package_identification:_identify(src/image_pipeline/tools) by extension 'ignore'
[0.290s] Level 1:colcon.colcon_core.package_identification:_identify(src/image_pipeline/tools) by extension 'ignore_ament_install'
[0.291s] Level 1:colcon.colcon_core.package_identification:_identify(src/image_pipeline/tools) by extensions ['colcon_pkg']
[0.291s] Level 1:colcon.colcon_core.package_identification:_identify(src/image_pipeline/tools) by extension 'colcon_pkg'
[0.291s] Level 1:colcon.colcon_core.package_identification:_identify(src/image_pipeline/tools) by extensions ['colcon_meta']
[0.291s] Level 1:colcon.colcon_core.package_identification:_identify(src/image_pipeline/tools) by extension 'colcon_meta'
[0.291s] Level 1:colcon.colcon_core.package_identification:_identify(src/image_pipeline/tools) by extensions ['ros']
[0.291s] Level 1:colcon.colcon_core.package_identification:_identify(src/image_pipeline/tools) by extension 'ros'
[0.291s] Level 1:colcon.colcon_core.package_identification:_identify(src/image_pipeline/tools) by extensions ['cmake', 'python']
[0.291s] Level 1:colcon.colcon_core.package_identification:_identify(src/image_pipeline/tools) by extension 'cmake'
[0.291s] Level 1:colcon.colcon_core.package_identification:_identify(src/image_pipeline/tools) by extension 'python'
[0.291s] Level 1:colcon.colcon_core.package_identification:_identify(src/image_pipeline/tools) by extensions ['python_setup_py']
[0.291s] Level 1:colcon.colcon_core.package_identification:_identify(src/image_pipeline/tools) by extension 'python_setup_py'
[0.291s] Level 1:colcon.colcon_core.package_identification:_identify(src/image_pipeline/tracetools_image_pipeline) by extensions ['ignore', 'ignore_ament_install']
[0.291s] Level 1:colcon.colcon_core.package_identification:_identify(src/image_pipeline/tracetools_image_pipeline) by extension 'ignore'
[0.291s] Level 1:colcon.colcon_core.package_identification:_identify(src/image_pipeline/tracetools_image_pipeline) by extension 'ignore_ament_install'
[0.291s] Level 1:colcon.colcon_core.package_identification:_identify(src/image_pipeline/tracetools_image_pipeline) by extensions ['colcon_pkg']
[0.291s] Level 1:colcon.colcon_core.package_identification:_identify(src/image_pipeline/tracetools_image_pipeline) by extension 'colcon_pkg'
[0.291s] Level 1:colcon.colcon_core.package_identification:_identify(src/image_pipeline/tracetools_image_pipeline) by extensions ['colcon_meta']
[0.291s] Level 1:colcon.colcon_core.package_identification:_identify(src/image_pipeline/tracetools_image_pipeline) by extension 'colcon_meta'
[0.291s] Level 1:colcon.colcon_core.package_identification:_identify(src/image_pipeline/tracetools_image_pipeline) by extensions ['ros']
[0.291s] Level 1:colcon.colcon_core.package_identification:_identify(src/image_pipeline/tracetools_image_pipeline) by extension 'ros'
[0.292s] DEBUG:colcon.colcon_core.package_identification:Package 'src/image_pipeline/tracetools_image_pipeline' with type 'ros.ament_cmake' and name 'tracetools_image_pipeline'
[0.292s] Level 1:colcon.colcon_core.package_identification:_identify(src/image_pipeline/wiki_files) by extensions ['ignore', 'ignore_ament_install']
[0.292s] Level 1:colcon.colcon_core.package_identification:_identify(src/image_pipeline/wiki_files) by extension 'ignore'
[0.292s] Level 1:colcon.colcon_core.package_identification:_identify(src/image_pipeline/wiki_files) by extension 'ignore_ament_install'
[0.292s] Level 1:colcon.colcon_core.package_identification:_identify(src/image_pipeline/wiki_files) by extensions ['colcon_pkg']
[0.292s] Level 1:colcon.colcon_core.package_identification:_identify(src/image_pipeline/wiki_files) by extension 'colcon_pkg'
[0.292s] Level 1:colcon.colcon_core.package_identification:_identify(src/image_pipeline/wiki_files) by extensions ['colcon_meta']
[0.292s] Level 1:colcon.colcon_core.package_identification:_identify(src/image_pipeline/wiki_files) by extension 'colcon_meta'
[0.292s] Level 1:colcon.colcon_core.package_identification:_identify(src/image_pipeline/wiki_files) by extensions ['ros']
[0.292s] Level 1:colcon.colcon_core.package_identification:_identify(src/image_pipeline/wiki_files) by extension 'ros'
[0.292s] Level 1:colcon.colcon_core.package_identification:_identify(src/image_pipeline/wiki_files) by extensions ['cmake', 'python']
[0.292s] Level 1:colcon.colcon_core.package_identification:_identify(src/image_pipeline/wiki_files) by extension 'cmake'
[0.292s] Level 1:colcon.colcon_core.package_identification:_identify(src/image_pipeline/wiki_files) by extension 'python'
[0.292s] Level 1:colcon.colcon_core.package_identification:_identify(src/image_pipeline/wiki_files) by extensions ['python_setup_py']
[0.292s] Level 1:colcon.colcon_core.package_identification:_identify(src/image_pipeline/wiki_files) by extension 'python_setup_py'
[0.292s] Level 1:colcon.colcon_core.package_identification:_identify(src/libcamera) by extensions ['ignore', 'ignore_ament_install']
[0.292s] Level 1:colcon.colcon_core.package_identification:_identify(src/libcamera) by extension 'ignore'
[0.293s] Level 1:colcon.colcon_core.package_identification:_identify(src/libcamera) by extension 'ignore_ament_install'
[0.293s] Level 1:colcon.colcon_core.package_identification:_identify(src/libcamera) by extensions ['colcon_pkg']
[0.293s] Level 1:colcon.colcon_core.package_identification:_identify(src/libcamera) by extension 'colcon_pkg'
[0.293s] Level 1:colcon.colcon_core.package_identification:_identify(src/libcamera) by extensions ['colcon_meta']
[0.293s] Level 1:colcon.colcon_core.package_identification:_identify(src/libcamera) by extension 'colcon_meta'
[0.293s] Level 1:colcon.colcon_core.package_identification:_identify(src/libcamera) by extensions ['ros']
[0.293s] Level 1:colcon.colcon_core.package_identification:_identify(src/libcamera) by extension 'ros'
[0.293s] Level 1:colcon.colcon_core.package_identification:_identify(src/libcamera) by extensions ['cmake', 'python']
[0.293s] Level 1:colcon.colcon_core.package_identification:_identify(src/libcamera) by extension 'cmake'
[0.293s] Level 1:colcon.colcon_core.package_identification:_identify(src/libcamera) by extension 'python'
[0.293s] Level 1:colcon.colcon_core.package_identification:_identify(src/libcamera) by extensions ['python_setup_py']
[0.293s] Level 1:colcon.colcon_core.package_identification:_identify(src/libcamera) by extension 'python_setup_py'
[0.293s] Level 1:colcon.colcon_core.package_identification:_identify(src/libcamera/Documentation) by extensions ['ignore', 'ignore_ament_install']
[0.293s] Level 1:colcon.colcon_core.package_identification:_identify(src/libcamera/Documentation) by extension 'ignore'
[0.293s] Level 1:colcon.colcon_core.package_identification:_identify(src/libcamera/Documentation) by extension 'ignore_ament_install'
[0.293s] Level 1:colcon.colcon_core.package_identification:_identify(src/libcamera/Documentation) by extensions ['colcon_pkg']
[0.293s] Level 1:colcon.colcon_core.package_identification:_identify(src/libcamera/Documentation) by extension 'colcon_pkg'
[0.293s] Level 1:colcon.colcon_core.package_identification:_identify(src/libcamera/Documentation) by extensions ['colcon_meta']
[0.293s] Level 1:colcon.colcon_core.package_identification:_identify(src/libcamera/Documentation) by extension 'colcon_meta'
[0.293s] Level 1:colcon.colcon_core.package_identification:_identify(src/libcamera/Documentation) by extensions ['ros']
[0.293s] Level 1:colcon.colcon_core.package_identification:_identify(src/libcamera/Documentation) by extension 'ros'
[0.293s] Level 1:colcon.colcon_core.package_identification:_identify(src/libcamera/Documentation) by extensions ['cmake', 'python']
[0.293s] Level 1:colcon.colcon_core.package_identification:_identify(src/libcamera/Documentation) by extension 'cmake'
[0.294s] Level 1:colcon.colcon_core.package_identification:_identify(src/libcamera/Documentation) by extension 'python'
[0.294s] Level 1:colcon.colcon_core.package_identification:_identify(src/libcamera/Documentation) by extensions ['python_setup_py']
[0.294s] Level 1:colcon.colcon_core.package_identification:_identify(src/libcamera/Documentation) by extension 'python_setup_py'
[0.294s] Level 1:colcon.colcon_core.package_identification:_identify(src/libcamera/Documentation/api-html) by extensions ['ignore', 'ignore_ament_install']
[0.294s] Level 1:colcon.colcon_core.package_identification:_identify(src/libcamera/Documentation/api-html) by extension 'ignore'
[0.294s] Level 1:colcon.colcon_core.package_identification:_identify(src/libcamera/Documentation/api-html) by extension 'ignore_ament_install'
[0.294s] Level 1:colcon.colcon_core.package_identification:_identify(src/libcamera/Documentation/api-html) by extensions ['colcon_pkg']
[0.294s] Level 1:colcon.colcon_core.package_identification:_identify(src/libcamera/Documentation/api-html) by extension 'colcon_pkg'
[0.294s] Level 1:colcon.colcon_core.package_identification:_identify(src/libcamera/Documentation/api-html) by extensions ['colcon_meta']
[0.294s] Level 1:colcon.colcon_core.package_identification:_identify(src/libcamera/Documentation/api-html) by extension 'colcon_meta'
[0.294s] Level 1:colcon.colcon_core.package_identification:_identify(src/libcamera/Documentation/api-html) by extensions ['ros']
[0.294s] Level 1:colcon.colcon_core.package_identification:_identify(src/libcamera/Documentation/api-html) by extension 'ros'
[0.294s] Level 1:colcon.colcon_core.package_identification:_identify(src/libcamera/Documentation/api-html) by extensions ['cmake', 'python']
[0.294s] Level 1:colcon.colcon_core.package_identification:_identify(src/libcamera/Documentation/api-html) by extension 'cmake'
[0.294s] Level 1:colcon.colcon_core.package_identification:_identify(src/libcamera/Documentation/api-html) by extension 'python'
[0.294s] Level 1:colcon.colcon_core.package_identification:_identify(src/libcamera/Documentation/api-html) by extensions ['python_setup_py']
[0.294s] Level 1:colcon.colcon_core.package_identification:_identify(src/libcamera/Documentation/api-html) by extension 'python_setup_py'
[0.294s] Level 1:colcon.colcon_core.package_identification:_identify(src/libcamera/Documentation/design) by extensions ['ignore', 'ignore_ament_install']
[0.294s] Level 1:colcon.colcon_core.package_identification:_identify(src/libcamera/Documentation/design) by extension 'ignore'
[0.294s] Level 1:colcon.colcon_core.package_identification:_identify(src/libcamera/Documentation/design) by extension 'ignore_ament_install'
[0.294s] Level 1:colcon.colcon_core.package_identification:_identify(src/libcamera/Documentation/design) by extensions ['colcon_pkg']
[0.294s] Level 1:colcon.colcon_core.package_identification:_identify(src/libcamera/Documentation/design) by extension 'colcon_pkg'
[0.294s] Level 1:colcon.colcon_core.package_identification:_identify(src/libcamera/Documentation/design) by extensions ['colcon_meta']
[0.295s] Level 1:colcon.colcon_core.package_identification:_identify(src/libcamera/Documentation/design) by extension 'colcon_meta'
[0.295s] Level 1:colcon.colcon_core.package_identification:_identify(src/libcamera/Documentation/design) by extensions ['ros']
[0.295s] Level 1:colcon.colcon_core.package_identification:_identify(src/libcamera/Documentation/design) by extension 'ros'
[0.295s] Level 1:colcon.colcon_core.package_identification:_identify(src/libcamera/Documentation/design) by extensions ['cmake', 'python']
[0.295s] Level 1:colcon.colcon_core.package_identification:_identify(src/libcamera/Documentation/design) by extension 'cmake'
[0.295s] Level 1:colcon.colcon_core.package_identification:_identify(src/libcamera/Documentation/design) by extension 'python'
[0.295s] Level 1:colcon.colcon_core.package_identification:_identify(src/libcamera/Documentation/design) by extensions ['python_setup_py']
[0.295s] Level 1:colcon.colcon_core.package_identification:_identify(src/libcamera/Documentation/design) by extension 'python_setup_py'
[0.295s] Level 1:colcon.colcon_core.package_identification:_identify(src/libcamera/Documentation/guides) by extensions ['ignore', 'ignore_ament_install']
[0.295s] Level 1:colcon.colcon_core.package_identification:_identify(src/libcamera/Documentation/guides) by extension 'ignore'
[0.295s] Level 1:colcon.colcon_core.package_identification:_identify(src/libcamera/Documentation/guides) by extension 'ignore_ament_install'
[0.295s] Level 1:colcon.colcon_core.package_identification:_identify(src/libcamera/Documentation/guides) by extensions ['colcon_pkg']
[0.295s] Level 1:colcon.colcon_core.package_identification:_identify(src/libcamera/Documentation/guides) by extension 'colcon_pkg'
[0.295s] Level 1:colcon.colcon_core.package_identification:_identify(src/libcamera/Documentation/guides) by extensions ['colcon_meta']
[0.295s] Level 1:colcon.colcon_core.package_identification:_identify(src/libcamera/Documentation/guides) by extension 'colcon_meta'
[0.295s] Level 1:colcon.colcon_core.package_identification:_identify(src/libcamera/Documentation/guides) by extensions ['ros']
[0.295s] Level 1:colcon.colcon_core.package_identification:_identify(src/libcamera/Documentation/guides) by extension 'ros'
[0.295s] Level 1:colcon.colcon_core.package_identification:_identify(src/libcamera/Documentation/guides) by extensions ['cmake', 'python']
[0.295s] Level 1:colcon.colcon_core.package_identification:_identify(src/libcamera/Documentation/guides) by extension 'cmake'
[0.295s] Level 1:colcon.colcon_core.package_identification:_identify(src/libcamera/Documentation/guides) by extension 'python'
[0.295s] Level 1:colcon.colcon_core.package_identification:_identify(src/libcamera/Documentation/guides) by extensions ['python_setup_py']
[0.295s] Level 1:colcon.colcon_core.package_identification:_identify(src/libcamera/Documentation/guides) by extension 'python_setup_py'
[0.295s] Level 1:colcon.colcon_core.package_identification:_identify(src/libcamera/Documentation/images) by extensions ['ignore', 'ignore_ament_install']
[0.295s] Level 1:colcon.colcon_core.package_identification:_identify(src/libcamera/Documentation/images) by extension 'ignore'
[0.296s] Level 1:colcon.colcon_core.package_identification:_identify(src/libcamera/Documentation/images) by extension 'ignore_ament_install'
[0.296s] Level 1:colcon.colcon_core.package_identification:_identify(src/libcamera/Documentation/images) by extensions ['colcon_pkg']
[0.296s] Level 1:colcon.colcon_core.package_identification:_identify(src/libcamera/Documentation/images) by extension 'colcon_pkg'
[0.296s] Level 1:colcon.colcon_core.package_identification:_identify(src/libcamera/Documentation/images) by extensions ['colcon_meta']
[0.296s] Level 1:colcon.colcon_core.package_identification:_identify(src/libcamera/Documentation/images) by extension 'colcon_meta'
[0.296s] Level 1:colcon.colcon_core.package_identification:_identify(src/libcamera/Documentation/images) by extensions ['ros']
[0.296s] Level 1:colcon.colcon_core.package_identification:_identify(src/libcamera/Documentation/images) by extension 'ros'
[0.296s] Level 1:colcon.colcon_core.package_identification:_identify(src/libcamera/Documentation/images) by extensions ['cmake', 'python']
[0.296s] Level 1:colcon.colcon_core.package_identification:_identify(src/libcamera/Documentation/images) by extension 'cmake'
[0.296s] Level 1:colcon.colcon_core.package_identification:_identify(src/libcamera/Documentation/images) by extension 'python'
[0.296s] Level 1:colcon.colcon_core.package_identification:_identify(src/libcamera/Documentation/images) by extensions ['python_setup_py']
[0.296s] Level 1:colcon.colcon_core.package_identification:_identify(src/libcamera/Documentation/images) by extension 'python_setup_py'
[0.296s] Level 1:colcon.colcon_core.package_identification:_identify(src/libcamera/Documentation/images/rotation) by extensions ['ignore', 'ignore_ament_install']
[0.296s] Level 1:colcon.colcon_core.package_identification:_identify(src/libcamera/Documentation/images/rotation) by extension 'ignore'
[0.296s] Level 1:colcon.colcon_core.package_identification:_identify(src/libcamera/Documentation/images/rotation) by extension 'ignore_ament_install'
[0.296s] Level 1:colcon.colcon_core.package_identification:_identify(src/libcamera/Documentation/images/rotation) by extensions ['colcon_pkg']
[0.296s] Level 1:colcon.colcon_core.package_identification:_identify(src/libcamera/Documentation/images/rotation) by extension 'colcon_pkg'
[0.296s] Level 1:colcon.colcon_core.package_identification:_identify(src/libcamera/Documentation/images/rotation) by extensions ['colcon_meta']
[0.296s] Level 1:colcon.colcon_core.package_identification:_identify(src/libcamera/Documentation/images/rotation) by extension 'colcon_meta'
[0.296s] Level 1:colcon.colcon_core.package_identification:_identify(src/libcamera/Documentation/images/rotation) by extensions ['ros']
[0.296s] Level 1:colcon.colcon_core.package_identification:_identify(src/libcamera/Documentation/images/rotation) by extension 'ros'
[0.296s] Level 1:colcon.colcon_core.package_identification:_identify(src/libcamera/Documentation/images/rotation) by extensions ['cmake', 'python']
[0.296s] Level 1:colcon.colcon_core.package_identification:_identify(src/libcamera/Documentation/images/rotation) by extension 'cmake'
[0.296s] Level 1:colcon.colcon_core.package_identification:_identify(src/libcamera/Documentation/images/rotation) by extension 'python'
[0.297s] Level 1:colcon.colcon_core.package_identification:_identify(src/libcamera/Documentation/images/rotation) by extensions ['python_setup_py']
[0.297s] Level 1:colcon.colcon_core.package_identification:_identify(src/libcamera/Documentation/images/rotation) by extension 'python_setup_py'
[0.297s] Level 1:colcon.colcon_core.package_identification:_identify(src/libcamera/Documentation/internal-api-html) by extensions ['ignore', 'ignore_ament_install']
[0.297s] Level 1:colcon.colcon_core.package_identification:_identify(src/libcamera/Documentation/internal-api-html) by extension 'ignore'
[0.297s] Level 1:colcon.colcon_core.package_identification:_identify(src/libcamera/Documentation/internal-api-html) by extension 'ignore_ament_install'
[0.297s] Level 1:colcon.colcon_core.package_identification:_identify(src/libcamera/Documentation/internal-api-html) by extensions ['colcon_pkg']
[0.297s] Level 1:colcon.colcon_core.package_identification:_identify(src/libcamera/Documentation/internal-api-html) by extension 'colcon_pkg'
[0.297s] Level 1:colcon.colcon_core.package_identification:_identify(src/libcamera/Documentation/internal-api-html) by extensions ['colcon_meta']
[0.297s] Level 1:colcon.colcon_core.package_identification:_identify(src/libcamera/Documentation/internal-api-html) by extension 'colcon_meta'
[0.297s] Level 1:colcon.colcon_core.package_identification:_identify(src/libcamera/Documentation/internal-api-html) by extensions ['ros']
[0.297s] Level 1:colcon.colcon_core.package_identification:_identify(src/libcamera/Documentation/internal-api-html) by extension 'ros'
[0.297s] Level 1:colcon.colcon_core.package_identification:_identify(src/libcamera/Documentation/internal-api-html) by extensions ['cmake', 'python']
[0.297s] Level 1:colcon.colcon_core.package_identification:_identify(src/libcamera/Documentation/internal-api-html) by extension 'cmake'
[0.297s] Level 1:colcon.colcon_core.package_identification:_identify(src/libcamera/Documentation/internal-api-html) by extension 'python'
[0.297s] Level 1:colcon.colcon_core.package_identification:_identify(src/libcamera/Documentation/internal-api-html) by extensions ['python_setup_py']
[0.297s] Level 1:colcon.colcon_core.package_identification:_identify(src/libcamera/Documentation/internal-api-html) by extension 'python_setup_py'
[0.297s] Level 1:colcon.colcon_core.package_identification:_identify(src/libcamera/Documentation/theme) by extensions ['ignore', 'ignore_ament_install']
[0.297s] Level 1:colcon.colcon_core.package_identification:_identify(src/libcamera/Documentation/theme) by extension 'ignore'
[0.297s] Level 1:colcon.colcon_core.package_identification:_identify(src/libcamera/Documentation/theme) by extension 'ignore_ament_install'
[0.297s] Level 1:colcon.colcon_core.package_identification:_identify(src/libcamera/Documentation/theme) by extensions ['colcon_pkg']
[0.297s] Level 1:colcon.colcon_core.package_identification:_identify(src/libcamera/Documentation/theme) by extension 'colcon_pkg'
[0.297s] Level 1:colcon.colcon_core.package_identification:_identify(src/libcamera/Documentation/theme) by extensions ['colcon_meta']
[0.297s] Level 1:colcon.colcon_core.package_identification:_identify(src/libcamera/Documentation/theme) by extension 'colcon_meta'
[0.298s] Level 1:colcon.colcon_core.package_identification:_identify(src/libcamera/Documentation/theme) by extensions ['ros']
[0.298s] Level 1:colcon.colcon_core.package_identification:_identify(src/libcamera/Documentation/theme) by extension 'ros'
[0.298s] Level 1:colcon.colcon_core.package_identification:_identify(src/libcamera/Documentation/theme) by extensions ['cmake', 'python']
[0.298s] Level 1:colcon.colcon_core.package_identification:_identify(src/libcamera/Documentation/theme) by extension 'cmake'
[0.298s] Level 1:colcon.colcon_core.package_identification:_identify(src/libcamera/Documentation/theme) by extension 'python'
[0.298s] Level 1:colcon.colcon_core.package_identification:_identify(src/libcamera/Documentation/theme) by extensions ['python_setup_py']
[0.298s] Level 1:colcon.colcon_core.package_identification:_identify(src/libcamera/Documentation/theme) by extension 'python_setup_py'
[0.298s] Level 1:colcon.colcon_core.package_identification:_identify(src/libcamera/Documentation/theme/static) by extensions ['ignore', 'ignore_ament_install']
[0.298s] Level 1:colcon.colcon_core.package_identification:_identify(src/libcamera/Documentation/theme/static) by extension 'ignore'
[0.298s] Level 1:colcon.colcon_core.package_identification:_identify(src/libcamera/Documentation/theme/static) by extension 'ignore_ament_install'
[0.298s] Level 1:colcon.colcon_core.package_identification:_identify(src/libcamera/Documentation/theme/static) by extensions ['colcon_pkg']
[0.298s] Level 1:colcon.colcon_core.package_identification:_identify(src/libcamera/Documentation/theme/static) by extension 'colcon_pkg'
[0.298s] Level 1:colcon.colcon_core.package_identification:_identify(src/libcamera/Documentation/theme/static) by extensions ['colcon_meta']
[0.298s] Level 1:colcon.colcon_core.package_identification:_identify(src/libcamera/Documentation/theme/static) by extension 'colcon_meta'
[0.298s] Level 1:colcon.colcon_core.package_identification:_identify(src/libcamera/Documentation/theme/static) by extensions ['ros']
[0.298s] Level 1:colcon.colcon_core.package_identification:_identify(src/libcamera/Documentation/theme/static) by extension 'ros'
[0.298s] Level 1:colcon.colcon_core.package_identification:_identify(src/libcamera/Documentation/theme/static) by extensions ['cmake', 'python']
[0.298s] Level 1:colcon.colcon_core.package_identification:_identify(src/libcamera/Documentation/theme/static) by extension 'cmake'
[0.298s] Level 1:colcon.colcon_core.package_identification:_identify(src/libcamera/Documentation/theme/static) by extension 'python'
[0.298s] Level 1:colcon.colcon_core.package_identification:_identify(src/libcamera/Documentation/theme/static) by extensions ['python_setup_py']
[0.298s] Level 1:colcon.colcon_core.package_identification:_identify(src/libcamera/Documentation/theme/static) by extension 'python_setup_py'
[0.298s] Level 1:colcon.colcon_core.package_identification:_identify(src/libcamera/Documentation/theme/static/css) by extensions ['ignore', 'ignore_ament_install']
[0.298s] Level 1:colcon.colcon_core.package_identification:_identify(src/libcamera/Documentation/theme/static/css) by extension 'ignore'
[0.299s] Level 1:colcon.colcon_core.package_identification:_identify(src/libcamera/Documentation/theme/static/css) by extension 'ignore_ament_install'
[0.299s] Level 1:colcon.colcon_core.package_identification:_identify(src/libcamera/Documentation/theme/static/css) by extensions ['colcon_pkg']
[0.299s] Level 1:colcon.colcon_core.package_identification:_identify(src/libcamera/Documentation/theme/static/css) by extension 'colcon_pkg'
[0.299s] Level 1:colcon.colcon_core.package_identification:_identify(src/libcamera/Documentation/theme/static/css) by extensions ['colcon_meta']
[0.299s] Level 1:colcon.colcon_core.package_identification:_identify(src/libcamera/Documentation/theme/static/css) by extension 'colcon_meta'
[0.299s] Level 1:colcon.colcon_core.package_identification:_identify(src/libcamera/Documentation/theme/static/css) by extensions ['ros']
[0.299s] Level 1:colcon.colcon_core.package_identification:_identify(src/libcamera/Documentation/theme/static/css) by extension 'ros'
[0.299s] Level 1:colcon.colcon_core.package_identification:_identify(src/libcamera/Documentation/theme/static/css) by extensions ['cmake', 'python']
[0.299s] Level 1:colcon.colcon_core.package_identification:_identify(src/libcamera/Documentation/theme/static/css) by extension 'cmake'
[0.299s] Level 1:colcon.colcon_core.package_identification:_identify(src/libcamera/Documentation/theme/static/css) by extension 'python'
[0.299s] Level 1:colcon.colcon_core.package_identification:_identify(src/libcamera/Documentation/theme/static/css) by extensions ['python_setup_py']
[0.299s] Level 1:colcon.colcon_core.package_identification:_identify(src/libcamera/Documentation/theme/static/css) by extension 'python_setup_py'
[0.299s] Level 1:colcon.colcon_core.package_identification:_identify(src/libcamera/LICENSES) by extensions ['ignore', 'ignore_ament_install']
[0.299s] Level 1:colcon.colcon_core.package_identification:_identify(src/libcamera/LICENSES) by extension 'ignore'
[0.299s] Level 1:colcon.colcon_core.package_identification:_identify(src/libcamera/LICENSES) by extension 'ignore_ament_install'
[0.299s] Level 1:colcon.colcon_core.package_identification:_identify(src/libcamera/LICENSES) by extensions ['colcon_pkg']
[0.299s] Level 1:colcon.colcon_core.package_identification:_identify(src/libcamera/LICENSES) by extension 'colcon_pkg'
[0.299s] Level 1:colcon.colcon_core.package_identification:_identify(src/libcamera/LICENSES) by extensions ['colcon_meta']
[0.299s] Level 1:colcon.colcon_core.package_identification:_identify(src/libcamera/LICENSES) by extension 'colcon_meta'
[0.299s] Level 1:colcon.colcon_core.package_identification:_identify(src/libcamera/LICENSES) by extensions ['ros']
[0.299s] Level 1:colcon.colcon_core.package_identification:_identify(src/libcamera/LICENSES) by extension 'ros'
[0.299s] Level 1:colcon.colcon_core.package_identification:_identify(src/libcamera/LICENSES) by extensions ['cmake', 'python']
[0.300s] Level 1:colcon.colcon_core.package_identification:_identify(src/libcamera/LICENSES) by extension 'cmake'
[0.300s] Level 1:colcon.colcon_core.package_identification:_identify(src/libcamera/LICENSES) by extension 'python'
[0.300s] Level 1:colcon.colcon_core.package_identification:_identify(src/libcamera/LICENSES) by extensions ['python_setup_py']
[0.300s] Level 1:colcon.colcon_core.package_identification:_identify(src/libcamera/LICENSES) by extension 'python_setup_py'
[0.300s] Level 1:colcon.colcon_core.package_identification:_identify(src/libcamera/include) by extensions ['ignore', 'ignore_ament_install']
[0.300s] Level 1:colcon.colcon_core.package_identification:_identify(src/libcamera/include) by extension 'ignore'
[0.300s] Level 1:colcon.colcon_core.package_identification:_identify(src/libcamera/include) by extension 'ignore_ament_install'
[0.300s] Level 1:colcon.colcon_core.package_identification:_identify(src/libcamera/include) by extensions ['colcon_pkg']
[0.300s] Level 1:colcon.colcon_core.package_identification:_identify(src/libcamera/include) by extension 'colcon_pkg'
[0.300s] Level 1:colcon.colcon_core.package_identification:_identify(src/libcamera/include) by extensions ['colcon_meta']
[0.300s] Level 1:colcon.colcon_core.package_identification:_identify(src/libcamera/include) by extension 'colcon_meta'
[0.300s] Level 1:colcon.colcon_core.package_identification:_identify(src/libcamera/include) by extensions ['ros']
[0.300s] Level 1:colcon.colcon_core.package_identification:_identify(src/libcamera/include) by extension 'ros'
[0.300s] Level 1:colcon.colcon_core.package_identification:_identify(src/libcamera/include) by extensions ['cmake', 'python']
[0.300s] Level 1:colcon.colcon_core.package_identification:_identify(src/libcamera/include) by extension 'cmake'
[0.300s] Level 1:colcon.colcon_core.package_identification:_identify(src/libcamera/include) by extension 'python'
[0.300s] Level 1:colcon.colcon_core.package_identification:_identify(src/libcamera/include) by extensions ['python_setup_py']
[0.300s] Level 1:colcon.colcon_core.package_identification:_identify(src/libcamera/include) by extension 'python_setup_py'
[0.300s] Level 1:colcon.colcon_core.package_identification:_identify(src/libcamera/include/android) by extensions ['ignore', 'ignore_ament_install']
[0.301s] Level 1:colcon.colcon_core.package_identification:_identify(src/libcamera/include/android) by extension 'ignore'
[0.301s] Level 1:colcon.colcon_core.package_identification:_identify(src/libcamera/include/android) by extension 'ignore_ament_install'
[0.301s] Level 1:colcon.colcon_core.package_identification:_identify(src/libcamera/include/android) by extensions ['colcon_pkg']
[0.301s] Level 1:colcon.colcon_core.package_identification:_identify(src/libcamera/include/android) by extension 'colcon_pkg'
[0.301s] Level 1:colcon.colcon_core.package_identification:_identify(src/libcamera/include/android) by extensions ['colcon_meta']
[0.301s] Level 1:colcon.colcon_core.package_identification:_identify(src/libcamera/include/android) by extension 'colcon_meta'
[0.301s] Level 1:colcon.colcon_core.package_identification:_identify(src/libcamera/include/android) by extensions ['ros']
[0.301s] Level 1:colcon.colcon_core.package_identification:_identify(src/libcamera/include/android) by extension 'ros'
[0.301s] Level 1:colcon.colcon_core.package_identification:_identify(src/libcamera/include/android) by extensions ['cmake', 'python']
[0.301s] Level 1:colcon.colcon_core.package_identification:_identify(src/libcamera/include/android) by extension 'cmake'
[0.301s] Level 1:colcon.colcon_core.package_identification:_identify(src/libcamera/include/android) by extension 'python'
[0.301s] Level 1:colcon.colcon_core.package_identification:_identify(src/libcamera/include/android) by extensions ['python_setup_py']
[0.301s] Level 1:colcon.colcon_core.package_identification:_identify(src/libcamera/include/android) by extension 'python_setup_py'
[0.301s] Level 1:colcon.colcon_core.package_identification:_identify(src/libcamera/include/android/hardware) by extensions ['ignore', 'ignore_ament_install']
[0.301s] Level 1:colcon.colcon_core.package_identification:_identify(src/libcamera/include/android/hardware) by extension 'ignore'
[0.301s] Level 1:colcon.colcon_core.package_identification:_identify(src/libcamera/include/android/hardware) by extension 'ignore_ament_install'
[0.301s] Level 1:colcon.colcon_core.package_identification:_identify(src/libcamera/include/android/hardware) by extensions ['colcon_pkg']
[0.301s] Level 1:colcon.colcon_core.package_identification:_identify(src/libcamera/include/android/hardware) by extension 'colcon_pkg'
[0.301s] Level 1:colcon.colcon_core.package_identification:_identify(src/libcamera/include/android/hardware) by extensions ['colcon_meta']
[0.301s] Level 1:colcon.colcon_core.package_identification:_identify(src/libcamera/include/android/hardware) by extension 'colcon_meta'
[0.301s] Level 1:colcon.colcon_core.package_identification:_identify(src/libcamera/include/android/hardware) by extensions ['ros']
[0.301s] Level 1:colcon.colcon_core.package_identification:_identify(src/libcamera/include/android/hardware) by extension 'ros'
[0.301s] Level 1:colcon.colcon_core.package_identification:_identify(src/libcamera/include/android/hardware) by extensions ['cmake', 'python']
[0.301s] Level 1:colcon.colcon_core.package_identification:_identify(src/libcamera/include/android/hardware) by extension 'cmake'
[0.302s] Level 1:colcon.colcon_core.package_identification:_identify(src/libcamera/include/android/hardware) by extension 'python'
[0.302s] Level 1:colcon.colcon_core.package_identification:_identify(src/libcamera/include/android/hardware) by extensions ['python_setup_py']
[0.302s] Level 1:colcon.colcon_core.package_identification:_identify(src/libcamera/include/android/hardware) by extension 'python_setup_py'
[0.302s] Level 1:colcon.colcon_core.package_identification:_identify(src/libcamera/include/android/hardware/libhardware) by extensions ['ignore', 'ignore_ament_install']
[0.302s] Level 1:colcon.colcon_core.package_identification:_identify(src/libcamera/include/android/hardware/libhardware) by extension 'ignore'
[0.302s] Level 1:colcon.colcon_core.package_identification:_identify(src/libcamera/include/android/hardware/libhardware) by extension 'ignore_ament_install'
[0.302s] Level 1:colcon.colcon_core.package_identification:_identify(src/libcamera/include/android/hardware/libhardware) by extensions ['colcon_pkg']
[0.302s] Level 1:colcon.colcon_core.package_identification:_identify(src/libcamera/include/android/hardware/libhardware) by extension 'colcon_pkg'
[0.302s] Level 1:colcon.colcon_core.package_identification:_identify(src/libcamera/include/android/hardware/libhardware) by extensions ['colcon_meta']
[0.302s] Level 1:colcon.colcon_core.package_identification:_identify(src/libcamera/include/android/hardware/libhardware) by extension 'colcon_meta'
[0.302s] Level 1:colcon.colcon_core.package_identification:_identify(src/libcamera/include/android/hardware/libhardware) by extensions ['ros']
[0.302s] Level 1:colcon.colcon_core.package_identification:_identify(src/libcamera/include/android/hardware/libhardware) by extension 'ros'
[0.302s] Level 1:colcon.colcon_core.package_identification:_identify(src/libcamera/include/android/hardware/libhardware) by extensions ['cmake', 'python']
[0.302s] Level 1:colcon.colcon_core.package_identification:_identify(src/libcamera/include/android/hardware/libhardware) by extension 'cmake'
[0.302s] Level 1:colcon.colcon_core.package_identification:_identify(src/libcamera/include/android/hardware/libhardware) by extension 'python'
[0.302s] Level 1:colcon.colcon_core.package_identification:_identify(src/libcamera/include/android/hardware/libhardware) by extensions ['python_setup_py']
[0.302s] Level 1:colcon.colcon_core.package_identification:_identify(src/libcamera/include/android/hardware/libhardware) by extension 'python_setup_py'
[0.302s] Level 1:colcon.colcon_core.package_identification:_identify(src/libcamera/include/android/hardware/libhardware/include) by extensions ['ignore', 'ignore_ament_install']
[0.303s] Level 1:colcon.colcon_core.package_identification:_identify(src/libcamera/include/android/hardware/libhardware/include) by extension 'ignore'
[0.303s] Level 1:colcon.colcon_core.package_identification:_identify(src/libcamera/include/android/hardware/libhardware/include) by extension 'ignore_ament_install'
[0.303s] Level 1:colcon.colcon_core.package_identification:_identify(src/libcamera/include/android/hardware/libhardware/include) by extensions ['colcon_pkg']
[0.303s] Level 1:colcon.colcon_core.package_identification:_identify(src/libcamera/include/android/hardware/libhardware/include) by extension 'colcon_pkg'
[0.303s] Level 1:colcon.colcon_core.package_identification:_identify(src/libcamera/include/android/hardware/libhardware/include) by extensions ['colcon_meta']
[0.303s] Level 1:colcon.colcon_core.package_identification:_identify(src/libcamera/include/android/hardware/libhardware/include) by extension 'colcon_meta'
[0.303s] Level 1:colcon.colcon_core.package_identification:_identify(src/libcamera/include/android/hardware/libhardware/include) by extensions ['ros']
[0.303s] Level 1:colcon.colcon_core.package_identification:_identify(src/libcamera/include/android/hardware/libhardware/include) by extension 'ros'
[0.303s] Level 1:colcon.colcon_core.package_identification:_identify(src/libcamera/include/android/hardware/libhardware/include) by extensions ['cmake', 'python']
[0.303s] Level 1:colcon.colcon_core.package_identification:_identify(src/libcamera/include/android/hardware/libhardware/include) by extension 'cmake'
[0.303s] Level 1:colcon.colcon_core.package_identification:_identify(src/libcamera/include/android/hardware/libhardware/include) by extension 'python'
[0.303s] Level 1:colcon.colcon_core.package_identification:_identify(src/libcamera/include/android/hardware/libhardware/include) by extensions ['python_setup_py']
[0.303s] Level 1:colcon.colcon_core.package_identification:_identify(src/libcamera/include/android/hardware/libhardware/include) by extension 'python_setup_py'
[0.303s] Level 1:colcon.colcon_core.package_identification:_identify(src/libcamera/include/android/hardware/libhardware/include/hardware) by extensions ['ignore', 'ignore_ament_install']
[0.303s] Level 1:colcon.colcon_core.package_identification:_identify(src/libcamera/include/android/hardware/libhardware/include/hardware) by extension 'ignore'
[0.303s] Level 1:colcon.colcon_core.package_identification:_identify(src/libcamera/include/android/hardware/libhardware/include/hardware) by extension 'ignore_ament_install'
[0.303s] Level 1:colcon.colcon_core.package_identification:_identify(src/libcamera/include/android/hardware/libhardware/include/hardware) by extensions ['colcon_pkg']
[0.303s] Level 1:colcon.colcon_core.package_identification:_identify(src/libcamera/include/android/hardware/libhardware/include/hardware) by extension 'colcon_pkg'
[0.303s] Level 1:colcon.colcon_core.package_identification:_identify(src/libcamera/include/android/hardware/libhardware/include/hardware) by extensions ['colcon_meta']
[0.303s] Level 1:colcon.colcon_core.package_identification:_identify(src/libcamera/include/android/hardware/libhardware/include/hardware) by extension 'colcon_meta'
[0.303s] Level 1:colcon.colcon_core.package_identification:_identify(src/libcamera/include/android/hardware/libhardware/include/hardware) by extensions ['ros']
[0.304s] Level 1:colcon.colcon_core.package_identification:_identify(src/libcamera/include/android/hardware/libhardware/include/hardware) by extension 'ros'
[0.304s] Level 1:colcon.colcon_core.package_identification:_identify(src/libcamera/include/android/hardware/libhardware/include/hardware) by extensions ['cmake', 'python']
[0.304s] Level 1:colcon.colcon_core.package_identification:_identify(src/libcamera/include/android/hardware/libhardware/include/hardware) by extension 'cmake'
[0.304s] Level 1:colcon.colcon_core.package_identification:_identify(src/libcamera/include/android/hardware/libhardware/include/hardware) by extension 'python'
[0.304s] Level 1:colcon.colcon_core.package_identification:_identify(src/libcamera/include/android/hardware/libhardware/include/hardware) by extensions ['python_setup_py']
[0.304s] Level 1:colcon.colcon_core.package_identification:_identify(src/libcamera/include/android/hardware/libhardware/include/hardware) by extension 'python_setup_py'
[0.304s] Level 1:colcon.colcon_core.package_identification:_identify(src/libcamera/include/android/metadata) by extensions ['ignore', 'ignore_ament_install']
[0.304s] Level 1:colcon.colcon_core.package_identification:_identify(src/libcamera/include/android/metadata) by extension 'ignore'
[0.304s] Level 1:colcon.colcon_core.package_identification:_identify(src/libcamera/include/android/metadata) by extension 'ignore_ament_install'
[0.304s] Level 1:colcon.colcon_core.package_identification:_identify(src/libcamera/include/android/metadata) by extensions ['colcon_pkg']
[0.304s] Level 1:colcon.colcon_core.package_identification:_identify(src/libcamera/include/android/metadata) by extension 'colcon_pkg'
[0.304s] Level 1:colcon.colcon_core.package_identification:_identify(src/libcamera/include/android/metadata) by extensions ['colcon_meta']
[0.304s] Level 1:colcon.colcon_core.package_identification:_identify(src/libcamera/include/android/metadata) by extension 'colcon_meta'
[0.304s] Level 1:colcon.colcon_core.package_identification:_identify(src/libcamera/include/android/metadata) by extensions ['ros']
[0.304s] Level 1:colcon.colcon_core.package_identification:_identify(src/libcamera/include/android/metadata) by extension 'ros'
[0.304s] Level 1:colcon.colcon_core.package_identification:_identify(src/libcamera/include/android/metadata) by extensions ['cmake', 'python']
[0.304s] Level 1:colcon.colcon_core.package_identification:_identify(src/libcamera/include/android/metadata) by extension 'cmake'
[0.304s] Level 1:colcon.colcon_core.package_identification:_identify(src/libcamera/include/android/metadata) by extension 'python'
[0.304s] Level 1:colcon.colcon_core.package_identification:_identify(src/libcamera/include/android/metadata) by extensions ['python_setup_py']
[0.304s] Level 1:colcon.colcon_core.package_identification:_identify(src/libcamera/include/android/metadata) by extension 'python_setup_py'
[0.304s] Level 1:colcon.colcon_core.package_identification:_identify(src/libcamera/include/android/metadata/system) by extensions ['ignore', 'ignore_ament_install']
[0.304s] Level 1:colcon.colcon_core.package_identification:_identify(src/libcamera/include/android/metadata/system) by extension 'ignore'
[0.304s] Level 1:colcon.colcon_core.package_identification:_identify(src/libcamera/include/android/metadata/system) by extension 'ignore_ament_install'
[0.304s] Level 1:colcon.colcon_core.package_identification:_identify(src/libcamera/include/android/metadata/system) by extensions ['colcon_pkg']
[0.304s] Level 1:colcon.colcon_core.package_identification:_identify(src/libcamera/include/android/metadata/system) by extension 'colcon_pkg'
[0.305s] Level 1:colcon.colcon_core.package_identification:_identify(src/libcamera/include/android/metadata/system) by extensions ['colcon_meta']
[0.305s] Level 1:colcon.colcon_core.package_identification:_identify(src/libcamera/include/android/metadata/system) by extension 'colcon_meta'
[0.305s] Level 1:colcon.colcon_core.package_identification:_identify(src/libcamera/include/android/metadata/system) by extensions ['ros']
[0.305s] Level 1:colcon.colcon_core.package_identification:_identify(src/libcamera/include/android/metadata/system) by extension 'ros'
[0.305s] Level 1:colcon.colcon_core.package_identification:_identify(src/libcamera/include/android/metadata/system) by extensions ['cmake', 'python']
[0.305s] Level 1:colcon.colcon_core.package_identification:_identify(src/libcamera/include/android/metadata/system) by extension 'cmake'
[0.305s] Level 1:colcon.colcon_core.package_identification:_identify(src/libcamera/include/android/metadata/system) by extension 'python'
[0.305s] Level 1:colcon.colcon_core.package_identification:_identify(src/libcamera/include/android/metadata/system) by extensions ['python_setup_py']
[0.305s] Level 1:colcon.colcon_core.package_identification:_identify(src/libcamera/include/android/metadata/system) by extension 'python_setup_py'
[0.305s] Level 1:colcon.colcon_core.package_identification:_identify(src/libcamera/include/android/system) by extensions ['ignore', 'ignore_ament_install']
[0.305s] Level 1:colcon.colcon_core.package_identification:_identify(src/libcamera/include/android/system) by extension 'ignore'
[0.305s] Level 1:colcon.colcon_core.package_identification:_identify(src/libcamera/include/android/system) by extension 'ignore_ament_install'
[0.305s] Level 1:colcon.colcon_core.package_identification:_identify(src/libcamera/include/android/system) by extensions ['colcon_pkg']
[0.305s] Level 1:colcon.colcon_core.package_identification:_identify(src/libcamera/include/android/system) by extension 'colcon_pkg'
[0.305s] Level 1:colcon.colcon_core.package_identification:_identify(src/libcamera/include/android/system) by extensions ['colcon_meta']
[0.305s] Level 1:colcon.colcon_core.package_identification:_identify(src/libcamera/include/android/system) by extension 'colcon_meta'
[0.305s] Level 1:colcon.colcon_core.package_identification:_identify(src/libcamera/include/android/system) by extensions ['ros']
[0.305s] Level 1:colcon.colcon_core.package_identification:_identify(src/libcamera/include/android/system) by extension 'ros'
[0.305s] Level 1:colcon.colcon_core.package_identification:_identify(src/libcamera/include/android/system) by extensions ['cmake', 'python']
[0.305s] Level 1:colcon.colcon_core.package_identification:_identify(src/libcamera/include/android/system) by extension 'cmake'
[0.305s] Level 1:colcon.colcon_core.package_identification:_identify(src/libcamera/include/android/system) by extension 'python'
[0.305s] Level 1:colcon.colcon_core.package_identification:_identify(src/libcamera/include/android/system) by extensions ['python_setup_py']
[0.305s] Level 1:colcon.colcon_core.package_identification:_identify(src/libcamera/include/android/system) by extension 'python_setup_py'
[0.305s] Level 1:colcon.colcon_core.package_identification:_identify(src/libcamera/include/android/system/core) by extensions ['ignore', 'ignore_ament_install']
[0.305s] Level 1:colcon.colcon_core.package_identification:_identify(src/libcamera/include/android/system/core) by extension 'ignore'
[0.305s] Level 1:colcon.colcon_core.package_identification:_identify(src/libcamera/include/android/system/core) by extension 'ignore_ament_install'
[0.305s] Level 1:colcon.colcon_core.package_identification:_identify(src/libcamera/include/android/system/core) by extensions ['colcon_pkg']
[0.306s] Level 1:colcon.colcon_core.package_identification:_identify(src/libcamera/include/android/system/core) by extension 'colcon_pkg'
[0.306s] Level 1:colcon.colcon_core.package_identification:_identify(src/libcamera/include/android/system/core) by extensions ['colcon_meta']
[0.306s] Level 1:colcon.colcon_core.package_identification:_identify(src/libcamera/include/android/system/core) by extension 'colcon_meta'
[0.306s] Level 1:colcon.colcon_core.package_identification:_identify(src/libcamera/include/android/system/core) by extensions ['ros']
[0.306s] Level 1:colcon.colcon_core.package_identification:_identify(src/libcamera/include/android/system/core) by extension 'ros'
[0.306s] Level 1:colcon.colcon_core.package_identification:_identify(src/libcamera/include/android/system/core) by extensions ['cmake', 'python']
[0.306s] Level 1:colcon.colcon_core.package_identification:_identify(src/libcamera/include/android/system/core) by extension 'cmake'
[0.306s] Level 1:colcon.colcon_core.package_identification:_identify(src/libcamera/include/android/system/core) by extension 'python'
[0.306s] Level 1:colcon.colcon_core.package_identification:_identify(src/libcamera/include/android/system/core) by extensions ['python_setup_py']
[0.306s] Level 1:colcon.colcon_core.package_identification:_identify(src/libcamera/include/android/system/core) by extension 'python_setup_py'
[0.306s] Level 1:colcon.colcon_core.package_identification:_identify(src/libcamera/include/android/system/core/include) by extensions ['ignore', 'ignore_ament_install']
[0.306s] Level 1:colcon.colcon_core.package_identification:_identify(src/libcamera/include/android/system/core/include) by extension 'ignore'
[0.306s] Level 1:colcon.colcon_core.package_identification:_identify(src/libcamera/include/android/system/core/include) by extension 'ignore_ament_install'
[0.306s] Level 1:colcon.colcon_core.package_identification:_identify(src/libcamera/include/android/system/core/include) by extensions ['colcon_pkg']
[0.306s] Level 1:colcon.colcon_core.package_identification:_identify(src/libcamera/include/android/system/core/include) by extension 'colcon_pkg'
[0.306s] Level 1:colcon.colcon_core.package_identification:_identify(src/libcamera/include/android/system/core/include) by extensions ['colcon_meta']
[0.306s] Level 1:colcon.colcon_core.package_identification:_identify(src/libcamera/include/android/system/core/include) by extension 'colcon_meta'
[0.306s] Level 1:colcon.colcon_core.package_identification:_identify(src/libcamera/include/android/system/core/include) by extensions ['ros']
[0.306s] Level 1:colcon.colcon_core.package_identification:_identify(src/libcamera/include/android/system/core/include) by extension 'ros'
[0.306s] Level 1:colcon.colcon_core.package_identification:_identify(src/libcamera/include/android/system/core/include) by extensions ['cmake', 'python']
[0.306s] Level 1:colcon.colcon_core.package_identification:_identify(src/libcamera/include/android/system/core/include) by extension 'cmake'
[0.306s] Level 1:colcon.colcon_core.package_identification:_identify(src/libcamera/include/android/system/core/include) by extension 'python'
[0.306s] Level 1:colcon.colcon_core.package_identification:_identify(src/libcamera/include/android/system/core/include) by extensions ['python_setup_py']
[0.306s] Level 1:colcon.colcon_core.package_identification:_identify(src/libcamera/include/android/system/core/include) by extension 'python_setup_py'
[0.306s] Level 1:colcon.colcon_core.package_identification:_identify(src/libcamera/include/android/system/core/include/android) by extensions ['ignore', 'ignore_ament_install']
[0.306s] Level 1:colcon.colcon_core.package_identification:_identify(src/libcamera/include/android/system/core/include/android) by extension 'ignore'
[0.307s] Level 1:colcon.colcon_core.package_identification:_identify(src/libcamera/include/android/system/core/include/android) by extension 'ignore_ament_install'
[0.307s] Level 1:colcon.colcon_core.package_identification:_identify(src/libcamera/include/android/system/core/include/android) by extensions ['colcon_pkg']
[0.307s] Level 1:colcon.colcon_core.package_identification:_identify(src/libcamera/include/android/system/core/include/android) by extension 'colcon_pkg'
[0.307s] Level 1:colcon.colcon_core.package_identification:_identify(src/libcamera/include/android/system/core/include/android) by extensions ['colcon_meta']
[0.307s] Level 1:colcon.colcon_core.package_identification:_identify(src/libcamera/include/android/system/core/include/android) by extension 'colcon_meta'
[0.307s] Level 1:colcon.colcon_core.package_identification:_identify(src/libcamera/include/android/system/core/include/android) by extensions ['ros']
[0.307s] Level 1:colcon.colcon_core.package_identification:_identify(src/libcamera/include/android/system/core/include/android) by extension 'ros'
[0.307s] Level 1:colcon.colcon_core.package_identification:_identify(src/libcamera/include/android/system/core/include/android) by extensions ['cmake', 'python']
[0.307s] Level 1:colcon.colcon_core.package_identification:_identify(src/libcamera/include/android/system/core/include/android) by extension 'cmake'
[0.307s] Level 1:colcon.colcon_core.package_identification:_identify(src/libcamera/include/android/system/core/include/android) by extension 'python'
[0.307s] Level 1:colcon.colcon_core.package_identification:_identify(src/libcamera/include/android/system/core/include/android) by extensions ['python_setup_py']
[0.307s] Level 1:colcon.colcon_core.package_identification:_identify(src/libcamera/include/android/system/core/include/android) by extension 'python_setup_py'
[0.307s] Level 1:colcon.colcon_core.package_identification:_identify(src/libcamera/include/android/system/core/include/cutils) by extensions ['ignore', 'ignore_ament_install']
[0.307s] Level 1:colcon.colcon_core.package_identification:_identify(src/libcamera/include/android/system/core/include/cutils) by extension 'ignore'
[0.307s] Level 1:colcon.colcon_core.package_identification:_identify(src/libcamera/include/android/system/core/include/cutils) by extension 'ignore_ament_install'
[0.307s] Level 1:colcon.colcon_core.package_identification:_identify(src/libcamera/include/android/system/core/include/cutils) by extensions ['colcon_pkg']
[0.307s] Level 1:colcon.colcon_core.package_identification:_identify(src/libcamera/include/android/system/core/include/cutils) by extension 'colcon_pkg'
[0.307s] Level 1:colcon.colcon_core.package_identification:_identify(src/libcamera/include/android/system/core/include/cutils) by extensions ['colcon_meta']
[0.307s] Level 1:colcon.colcon_core.package_identification:_identify(src/libcamera/include/android/system/core/include/cutils) by extension 'colcon_meta'
[0.307s] Level 1:colcon.colcon_core.package_identification:_identify(src/libcamera/include/android/system/core/include/cutils) by extensions ['ros']
[0.307s] Level 1:colcon.colcon_core.package_identification:_identify(src/libcamera/include/android/system/core/include/cutils) by extension 'ros'
[0.307s] Level 1:colcon.colcon_core.package_identification:_identify(src/libcamera/include/android/system/core/include/cutils) by extensions ['cmake', 'python']
[0.307s] Level 1:colcon.colcon_core.package_identification:_identify(src/libcamera/include/android/system/core/include/cutils) by extension 'cmake'
[0.307s] Level 1:colcon.colcon_core.package_identification:_identify(src/libcamera/include/android/system/core/include/cutils) by extension 'python'
[0.307s] Level 1:colcon.colcon_core.package_identification:_identify(src/libcamera/include/android/system/core/include/cutils) by extensions ['python_setup_py']
[0.307s] Level 1:colcon.colcon_core.package_identification:_identify(src/libcamera/include/android/system/core/include/cutils) by extension 'python_setup_py'
[0.308s] Level 1:colcon.colcon_core.package_identification:_identify(src/libcamera/include/android/system/core/include/system) by extensions ['ignore', 'ignore_ament_install']
[0.308s] Level 1:colcon.colcon_core.package_identification:_identify(src/libcamera/include/android/system/core/include/system) by extension 'ignore'
[0.308s] Level 1:colcon.colcon_core.package_identification:_identify(src/libcamera/include/android/system/core/include/system) by extension 'ignore_ament_install'
[0.308s] Level 1:colcon.colcon_core.package_identification:_identify(src/libcamera/include/android/system/core/include/system) by extensions ['colcon_pkg']
[0.308s] Level 1:colcon.colcon_core.package_identification:_identify(src/libcamera/include/android/system/core/include/system) by extension 'colcon_pkg'
[0.308s] Level 1:colcon.colcon_core.package_identification:_identify(src/libcamera/include/android/system/core/include/system) by extensions ['colcon_meta']
[0.308s] Level 1:colcon.colcon_core.package_identification:_identify(src/libcamera/include/android/system/core/include/system) by extension 'colcon_meta'
[0.308s] Level 1:colcon.colcon_core.package_identification:_identify(src/libcamera/include/android/system/core/include/system) by extensions ['ros']
[0.308s] Level 1:colcon.colcon_core.package_identification:_identify(src/libcamera/include/android/system/core/include/system) by extension 'ros'
[0.308s] Level 1:colcon.colcon_core.package_identification:_identify(src/libcamera/include/android/system/core/include/system) by extensions ['cmake', 'python']
[0.308s] Level 1:colcon.colcon_core.package_identification:_identify(src/libcamera/include/android/system/core/include/system) by extension 'cmake'
[0.308s] Level 1:colcon.colcon_core.package_identification:_identify(src/libcamera/include/android/system/core/include/system) by extension 'python'
[0.308s] Level 1:colcon.colcon_core.package_identification:_identify(src/libcamera/include/android/system/core/include/system) by extensions ['python_setup_py']
[0.308s] Level 1:colcon.colcon_core.package_identification:_identify(src/libcamera/include/android/system/core/include/system) by extension 'python_setup_py'
[0.308s] Level 1:colcon.colcon_core.package_identification:_identify(src/libcamera/include/libcamera) by extensions ['ignore', 'ignore_ament_install']
[0.308s] Level 1:colcon.colcon_core.package_identification:_identify(src/libcamera/include/libcamera) by extension 'ignore'
[0.308s] Level 1:colcon.colcon_core.package_identification:_identify(src/libcamera/include/libcamera) by extension 'ignore_ament_install'
[0.308s] Level 1:colcon.colcon_core.package_identification:_identify(src/libcamera/include/libcamera) by extensions ['colcon_pkg']
[0.308s] Level 1:colcon.colcon_core.package_identification:_identify(src/libcamera/include/libcamera) by extension 'colcon_pkg'
[0.308s] Level 1:colcon.colcon_core.package_identification:_identify(src/libcamera/include/libcamera) by extensions ['colcon_meta']
[0.308s] Level 1:colcon.colcon_core.package_identification:_identify(src/libcamera/include/libcamera) by extension 'colcon_meta'
[0.308s] Level 1:colcon.colcon_core.package_identification:_identify(src/libcamera/include/libcamera) by extensions ['ros']
[0.308s] Level 1:colcon.colcon_core.package_identification:_identify(src/libcamera/include/libcamera) by extension 'ros'
[0.308s] Level 1:colcon.colcon_core.package_identification:_identify(src/libcamera/include/libcamera) by extensions ['cmake', 'python']
[0.308s] Level 1:colcon.colcon_core.package_identification:_identify(src/libcamera/include/libcamera) by extension 'cmake'
[0.308s] Level 1:colcon.colcon_core.package_identification:_identify(src/libcamera/include/libcamera) by extension 'python'
[0.308s] Level 1:colcon.colcon_core.package_identification:_identify(src/libcamera/include/libcamera) by extensions ['python_setup_py']
[0.309s] Level 1:colcon.colcon_core.package_identification:_identify(src/libcamera/include/libcamera) by extension 'python_setup_py'
[0.309s] Level 1:colcon.colcon_core.package_identification:_identify(src/libcamera/include/libcamera/base) by extensions ['ignore', 'ignore_ament_install']
[0.309s] Level 1:colcon.colcon_core.package_identification:_identify(src/libcamera/include/libcamera/base) by extension 'ignore'
[0.309s] Level 1:colcon.colcon_core.package_identification:_identify(src/libcamera/include/libcamera/base) by extension 'ignore_ament_install'
[0.309s] Level 1:colcon.colcon_core.package_identification:_identify(src/libcamera/include/libcamera/base) by extensions ['colcon_pkg']
[0.309s] Level 1:colcon.colcon_core.package_identification:_identify(src/libcamera/include/libcamera/base) by extension 'colcon_pkg'
[0.309s] Level 1:colcon.colcon_core.package_identification:_identify(src/libcamera/include/libcamera/base) by extensions ['colcon_meta']
[0.309s] Level 1:colcon.colcon_core.package_identification:_identify(src/libcamera/include/libcamera/base) by extension 'colcon_meta'
[0.309s] Level 1:colcon.colcon_core.package_identification:_identify(src/libcamera/include/libcamera/base) by extensions ['ros']
[0.309s] Level 1:colcon.colcon_core.package_identification:_identify(src/libcamera/include/libcamera/base) by extension 'ros'
[0.309s] Level 1:colcon.colcon_core.package_identification:_identify(src/libcamera/include/libcamera/base) by extensions ['cmake', 'python']
[0.309s] Level 1:colcon.colcon_core.package_identification:_identify(src/libcamera/include/libcamera/base) by extension 'cmake'
[0.309s] Level 1:colcon.colcon_core.package_identification:_identify(src/libcamera/include/libcamera/base) by extension 'python'
[0.309s] Level 1:colcon.colcon_core.package_identification:_identify(src/libcamera/include/libcamera/base) by extensions ['python_setup_py']
[0.309s] Level 1:colcon.colcon_core.package_identification:_identify(src/libcamera/include/libcamera/base) by extension 'python_setup_py'
[0.309s] Level 1:colcon.colcon_core.package_identification:_identify(src/libcamera/include/libcamera/internal) by extensions ['ignore', 'ignore_ament_install']
[0.309s] Level 1:colcon.colcon_core.package_identification:_identify(src/libcamera/include/libcamera/internal) by extension 'ignore'
[0.309s] Level 1:colcon.colcon_core.package_identification:_identify(src/libcamera/include/libcamera/internal) by extension 'ignore_ament_install'
[0.309s] Level 1:colcon.colcon_core.package_identification:_identify(src/libcamera/include/libcamera/internal) by extensions ['colcon_pkg']
[0.309s] Level 1:colcon.colcon_core.package_identification:_identify(src/libcamera/include/libcamera/internal) by extension 'colcon_pkg'
[0.309s] Level 1:colcon.colcon_core.package_identification:_identify(src/libcamera/include/libcamera/internal) by extensions ['colcon_meta']
[0.309s] Level 1:colcon.colcon_core.package_identification:_identify(src/libcamera/include/libcamera/internal) by extension 'colcon_meta'
[0.309s] Level 1:colcon.colcon_core.package_identification:_identify(src/libcamera/include/libcamera/internal) by extensions ['ros']
[0.309s] Level 1:colcon.colcon_core.package_identification:_identify(src/libcamera/include/libcamera/internal) by extension 'ros'
[0.309s] Level 1:colcon.colcon_core.package_identification:_identify(src/libcamera/include/libcamera/internal) by extensions ['cmake', 'python']
[0.310s] Level 1:colcon.colcon_core.package_identification:_identify(src/libcamera/include/libcamera/internal) by extension 'cmake'
[0.310s] Level 1:colcon.colcon_core.package_identification:_identify(src/libcamera/include/libcamera/internal) by extension 'python'
[0.310s] Level 1:colcon.colcon_core.package_identification:_identify(src/libcamera/include/libcamera/internal) by extensions ['python_setup_py']
[0.310s] Level 1:colcon.colcon_core.package_identification:_identify(src/libcamera/include/libcamera/internal) by extension 'python_setup_py'
[0.310s] Level 1:colcon.colcon_core.package_identification:_identify(src/libcamera/include/libcamera/internal/converter) by extensions ['ignore', 'ignore_ament_install']
[0.310s] Level 1:colcon.colcon_core.package_identification:_identify(src/libcamera/include/libcamera/internal/converter) by extension 'ignore'
[0.310s] Level 1:colcon.colcon_core.package_identification:_identify(src/libcamera/include/libcamera/internal/converter) by extension 'ignore_ament_install'
[0.310s] Level 1:colcon.colcon_core.package_identification:_identify(src/libcamera/include/libcamera/internal/converter) by extensions ['colcon_pkg']
[0.310s] Level 1:colcon.colcon_core.package_identification:_identify(src/libcamera/include/libcamera/internal/converter) by extension 'colcon_pkg'
[0.310s] Level 1:colcon.colcon_core.package_identification:_identify(src/libcamera/include/libcamera/internal/converter) by extensions ['colcon_meta']
[0.310s] Level 1:colcon.colcon_core.package_identification:_identify(src/libcamera/include/libcamera/internal/converter) by extension 'colcon_meta'
[0.310s] Level 1:colcon.colcon_core.package_identification:_identify(src/libcamera/include/libcamera/internal/converter) by extensions ['ros']
[0.310s] Level 1:colcon.colcon_core.package_identification:_identify(src/libcamera/include/libcamera/internal/converter) by extension 'ros'
[0.310s] Level 1:colcon.colcon_core.package_identification:_identify(src/libcamera/include/libcamera/internal/converter) by extensions ['cmake', 'python']
[0.310s] Level 1:colcon.colcon_core.package_identification:_identify(src/libcamera/include/libcamera/internal/converter) by extension 'cmake'
[0.310s] Level 1:colcon.colcon_core.package_identification:_identify(src/libcamera/include/libcamera/internal/converter) by extension 'python'
[0.310s] Level 1:colcon.colcon_core.package_identification:_identify(src/libcamera/include/libcamera/internal/converter) by extensions ['python_setup_py']
[0.310s] Level 1:colcon.colcon_core.package_identification:_identify(src/libcamera/include/libcamera/internal/converter) by extension 'python_setup_py'
[0.310s] Level 1:colcon.colcon_core.package_identification:_identify(src/libcamera/include/libcamera/internal/software_isp) by extensions ['ignore', 'ignore_ament_install']
[0.310s] Level 1:colcon.colcon_core.package_identification:_identify(src/libcamera/include/libcamera/internal/software_isp) by extension 'ignore'
[0.310s] Level 1:colcon.colcon_core.package_identification:_identify(src/libcamera/include/libcamera/internal/software_isp) by extension 'ignore_ament_install'
[0.310s] Level 1:colcon.colcon_core.package_identification:_identify(src/libcamera/include/libcamera/internal/software_isp) by extensions ['colcon_pkg']
[0.310s] Level 1:colcon.colcon_core.package_identification:_identify(src/libcamera/include/libcamera/internal/software_isp) by extension 'colcon_pkg'
[0.310s] Level 1:colcon.colcon_core.package_identification:_identify(src/libcamera/include/libcamera/internal/software_isp) by extensions ['colcon_meta']
[0.310s] Level 1:colcon.colcon_core.package_identification:_identify(src/libcamera/include/libcamera/internal/software_isp) by extension 'colcon_meta'
[0.310s] Level 1:colcon.colcon_core.package_identification:_identify(src/libcamera/include/libcamera/internal/software_isp) by extensions ['ros']
[0.310s] Level 1:colcon.colcon_core.package_identification:_identify(src/libcamera/include/libcamera/internal/software_isp) by extension 'ros'
[0.311s] Level 1:colcon.colcon_core.package_identification:_identify(src/libcamera/include/libcamera/internal/software_isp) by extensions ['cmake', 'python']
[0.311s] Level 1:colcon.colcon_core.package_identification:_identify(src/libcamera/include/libcamera/internal/software_isp) by extension 'cmake'
[0.311s] Level 1:colcon.colcon_core.package_identification:_identify(src/libcamera/include/libcamera/internal/software_isp) by extension 'python'
[0.311s] Level 1:colcon.colcon_core.package_identification:_identify(src/libcamera/include/libcamera/internal/software_isp) by extensions ['python_setup_py']
[0.311s] Level 1:colcon.colcon_core.package_identification:_identify(src/libcamera/include/libcamera/internal/software_isp) by extension 'python_setup_py'
[0.311s] Level 1:colcon.colcon_core.package_identification:_identify(src/libcamera/include/libcamera/internal/tracepoints) by extensions ['ignore', 'ignore_ament_install']
[0.311s] Level 1:colcon.colcon_core.package_identification:_identify(src/libcamera/include/libcamera/internal/tracepoints) by extension 'ignore'
[0.311s] Level 1:colcon.colcon_core.package_identification:_identify(src/libcamera/include/libcamera/internal/tracepoints) by extension 'ignore_ament_install'
[0.311s] Level 1:colcon.colcon_core.package_identification:_identify(src/libcamera/include/libcamera/internal/tracepoints) by extensions ['colcon_pkg']
[0.311s] Level 1:colcon.colcon_core.package_identification:_identify(src/libcamera/include/libcamera/internal/tracepoints) by extension 'colcon_pkg'
[0.311s] Level 1:colcon.colcon_core.package_identification:_identify(src/libcamera/include/libcamera/internal/tracepoints) by extensions ['colcon_meta']
[0.311s] Level 1:colcon.colcon_core.package_identification:_identify(src/libcamera/include/libcamera/internal/tracepoints) by extension 'colcon_meta'
[0.311s] Level 1:colcon.colcon_core.package_identification:_identify(src/libcamera/include/libcamera/internal/tracepoints) by extensions ['ros']
[0.311s] Level 1:colcon.colcon_core.package_identification:_identify(src/libcamera/include/libcamera/internal/tracepoints) by extension 'ros'
[0.311s] Level 1:colcon.colcon_core.package_identification:_identify(src/libcamera/include/libcamera/internal/tracepoints) by extensions ['cmake', 'python']
[0.311s] Level 1:colcon.colcon_core.package_identification:_identify(src/libcamera/include/libcamera/internal/tracepoints) by extension 'cmake'
[0.311s] Level 1:colcon.colcon_core.package_identification:_identify(src/libcamera/include/libcamera/internal/tracepoints) by extension 'python'
[0.311s] Level 1:colcon.colcon_core.package_identification:_identify(src/libcamera/include/libcamera/internal/tracepoints) by extensions ['python_setup_py']
[0.311s] Level 1:colcon.colcon_core.package_identification:_identify(src/libcamera/include/libcamera/internal/tracepoints) by extension 'python_setup_py'
[0.311s] Level 1:colcon.colcon_core.package_identification:_identify(src/libcamera/include/libcamera/ipa) by extensions ['ignore', 'ignore_ament_install']
[0.311s] Level 1:colcon.colcon_core.package_identification:_identify(src/libcamera/include/libcamera/ipa) by extension 'ignore'
[0.311s] Level 1:colcon.colcon_core.package_identification:_identify(src/libcamera/include/libcamera/ipa) by extension 'ignore_ament_install'
[0.311s] Level 1:colcon.colcon_core.package_identification:_identify(src/libcamera/include/libcamera/ipa) by extensions ['colcon_pkg']
[0.311s] Level 1:colcon.colcon_core.package_identification:_identify(src/libcamera/include/libcamera/ipa) by extension 'colcon_pkg'
[0.311s] Level 1:colcon.colcon_core.package_identification:_identify(src/libcamera/include/libcamera/ipa) by extensions ['colcon_meta']
[0.311s] Level 1:colcon.colcon_core.package_identification:_identify(src/libcamera/include/libcamera/ipa) by extension 'colcon_meta'
[0.311s] Level 1:colcon.colcon_core.package_identification:_identify(src/libcamera/include/libcamera/ipa) by extensions ['ros']
[0.311s] Level 1:colcon.colcon_core.package_identification:_identify(src/libcamera/include/libcamera/ipa) by extension 'ros'
[0.312s] Level 1:colcon.colcon_core.package_identification:_identify(src/libcamera/include/libcamera/ipa) by extensions ['cmake', 'python']
[0.312s] Level 1:colcon.colcon_core.package_identification:_identify(src/libcamera/include/libcamera/ipa) by extension 'cmake'
[0.312s] Level 1:colcon.colcon_core.package_identification:_identify(src/libcamera/include/libcamera/ipa) by extension 'python'
[0.312s] Level 1:colcon.colcon_core.package_identification:_identify(src/libcamera/include/libcamera/ipa) by extensions ['python_setup_py']
[0.312s] Level 1:colcon.colcon_core.package_identification:_identify(src/libcamera/include/libcamera/ipa) by extension 'python_setup_py'
[0.312s] Level 1:colcon.colcon_core.package_identification:_identify(src/libcamera/include/linux) by extensions ['ignore', 'ignore_ament_install']
[0.312s] Level 1:colcon.colcon_core.package_identification:_identify(src/libcamera/include/linux) by extension 'ignore'
[0.312s] Level 1:colcon.colcon_core.package_identification:_identify(src/libcamera/include/linux) by extension 'ignore_ament_install'
[0.312s] Level 1:colcon.colcon_core.package_identification:_identify(src/libcamera/include/linux) by extensions ['colcon_pkg']
[0.312s] Level 1:colcon.colcon_core.package_identification:_identify(src/libcamera/include/linux) by extension 'colcon_pkg'
[0.312s] Level 1:colcon.colcon_core.package_identification:_identify(src/libcamera/include/linux) by extensions ['colcon_meta']
[0.312s] Level 1:colcon.colcon_core.package_identification:_identify(src/libcamera/include/linux) by extension 'colcon_meta'
[0.312s] Level 1:colcon.colcon_core.package_identification:_identify(src/libcamera/include/linux) by extensions ['ros']
[0.312s] Level 1:colcon.colcon_core.package_identification:_identify(src/libcamera/include/linux) by extension 'ros'
[0.312s] Level 1:colcon.colcon_core.package_identification:_identify(src/libcamera/include/linux) by extensions ['cmake', 'python']
[0.312s] Level 1:colcon.colcon_core.package_identification:_identify(src/libcamera/include/linux) by extension 'cmake'
[0.312s] Level 1:colcon.colcon_core.package_identification:_identify(src/libcamera/include/linux) by extension 'python'
[0.312s] Level 1:colcon.colcon_core.package_identification:_identify(src/libcamera/include/linux) by extensions ['python_setup_py']
[0.312s] Level 1:colcon.colcon_core.package_identification:_identify(src/libcamera/include/linux) by extension 'python_setup_py'
[0.312s] Level 1:colcon.colcon_core.package_identification:_identify(src/libcamera/src) by extensions ['ignore', 'ignore_ament_install']
[0.312s] Level 1:colcon.colcon_core.package_identification:_identify(src/libcamera/src) by extension 'ignore'
[0.312s] Level 1:colcon.colcon_core.package_identification:_identify(src/libcamera/src) by extension 'ignore_ament_install'
[0.312s] Level 1:colcon.colcon_core.package_identification:_identify(src/libcamera/src) by extensions ['colcon_pkg']
[0.312s] Level 1:colcon.colcon_core.package_identification:_identify(src/libcamera/src) by extension 'colcon_pkg'
[0.312s] Level 1:colcon.colcon_core.package_identification:_identify(src/libcamera/src) by extensions ['colcon_meta']
[0.312s] Level 1:colcon.colcon_core.package_identification:_identify(src/libcamera/src) by extension 'colcon_meta'
[0.312s] Level 1:colcon.colcon_core.package_identification:_identify(src/libcamera/src) by extensions ['ros']
[0.312s] Level 1:colcon.colcon_core.package_identification:_identify(src/libcamera/src) by extension 'ros'
[0.313s] Level 1:colcon.colcon_core.package_identification:_identify(src/libcamera/src) by extensions ['cmake', 'python']
[0.313s] Level 1:colcon.colcon_core.package_identification:_identify(src/libcamera/src) by extension 'cmake'
[0.313s] Level 1:colcon.colcon_core.package_identification:_identify(src/libcamera/src) by extension 'python'
[0.313s] Level 1:colcon.colcon_core.package_identification:_identify(src/libcamera/src) by extensions ['python_setup_py']
[0.313s] Level 1:colcon.colcon_core.package_identification:_identify(src/libcamera/src) by extension 'python_setup_py'
[0.313s] Level 1:colcon.colcon_core.package_identification:_identify(src/libcamera/src/android) by extensions ['ignore', 'ignore_ament_install']
[0.313s] Level 1:colcon.colcon_core.package_identification:_identify(src/libcamera/src/android) by extension 'ignore'
[0.313s] Level 1:colcon.colcon_core.package_identification:_identify(src/libcamera/src/android) by extension 'ignore_ament_install'
[0.313s] Level 1:colcon.colcon_core.package_identification:_identify(src/libcamera/src/android) by extensions ['colcon_pkg']
[0.313s] Level 1:colcon.colcon_core.package_identification:_identify(src/libcamera/src/android) by extension 'colcon_pkg'
[0.313s] Level 1:colcon.colcon_core.package_identification:_identify(src/libcamera/src/android) by extensions ['colcon_meta']
[0.313s] Level 1:colcon.colcon_core.package_identification:_identify(src/libcamera/src/android) by extension 'colcon_meta'
[0.313s] Level 1:colcon.colcon_core.package_identification:_identify(src/libcamera/src/android) by extensions ['ros']
[0.313s] Level 1:colcon.colcon_core.package_identification:_identify(src/libcamera/src/android) by extension 'ros'
[0.313s] Level 1:colcon.colcon_core.package_identification:_identify(src/libcamera/src/android) by extensions ['cmake', 'python']
[0.313s] Level 1:colcon.colcon_core.package_identification:_identify(src/libcamera/src/android) by extension 'cmake'
[0.313s] Level 1:colcon.colcon_core.package_identification:_identify(src/libcamera/src/android) by extension 'python'
[0.313s] Level 1:colcon.colcon_core.package_identification:_identify(src/libcamera/src/android) by extensions ['python_setup_py']
[0.313s] Level 1:colcon.colcon_core.package_identification:_identify(src/libcamera/src/android) by extension 'python_setup_py'
[0.313s] Level 1:colcon.colcon_core.package_identification:_identify(src/libcamera/src/android/cros) by extensions ['ignore', 'ignore_ament_install']
[0.313s] Level 1:colcon.colcon_core.package_identification:_identify(src/libcamera/src/android/cros) by extension 'ignore'
[0.313s] Level 1:colcon.colcon_core.package_identification:_identify(src/libcamera/src/android/cros) by extension 'ignore_ament_install'
[0.313s] Level 1:colcon.colcon_core.package_identification:_identify(src/libcamera/src/android/cros) by extensions ['colcon_pkg']
[0.313s] Level 1:colcon.colcon_core.package_identification:_identify(src/libcamera/src/android/cros) by extension 'colcon_pkg'
[0.313s] Level 1:colcon.colcon_core.package_identification:_identify(src/libcamera/src/android/cros) by extensions ['colcon_meta']
[0.313s] Level 1:colcon.colcon_core.package_identification:_identify(src/libcamera/src/android/cros) by extension 'colcon_meta'
[0.313s] Level 1:colcon.colcon_core.package_identification:_identify(src/libcamera/src/android/cros) by extensions ['ros']
[0.313s] Level 1:colcon.colcon_core.package_identification:_identify(src/libcamera/src/android/cros) by extension 'ros'
[0.314s] Level 1:colcon.colcon_core.package_identification:_identify(src/libcamera/src/android/cros) by extensions ['cmake', 'python']
[0.314s] Level 1:colcon.colcon_core.package_identification:_identify(src/libcamera/src/android/cros) by extension 'cmake'
[0.314s] Level 1:colcon.colcon_core.package_identification:_identify(src/libcamera/src/android/cros) by extension 'python'
[0.314s] Level 1:colcon.colcon_core.package_identification:_identify(src/libcamera/src/android/cros) by extensions ['python_setup_py']
[0.314s] Level 1:colcon.colcon_core.package_identification:_identify(src/libcamera/src/android/cros) by extension 'python_setup_py'
[0.314s] Level 1:colcon.colcon_core.package_identification:_identify(src/libcamera/src/android/data) by extensions ['ignore', 'ignore_ament_install']
[0.314s] Level 1:colcon.colcon_core.package_identification:_identify(src/libcamera/src/android/data) by extension 'ignore'
[0.314s] Level 1:colcon.colcon_core.package_identification:_identify(src/libcamera/src/android/data) by extension 'ignore_ament_install'
[0.314s] Level 1:colcon.colcon_core.package_identification:_identify(src/libcamera/src/android/data) by extensions ['colcon_pkg']
[0.314s] Level 1:colcon.colcon_core.package_identification:_identify(src/libcamera/src/android/data) by extension 'colcon_pkg'
[0.314s] Level 1:colcon.colcon_core.package_identification:_identify(src/libcamera/src/android/data) by extensions ['colcon_meta']
[0.314s] Level 1:colcon.colcon_core.package_identification:_identify(src/libcamera/src/android/data) by extension 'colcon_meta'
[0.314s] Level 1:colcon.colcon_core.package_identification:_identify(src/libcamera/src/android/data) by extensions ['ros']
[0.314s] Level 1:colcon.colcon_core.package_identification:_identify(src/libcamera/src/android/data) by extension 'ros'
[0.314s] Level 1:colcon.colcon_core.package_identification:_identify(src/libcamera/src/android/data) by extensions ['cmake', 'python']
[0.314s] Level 1:colcon.colcon_core.package_identification:_identify(src/libcamera/src/android/data) by extension 'cmake'
[0.314s] Level 1:colcon.colcon_core.package_identification:_identify(src/libcamera/src/android/data) by extension 'python'
[0.314s] Level 1:colcon.colcon_core.package_identification:_identify(src/libcamera/src/android/data) by extensions ['python_setup_py']
[0.314s] Level 1:colcon.colcon_core.package_identification:_identify(src/libcamera/src/android/data) by extension 'python_setup_py'
[0.314s] Level 1:colcon.colcon_core.package_identification:_identify(src/libcamera/src/android/data/nautilus) by extensions ['ignore', 'ignore_ament_install']
[0.314s] Level 1:colcon.colcon_core.package_identification:_identify(src/libcamera/src/android/data/nautilus) by extension 'ignore'
[0.314s] Level 1:colcon.colcon_core.package_identification:_identify(src/libcamera/src/android/data/nautilus) by extension 'ignore_ament_install'
[0.314s] Level 1:colcon.colcon_core.package_identification:_identify(src/libcamera/src/android/data/nautilus) by extensions ['colcon_pkg']
[0.314s] Level 1:colcon.colcon_core.package_identification:_identify(src/libcamera/src/android/data/nautilus) by extension 'colcon_pkg'
[0.314s] Level 1:colcon.colcon_core.package_identification:_identify(src/libcamera/src/android/data/nautilus) by extensions ['colcon_meta']
[0.314s] Level 1:colcon.colcon_core.package_identification:_identify(src/libcamera/src/android/data/nautilus) by extension 'colcon_meta'
[0.314s] Level 1:colcon.colcon_core.package_identification:_identify(src/libcamera/src/android/data/nautilus) by extensions ['ros']
[0.314s] Level 1:colcon.colcon_core.package_identification:_identify(src/libcamera/src/android/data/nautilus) by extension 'ros'
[0.315s] Level 1:colcon.colcon_core.package_identification:_identify(src/libcamera/src/android/data/nautilus) by extensions ['cmake', 'python']
[0.315s] Level 1:colcon.colcon_core.package_identification:_identify(src/libcamera/src/android/data/nautilus) by extension 'cmake'
[0.315s] Level 1:colcon.colcon_core.package_identification:_identify(src/libcamera/src/android/data/nautilus) by extension 'python'
[0.315s] Level 1:colcon.colcon_core.package_identification:_identify(src/libcamera/src/android/data/nautilus) by extensions ['python_setup_py']
[0.315s] Level 1:colcon.colcon_core.package_identification:_identify(src/libcamera/src/android/data/nautilus) by extension 'python_setup_py'
[0.315s] Level 1:colcon.colcon_core.package_identification:_identify(src/libcamera/src/android/data/soraka) by extensions ['ignore', 'ignore_ament_install']
[0.315s] Level 1:colcon.colcon_core.package_identification:_identify(src/libcamera/src/android/data/soraka) by extension 'ignore'
[0.315s] Level 1:colcon.colcon_core.package_identification:_identify(src/libcamera/src/android/data/soraka) by extension 'ignore_ament_install'
[0.315s] Level 1:colcon.colcon_core.package_identification:_identify(src/libcamera/src/android/data/soraka) by extensions ['colcon_pkg']
[0.315s] Level 1:colcon.colcon_core.package_identification:_identify(src/libcamera/src/android/data/soraka) by extension 'colcon_pkg'
[0.315s] Level 1:colcon.colcon_core.package_identification:_identify(src/libcamera/src/android/data/soraka) by extensions ['colcon_meta']
[0.315s] Level 1:colcon.colcon_core.package_identification:_identify(src/libcamera/src/android/data/soraka) by extension 'colcon_meta'
[0.315s] Level 1:colcon.colcon_core.package_identification:_identify(src/libcamera/src/android/data/soraka) by extensions ['ros']
[0.315s] Level 1:colcon.colcon_core.package_identification:_identify(src/libcamera/src/android/data/soraka) by extension 'ros'
[0.315s] Level 1:colcon.colcon_core.package_identification:_identify(src/libcamera/src/android/data/soraka) by extensions ['cmake', 'python']
[0.315s] Level 1:colcon.colcon_core.package_identification:_identify(src/libcamera/src/android/data/soraka) by extension 'cmake'
[0.315s] Level 1:colcon.colcon_core.package_identification:_identify(src/libcamera/src/android/data/soraka) by extension 'python'
[0.315s] Level 1:colcon.colcon_core.package_identification:_identify(src/libcamera/src/android/data/soraka) by extensions ['python_setup_py']
[0.315s] Level 1:colcon.colcon_core.package_identification:_identify(src/libcamera/src/android/data/soraka) by extension 'python_setup_py'
[0.315s] Level 1:colcon.colcon_core.package_identification:_identify(src/libcamera/src/android/jpeg) by extensions ['ignore', 'ignore_ament_install']
[0.315s] Level 1:colcon.colcon_core.package_identification:_identify(src/libcamera/src/android/jpeg) by extension 'ignore'
[0.315s] Level 1:colcon.colcon_core.package_identification:_identify(src/libcamera/src/android/jpeg) by extension 'ignore_ament_install'
[0.315s] Level 1:colcon.colcon_core.package_identification:_identify(src/libcamera/src/android/jpeg) by extensions ['colcon_pkg']
[0.315s] Level 1:colcon.colcon_core.package_identification:_identify(src/libcamera/src/android/jpeg) by extension 'colcon_pkg'
[0.315s] Level 1:colcon.colcon_core.package_identification:_identify(src/libcamera/src/android/jpeg) by extensions ['colcon_meta']
[0.315s] Level 1:colcon.colcon_core.package_identification:_identify(src/libcamera/src/android/jpeg) by extension 'colcon_meta'
[0.316s] Level 1:colcon.colcon_core.package_identification:_identify(src/libcamera/src/android/jpeg) by extensions ['ros']
[0.316s] Level 1:colcon.colcon_core.package_identification:_identify(src/libcamera/src/android/jpeg) by extension 'ros'
[0.316s] Level 1:colcon.colcon_core.package_identification:_identify(src/libcamera/src/android/jpeg) by extensions ['cmake', 'python']
[0.316s] Level 1:colcon.colcon_core.package_identification:_identify(src/libcamera/src/android/jpeg) by extension 'cmake'
[0.316s] Level 1:colcon.colcon_core.package_identification:_identify(src/libcamera/src/android/jpeg) by extension 'python'
[0.316s] Level 1:colcon.colcon_core.package_identification:_identify(src/libcamera/src/android/jpeg) by extensions ['python_setup_py']
[0.316s] Level 1:colcon.colcon_core.package_identification:_identify(src/libcamera/src/android/jpeg) by extension 'python_setup_py'
[0.316s] Level 1:colcon.colcon_core.package_identification:_identify(src/libcamera/src/android/metadata) by extensions ['ignore', 'ignore_ament_install']
[0.316s] Level 1:colcon.colcon_core.package_identification:_identify(src/libcamera/src/android/metadata) by extension 'ignore'
[0.316s] Level 1:colcon.colcon_core.package_identification:_identify(src/libcamera/src/android/metadata) by extension 'ignore_ament_install'
[0.316s] Level 1:colcon.colcon_core.package_identification:_identify(src/libcamera/src/android/metadata) by extensions ['colcon_pkg']
[0.316s] Level 1:colcon.colcon_core.package_identification:_identify(src/libcamera/src/android/metadata) by extension 'colcon_pkg'
[0.316s] Level 1:colcon.colcon_core.package_identification:_identify(src/libcamera/src/android/metadata) by extensions ['colcon_meta']
[0.316s] Level 1:colcon.colcon_core.package_identification:_identify(src/libcamera/src/android/metadata) by extension 'colcon_meta'
[0.316s] Level 1:colcon.colcon_core.package_identification:_identify(src/libcamera/src/android/metadata) by extensions ['ros']
[0.316s] Level 1:colcon.colcon_core.package_identification:_identify(src/libcamera/src/android/metadata) by extension 'ros'
[0.316s] Level 1:colcon.colcon_core.package_identification:_identify(src/libcamera/src/android/metadata) by extensions ['cmake', 'python']
[0.316s] Level 1:colcon.colcon_core.package_identification:_identify(src/libcamera/src/android/metadata) by extension 'cmake'
[0.316s] Level 1:colcon.colcon_core.package_identification:_identify(src/libcamera/src/android/metadata) by extension 'python'
[0.316s] Level 1:colcon.colcon_core.package_identification:_identify(src/libcamera/src/android/metadata) by extensions ['python_setup_py']
[0.316s] Level 1:colcon.colcon_core.package_identification:_identify(src/libcamera/src/android/metadata) by extension 'python_setup_py'
[0.316s] Level 1:colcon.colcon_core.package_identification:_identify(src/libcamera/src/android/mm) by extensions ['ignore', 'ignore_ament_install']
[0.316s] Level 1:colcon.colcon_core.package_identification:_identify(src/libcamera/src/android/mm) by extension 'ignore'
[0.316s] Level 1:colcon.colcon_core.package_identification:_identify(src/libcamera/src/android/mm) by extension 'ignore_ament_install'
[0.316s] Level 1:colcon.colcon_core.package_identification:_identify(src/libcamera/src/android/mm) by extensions ['colcon_pkg']
[0.317s] Level 1:colcon.colcon_core.package_identification:_identify(src/libcamera/src/android/mm) by extension 'colcon_pkg'
[0.317s] Level 1:colcon.colcon_core.package_identification:_identify(src/libcamera/src/android/mm) by extensions ['colcon_meta']
[0.317s] Level 1:colcon.colcon_core.package_identification:_identify(src/libcamera/src/android/mm) by extension 'colcon_meta'
[0.317s] Level 1:colcon.colcon_core.package_identification:_identify(src/libcamera/src/android/mm) by extensions ['ros']
[0.317s] Level 1:colcon.colcon_core.package_identification:_identify(src/libcamera/src/android/mm) by extension 'ros'
[0.317s] Level 1:colcon.colcon_core.package_identification:_identify(src/libcamera/src/android/mm) by extensions ['cmake', 'python']
[0.317s] Level 1:colcon.colcon_core.package_identification:_identify(src/libcamera/src/android/mm) by extension 'cmake'
[0.317s] Level 1:colcon.colcon_core.package_identification:_identify(src/libcamera/src/android/mm) by extension 'python'
[0.317s] Level 1:colcon.colcon_core.package_identification:_identify(src/libcamera/src/android/mm) by extensions ['python_setup_py']
[0.317s] Level 1:colcon.colcon_core.package_identification:_identify(src/libcamera/src/android/mm) by extension 'python_setup_py'
[0.317s] Level 1:colcon.colcon_core.package_identification:_identify(src/libcamera/src/android/yuv) by extensions ['ignore', 'ignore_ament_install']
[0.317s] Level 1:colcon.colcon_core.package_identification:_identify(src/libcamera/src/android/yuv) by extension 'ignore'
[0.317s] Level 1:colcon.colcon_core.package_identification:_identify(src/libcamera/src/android/yuv) by extension 'ignore_ament_install'
[0.317s] Level 1:colcon.colcon_core.package_identification:_identify(src/libcamera/src/android/yuv) by extensions ['colcon_pkg']
[0.317s] Level 1:colcon.colcon_core.package_identification:_identify(src/libcamera/src/android/yuv) by extension 'colcon_pkg'
[0.317s] Level 1:colcon.colcon_core.package_identification:_identify(src/libcamera/src/android/yuv) by extensions ['colcon_meta']
[0.317s] Level 1:colcon.colcon_core.package_identification:_identify(src/libcamera/src/android/yuv) by extension 'colcon_meta'
[0.317s] Level 1:colcon.colcon_core.package_identification:_identify(src/libcamera/src/android/yuv) by extensions ['ros']
[0.317s] Level 1:colcon.colcon_core.package_identification:_identify(src/libcamera/src/android/yuv) by extension 'ros'
[0.317s] Level 1:colcon.colcon_core.package_identification:_identify(src/libcamera/src/android/yuv) by extensions ['cmake', 'python']
[0.317s] Level 1:colcon.colcon_core.package_identification:_identify(src/libcamera/src/android/yuv) by extension 'cmake'
[0.317s] Level 1:colcon.colcon_core.package_identification:_identify(src/libcamera/src/android/yuv) by extension 'python'
[0.317s] Level 1:colcon.colcon_core.package_identification:_identify(src/libcamera/src/android/yuv) by extensions ['python_setup_py']
[0.317s] Level 1:colcon.colcon_core.package_identification:_identify(src/libcamera/src/android/yuv) by extension 'python_setup_py'
[0.317s] Level 1:colcon.colcon_core.package_identification:_identify(src/libcamera/src/apps) by extensions ['ignore', 'ignore_ament_install']
[0.317s] Level 1:colcon.colcon_core.package_identification:_identify(src/libcamera/src/apps) by extension 'ignore'
[0.317s] Level 1:colcon.colcon_core.package_identification:_identify(src/libcamera/src/apps) by extension 'ignore_ament_install'
[0.318s] Level 1:colcon.colcon_core.package_identification:_identify(src/libcamera/src/apps) by extensions ['colcon_pkg']
[0.318s] Level 1:colcon.colcon_core.package_identification:_identify(src/libcamera/src/apps) by extension 'colcon_pkg'
[0.318s] Level 1:colcon.colcon_core.package_identification:_identify(src/libcamera/src/apps) by extensions ['colcon_meta']
[0.318s] Level 1:colcon.colcon_core.package_identification:_identify(src/libcamera/src/apps) by extension 'colcon_meta'
[0.318s] Level 1:colcon.colcon_core.package_identification:_identify(src/libcamera/src/apps) by extensions ['ros']
[0.318s] Level 1:colcon.colcon_core.package_identification:_identify(src/libcamera/src/apps) by extension 'ros'
[0.318s] Level 1:colcon.colcon_core.package_identification:_identify(src/libcamera/src/apps) by extensions ['cmake', 'python']
[0.318s] Level 1:colcon.colcon_core.package_identification:_identify(src/libcamera/src/apps) by extension 'cmake'
[0.318s] Level 1:colcon.colcon_core.package_identification:_identify(src/libcamera/src/apps) by extension 'python'
[0.318s] Level 1:colcon.colcon_core.package_identification:_identify(src/libcamera/src/apps) by extensions ['python_setup_py']
[0.318s] Level 1:colcon.colcon_core.package_identification:_identify(src/libcamera/src/apps) by extension 'python_setup_py'
[0.318s] Level 1:colcon.colcon_core.package_identification:_identify(src/libcamera/src/apps/cam) by extensions ['ignore', 'ignore_ament_install']
[0.318s] Level 1:colcon.colcon_core.package_identification:_identify(src/libcamera/src/apps/cam) by extension 'ignore'
[0.318s] Level 1:colcon.colcon_core.package_identification:_identify(src/libcamera/src/apps/cam) by extension 'ignore_ament_install'
[0.318s] Level 1:colcon.colcon_core.package_identification:_identify(src/libcamera/src/apps/cam) by extensions ['colcon_pkg']
[0.318s] Level 1:colcon.colcon_core.package_identification:_identify(src/libcamera/src/apps/cam) by extension 'colcon_pkg'
[0.318s] Level 1:colcon.colcon_core.package_identification:_identify(src/libcamera/src/apps/cam) by extensions ['colcon_meta']
[0.318s] Level 1:colcon.colcon_core.package_identification:_identify(src/libcamera/src/apps/cam) by extension 'colcon_meta'
[0.318s] Level 1:colcon.colcon_core.package_identification:_identify(src/libcamera/src/apps/cam) by extensions ['ros']
[0.318s] Level 1:colcon.colcon_core.package_identification:_identify(src/libcamera/src/apps/cam) by extension 'ros'
[0.318s] Level 1:colcon.colcon_core.package_identification:_identify(src/libcamera/src/apps/cam) by extensions ['cmake', 'python']
[0.318s] Level 1:colcon.colcon_core.package_identification:_identify(src/libcamera/src/apps/cam) by extension 'cmake'
[0.318s] Level 1:colcon.colcon_core.package_identification:_identify(src/libcamera/src/apps/cam) by extension 'python'
[0.318s] Level 1:colcon.colcon_core.package_identification:_identify(src/libcamera/src/apps/cam) by extensions ['python_setup_py']
[0.318s] Level 1:colcon.colcon_core.package_identification:_identify(src/libcamera/src/apps/cam) by extension 'python_setup_py'
[0.319s] Level 1:colcon.colcon_core.package_identification:_identify(src/libcamera/src/apps/common) by extensions ['ignore', 'ignore_ament_install']
[0.319s] Level 1:colcon.colcon_core.package_identification:_identify(src/libcamera/src/apps/common) by extension 'ignore'
[0.319s] Level 1:colcon.colcon_core.package_identification:_identify(src/libcamera/src/apps/common) by extension 'ignore_ament_install'
[0.319s] Level 1:colcon.colcon_core.package_identification:_identify(src/libcamera/src/apps/common) by extensions ['colcon_pkg']
[0.319s] Level 1:colcon.colcon_core.package_identification:_identify(src/libcamera/src/apps/common) by extension 'colcon_pkg'
[0.319s] Level 1:colcon.colcon_core.package_identification:_identify(src/libcamera/src/apps/common) by extensions ['colcon_meta']
[0.319s] Level 1:colcon.colcon_core.package_identification:_identify(src/libcamera/src/apps/common) by extension 'colcon_meta'
[0.319s] Level 1:colcon.colcon_core.package_identification:_identify(src/libcamera/src/apps/common) by extensions ['ros']
[0.319s] Level 1:colcon.colcon_core.package_identification:_identify(src/libcamera/src/apps/common) by extension 'ros'
[0.319s] Level 1:colcon.colcon_core.package_identification:_identify(src/libcamera/src/apps/common) by extensions ['cmake', 'python']
[0.319s] Level 1:colcon.colcon_core.package_identification:_identify(src/libcamera/src/apps/common) by extension 'cmake'
[0.319s] Level 1:colcon.colcon_core.package_identification:_identify(src/libcamera/src/apps/common) by extension 'python'
[0.319s] Level 1:colcon.colcon_core.package_identification:_identify(src/libcamera/src/apps/common) by extensions ['python_setup_py']
[0.319s] Level 1:colcon.colcon_core.package_identification:_identify(src/libcamera/src/apps/common) by extension 'python_setup_py'
[0.319s] Level 1:colcon.colcon_core.package_identification:_identify(src/libcamera/src/apps/ipa-verify) by extensions ['ignore', 'ignore_ament_install']
[0.319s] Level 1:colcon.colcon_core.package_identification:_identify(src/libcamera/src/apps/ipa-verify) by extension 'ignore'
[0.319s] Level 1:colcon.colcon_core.package_identification:_identify(src/libcamera/src/apps/ipa-verify) by extension 'ignore_ament_install'
[0.319s] Level 1:colcon.colcon_core.package_identification:_identify(src/libcamera/src/apps/ipa-verify) by extensions ['colcon_pkg']
[0.319s] Level 1:colcon.colcon_core.package_identification:_identify(src/libcamera/src/apps/ipa-verify) by extension 'colcon_pkg'
[0.319s] Level 1:colcon.colcon_core.package_identification:_identify(src/libcamera/src/apps/ipa-verify) by extensions ['colcon_meta']
[0.319s] Level 1:colcon.colcon_core.package_identification:_identify(src/libcamera/src/apps/ipa-verify) by extension 'colcon_meta'
[0.319s] Level 1:colcon.colcon_core.package_identification:_identify(src/libcamera/src/apps/ipa-verify) by extensions ['ros']
[0.319s] Level 1:colcon.colcon_core.package_identification:_identify(src/libcamera/src/apps/ipa-verify) by extension 'ros'
[0.320s] Level 1:colcon.colcon_core.package_identification:_identify(src/libcamera/src/apps/ipa-verify) by extensions ['cmake', 'python']
[0.320s] Level 1:colcon.colcon_core.package_identification:_identify(src/libcamera/src/apps/ipa-verify) by extension 'cmake'
[0.320s] Level 1:colcon.colcon_core.package_identification:_identify(src/libcamera/src/apps/ipa-verify) by extension 'python'
[0.320s] Level 1:colcon.colcon_core.package_identification:_identify(src/libcamera/src/apps/ipa-verify) by extensions ['python_setup_py']
[0.320s] Level 1:colcon.colcon_core.package_identification:_identify(src/libcamera/src/apps/ipa-verify) by extension 'python_setup_py'
[0.320s] Level 1:colcon.colcon_core.package_identification:_identify(src/libcamera/src/apps/lc-compliance) by extensions ['ignore', 'ignore_ament_install']
[0.320s] Level 1:colcon.colcon_core.package_identification:_identify(src/libcamera/src/apps/lc-compliance) by extension 'ignore'
[0.320s] Level 1:colcon.colcon_core.package_identification:_identify(src/libcamera/src/apps/lc-compliance) by extension 'ignore_ament_install'
[0.320s] Level 1:colcon.colcon_core.package_identification:_identify(src/libcamera/src/apps/lc-compliance) by extensions ['colcon_pkg']
[0.320s] Level 1:colcon.colcon_core.package_identification:_identify(src/libcamera/src/apps/lc-compliance) by extension 'colcon_pkg'
[0.320s] Level 1:colcon.colcon_core.package_identification:_identify(src/libcamera/src/apps/lc-compliance) by extensions ['colcon_meta']
[0.320s] Level 1:colcon.colcon_core.package_identification:_identify(src/libcamera/src/apps/lc-compliance) by extension 'colcon_meta'
[0.320s] Level 1:colcon.colcon_core.package_identification:_identify(src/libcamera/src/apps/lc-compliance) by extensions ['ros']
[0.320s] Level 1:colcon.colcon_core.package_identification:_identify(src/libcamera/src/apps/lc-compliance) by extension 'ros'
[0.320s] Level 1:colcon.colcon_core.package_identification:_identify(src/libcamera/src/apps/lc-compliance) by extensions ['cmake', 'python']
[0.320s] Level 1:colcon.colcon_core.package_identification:_identify(src/libcamera/src/apps/lc-compliance) by extension 'cmake'
[0.320s] Level 1:colcon.colcon_core.package_identification:_identify(src/libcamera/src/apps/lc-compliance) by extension 'python'
[0.320s] Level 1:colcon.colcon_core.package_identification:_identify(src/libcamera/src/apps/lc-compliance) by extensions ['python_setup_py']
[0.320s] Level 1:colcon.colcon_core.package_identification:_identify(src/libcamera/src/apps/lc-compliance) by extension 'python_setup_py'
[0.320s] Level 1:colcon.colcon_core.package_identification:_identify(src/libcamera/src/apps/lc-compliance/helpers) by extensions ['ignore', 'ignore_ament_install']
[0.320s] Level 1:colcon.colcon_core.package_identification:_identify(src/libcamera/src/apps/lc-compliance/helpers) by extension 'ignore'
[0.320s] Level 1:colcon.colcon_core.package_identification:_identify(src/libcamera/src/apps/lc-compliance/helpers) by extension 'ignore_ament_install'
[0.320s] Level 1:colcon.colcon_core.package_identification:_identify(src/libcamera/src/apps/lc-compliance/helpers) by extensions ['colcon_pkg']
[0.320s] Level 1:colcon.colcon_core.package_identification:_identify(src/libcamera/src/apps/lc-compliance/helpers) by extension 'colcon_pkg'
[0.321s] Level 1:colcon.colcon_core.package_identification:_identify(src/libcamera/src/apps/lc-compliance/helpers) by extensions ['colcon_meta']
[0.321s] Level 1:colcon.colcon_core.package_identification:_identify(src/libcamera/src/apps/lc-compliance/helpers) by extension 'colcon_meta'
[0.321s] Level 1:colcon.colcon_core.package_identification:_identify(src/libcamera/src/apps/lc-compliance/helpers) by extensions ['ros']
[0.321s] Level 1:colcon.colcon_core.package_identification:_identify(src/libcamera/src/apps/lc-compliance/helpers) by extension 'ros'
[0.321s] Level 1:colcon.colcon_core.package_identification:_identify(src/libcamera/src/apps/lc-compliance/helpers) by extensions ['cmake', 'python']
[0.321s] Level 1:colcon.colcon_core.package_identification:_identify(src/libcamera/src/apps/lc-compliance/helpers) by extension 'cmake'
[0.321s] Level 1:colcon.colcon_core.package_identification:_identify(src/libcamera/src/apps/lc-compliance/helpers) by extension 'python'
[0.321s] Level 1:colcon.colcon_core.package_identification:_identify(src/libcamera/src/apps/lc-compliance/helpers) by extensions ['python_setup_py']
[0.321s] Level 1:colcon.colcon_core.package_identification:_identify(src/libcamera/src/apps/lc-compliance/helpers) by extension 'python_setup_py'
[0.321s] Level 1:colcon.colcon_core.package_identification:_identify(src/libcamera/src/apps/lc-compliance/tests) by extensions ['ignore', 'ignore_ament_install']
[0.321s] Level 1:colcon.colcon_core.package_identification:_identify(src/libcamera/src/apps/lc-compliance/tests) by extension 'ignore'
[0.321s] Level 1:colcon.colcon_core.package_identification:_identify(src/libcamera/src/apps/lc-compliance/tests) by extension 'ignore_ament_install'
[0.321s] Level 1:colcon.colcon_core.package_identification:_identify(src/libcamera/src/apps/lc-compliance/tests) by extensions ['colcon_pkg']
[0.321s] Level 1:colcon.colcon_core.package_identification:_identify(src/libcamera/src/apps/lc-compliance/tests) by extension 'colcon_pkg'
[0.321s] Level 1:colcon.colcon_core.package_identification:_identify(src/libcamera/src/apps/lc-compliance/tests) by extensions ['colcon_meta']
[0.321s] Level 1:colcon.colcon_core.package_identification:_identify(src/libcamera/src/apps/lc-compliance/tests) by extension 'colcon_meta'
[0.321s] Level 1:colcon.colcon_core.package_identification:_identify(src/libcamera/src/apps/lc-compliance/tests) by extensions ['ros']
[0.321s] Level 1:colcon.colcon_core.package_identification:_identify(src/libcamera/src/apps/lc-compliance/tests) by extension 'ros'
[0.321s] Level 1:colcon.colcon_core.package_identification:_identify(src/libcamera/src/apps/lc-compliance/tests) by extensions ['cmake', 'python']
[0.321s] Level 1:colcon.colcon_core.package_identification:_identify(src/libcamera/src/apps/lc-compliance/tests) by extension 'cmake'
[0.321s] Level 1:colcon.colcon_core.package_identification:_identify(src/libcamera/src/apps/lc-compliance/tests) by extension 'python'
[0.321s] Level 1:colcon.colcon_core.package_identification:_identify(src/libcamera/src/apps/lc-compliance/tests) by extensions ['python_setup_py']
[0.321s] Level 1:colcon.colcon_core.package_identification:_identify(src/libcamera/src/apps/lc-compliance/tests) by extension 'python_setup_py'
[0.321s] Level 1:colcon.colcon_core.package_identification:_identify(src/libcamera/src/apps/qcam) by extensions ['ignore', 'ignore_ament_install']
[0.321s] Level 1:colcon.colcon_core.package_identification:_identify(src/libcamera/src/apps/qcam) by extension 'ignore'
[0.321s] Level 1:colcon.colcon_core.package_identification:_identify(src/libcamera/src/apps/qcam) by extension 'ignore_ament_install'
[0.321s] Level 1:colcon.colcon_core.package_identification:_identify(src/libcamera/src/apps/qcam) by extensions ['colcon_pkg']
[0.322s] Level 1:colcon.colcon_core.package_identification:_identify(src/libcamera/src/apps/qcam) by extension 'colcon_pkg'
[0.322s] Level 1:colcon.colcon_core.package_identification:_identify(src/libcamera/src/apps/qcam) by extensions ['colcon_meta']
[0.322s] Level 1:colcon.colcon_core.package_identification:_identify(src/libcamera/src/apps/qcam) by extension 'colcon_meta'
[0.322s] Level 1:colcon.colcon_core.package_identification:_identify(src/libcamera/src/apps/qcam) by extensions ['ros']
[0.322s] Level 1:colcon.colcon_core.package_identification:_identify(src/libcamera/src/apps/qcam) by extension 'ros'
[0.322s] Level 1:colcon.colcon_core.package_identification:_identify(src/libcamera/src/apps/qcam) by extensions ['cmake', 'python']
[0.322s] Level 1:colcon.colcon_core.package_identification:_identify(src/libcamera/src/apps/qcam) by extension 'cmake'
[0.322s] Level 1:colcon.colcon_core.package_identification:_identify(src/libcamera/src/apps/qcam) by extension 'python'
[0.322s] Level 1:colcon.colcon_core.package_identification:_identify(src/libcamera/src/apps/qcam) by extensions ['python_setup_py']
[0.322s] Level 1:colcon.colcon_core.package_identification:_identify(src/libcamera/src/apps/qcam) by extension 'python_setup_py'
[0.322s] Level 1:colcon.colcon_core.package_identification:_identify(src/libcamera/src/apps/qcam/assets) by extensions ['ignore', 'ignore_ament_install']
[0.322s] Level 1:colcon.colcon_core.package_identification:_identify(src/libcamera/src/apps/qcam/assets) by extension 'ignore'
[0.322s] Level 1:colcon.colcon_core.package_identification:_identify(src/libcamera/src/apps/qcam/assets) by extension 'ignore_ament_install'
[0.322s] Level 1:colcon.colcon_core.package_identification:_identify(src/libcamera/src/apps/qcam/assets) by extensions ['colcon_pkg']
[0.322s] Level 1:colcon.colcon_core.package_identification:_identify(src/libcamera/src/apps/qcam/assets) by extension 'colcon_pkg'
[0.322s] Level 1:colcon.colcon_core.package_identification:_identify(src/libcamera/src/apps/qcam/assets) by extensions ['colcon_meta']
[0.322s] Level 1:colcon.colcon_core.package_identification:_identify(src/libcamera/src/apps/qcam/assets) by extension 'colcon_meta'
[0.322s] Level 1:colcon.colcon_core.package_identification:_identify(src/libcamera/src/apps/qcam/assets) by extensions ['ros']
[0.322s] Level 1:colcon.colcon_core.package_identification:_identify(src/libcamera/src/apps/qcam/assets) by extension 'ros'
[0.322s] Level 1:colcon.colcon_core.package_identification:_identify(src/libcamera/src/apps/qcam/assets) by extensions ['cmake', 'python']
[0.322s] Level 1:colcon.colcon_core.package_identification:_identify(src/libcamera/src/apps/qcam/assets) by extension 'cmake'
[0.322s] Level 1:colcon.colcon_core.package_identification:_identify(src/libcamera/src/apps/qcam/assets) by extension 'python'
[0.322s] Level 1:colcon.colcon_core.package_identification:_identify(src/libcamera/src/apps/qcam/assets) by extensions ['python_setup_py']
[0.322s] Level 1:colcon.colcon_core.package_identification:_identify(src/libcamera/src/apps/qcam/assets) by extension 'python_setup_py'
[0.322s] Level 1:colcon.colcon_core.package_identification:_identify(src/libcamera/src/apps/qcam/assets/feathericons) by extensions ['ignore', 'ignore_ament_install']
[0.323s] Level 1:colcon.colcon_core.package_identification:_identify(src/libcamera/src/apps/qcam/assets/feathericons) by extension 'ignore'
[0.323s] Level 1:colcon.colcon_core.package_identification:_identify(src/libcamera/src/apps/qcam/assets/feathericons) by extension 'ignore_ament_install'
[0.323s] Level 1:colcon.colcon_core.package_identification:_identify(src/libcamera/src/apps/qcam/assets/feathericons) by extensions ['colcon_pkg']
[0.323s] Level 1:colcon.colcon_core.package_identification:_identify(src/libcamera/src/apps/qcam/assets/feathericons) by extension 'colcon_pkg'
[0.323s] Level 1:colcon.colcon_core.package_identification:_identify(src/libcamera/src/apps/qcam/assets/feathericons) by extensions ['colcon_meta']
[0.323s] Level 1:colcon.colcon_core.package_identification:_identify(src/libcamera/src/apps/qcam/assets/feathericons) by extension 'colcon_meta'
[0.323s] Level 1:colcon.colcon_core.package_identification:_identify(src/libcamera/src/apps/qcam/assets/feathericons) by extensions ['ros']
[0.323s] Level 1:colcon.colcon_core.package_identification:_identify(src/libcamera/src/apps/qcam/assets/feathericons) by extension 'ros'
[0.323s] Level 1:colcon.colcon_core.package_identification:_identify(src/libcamera/src/apps/qcam/assets/feathericons) by extensions ['cmake', 'python']
[0.323s] Level 1:colcon.colcon_core.package_identification:_identify(src/libcamera/src/apps/qcam/assets/feathericons) by extension 'cmake'
[0.323s] Level 1:colcon.colcon_core.package_identification:_identify(src/libcamera/src/apps/qcam/assets/feathericons) by extension 'python'
[0.323s] Level 1:colcon.colcon_core.package_identification:_identify(src/libcamera/src/apps/qcam/assets/feathericons) by extensions ['python_setup_py']
[0.323s] Level 1:colcon.colcon_core.package_identification:_identify(src/libcamera/src/apps/qcam/assets/feathericons) by extension 'python_setup_py'
[0.323s] Level 1:colcon.colcon_core.package_identification:_identify(src/libcamera/src/apps/qcam/assets/shader) by extensions ['ignore', 'ignore_ament_install']
[0.323s] Level 1:colcon.colcon_core.package_identification:_identify(src/libcamera/src/apps/qcam/assets/shader) by extension 'ignore'
[0.323s] Level 1:colcon.colcon_core.package_identification:_identify(src/libcamera/src/apps/qcam/assets/shader) by extension 'ignore_ament_install'
[0.323s] Level 1:colcon.colcon_core.package_identification:_identify(src/libcamera/src/apps/qcam/assets/shader) by extensions ['colcon_pkg']
[0.323s] Level 1:colcon.colcon_core.package_identification:_identify(src/libcamera/src/apps/qcam/assets/shader) by extension 'colcon_pkg'
[0.323s] Level 1:colcon.colcon_core.package_identification:_identify(src/libcamera/src/apps/qcam/assets/shader) by extensions ['colcon_meta']
[0.323s] Level 1:colcon.colcon_core.package_identification:_identify(src/libcamera/src/apps/qcam/assets/shader) by extension 'colcon_meta'
[0.323s] Level 1:colcon.colcon_core.package_identification:_identify(src/libcamera/src/apps/qcam/assets/shader) by extensions ['ros']
[0.323s] Level 1:colcon.colcon_core.package_identification:_identify(src/libcamera/src/apps/qcam/assets/shader) by extension 'ros'
[0.323s] Level 1:colcon.colcon_core.package_identification:_identify(src/libcamera/src/apps/qcam/assets/shader) by extensions ['cmake', 'python']
[0.323s] Level 1:colcon.colcon_core.package_identification:_identify(src/libcamera/src/apps/qcam/assets/shader) by extension 'cmake'
[0.323s] Level 1:colcon.colcon_core.package_identification:_identify(src/libcamera/src/apps/qcam/assets/shader) by extension 'python'
[0.323s] Level 1:colcon.colcon_core.package_identification:_identify(src/libcamera/src/apps/qcam/assets/shader) by extensions ['python_setup_py']
[0.323s] Level 1:colcon.colcon_core.package_identification:_identify(src/libcamera/src/apps/qcam/assets/shader) by extension 'python_setup_py'
[0.324s] Level 1:colcon.colcon_core.package_identification:_identify(src/libcamera/src/gstreamer) by extensions ['ignore', 'ignore_ament_install']
[0.324s] Level 1:colcon.colcon_core.package_identification:_identify(src/libcamera/src/gstreamer) by extension 'ignore'
[0.324s] Level 1:colcon.colcon_core.package_identification:_identify(src/libcamera/src/gstreamer) by extension 'ignore_ament_install'
[0.324s] Level 1:colcon.colcon_core.package_identification:_identify(src/libcamera/src/gstreamer) by extensions ['colcon_pkg']
[0.324s] Level 1:colcon.colcon_core.package_identification:_identify(src/libcamera/src/gstreamer) by extension 'colcon_pkg'
[0.324s] Level 1:colcon.colcon_core.package_identification:_identify(src/libcamera/src/gstreamer) by extensions ['colcon_meta']
[0.324s] Level 1:colcon.colcon_core.package_identification:_identify(src/libcamera/src/gstreamer) by extension 'colcon_meta'
[0.324s] Level 1:colcon.colcon_core.package_identification:_identify(src/libcamera/src/gstreamer) by extensions ['ros']
[0.324s] Level 1:colcon.colcon_core.package_identification:_identify(src/libcamera/src/gstreamer) by extension 'ros'
[0.324s] Level 1:colcon.colcon_core.package_identification:_identify(src/libcamera/src/gstreamer) by extensions ['cmake', 'python']
[0.324s] Level 1:colcon.colcon_core.package_identification:_identify(src/libcamera/src/gstreamer) by extension 'cmake'
[0.324s] Level 1:colcon.colcon_core.package_identification:_identify(src/libcamera/src/gstreamer) by extension 'python'
[0.324s] Level 1:colcon.colcon_core.package_identification:_identify(src/libcamera/src/gstreamer) by extensions ['python_setup_py']
[0.324s] Level 1:colcon.colcon_core.package_identification:_identify(src/libcamera/src/gstreamer) by extension 'python_setup_py'
[0.324s] Level 1:colcon.colcon_core.package_identification:_identify(src/libcamera/src/ipa) by extensions ['ignore', 'ignore_ament_install']
[0.324s] Level 1:colcon.colcon_core.package_identification:_identify(src/libcamera/src/ipa) by extension 'ignore'
[0.324s] Level 1:colcon.colcon_core.package_identification:_identify(src/libcamera/src/ipa) by extension 'ignore_ament_install'
[0.324s] Level 1:colcon.colcon_core.package_identification:_identify(src/libcamera/src/ipa) by extensions ['colcon_pkg']
[0.324s] Level 1:colcon.colcon_core.package_identification:_identify(src/libcamera/src/ipa) by extension 'colcon_pkg'
[0.324s] Level 1:colcon.colcon_core.package_identification:_identify(src/libcamera/src/ipa) by extensions ['colcon_meta']
[0.324s] Level 1:colcon.colcon_core.package_identification:_identify(src/libcamera/src/ipa) by extension 'colcon_meta'
[0.324s] Level 1:colcon.colcon_core.package_identification:_identify(src/libcamera/src/ipa) by extensions ['ros']
[0.324s] Level 1:colcon.colcon_core.package_identification:_identify(src/libcamera/src/ipa) by extension 'ros'
[0.324s] Level 1:colcon.colcon_core.package_identification:_identify(src/libcamera/src/ipa) by extensions ['cmake', 'python']
[0.324s] Level 1:colcon.colcon_core.package_identification:_identify(src/libcamera/src/ipa) by extension 'cmake'
[0.324s] Level 1:colcon.colcon_core.package_identification:_identify(src/libcamera/src/ipa) by extension 'python'
[0.324s] Level 1:colcon.colcon_core.package_identification:_identify(src/libcamera/src/ipa) by extensions ['python_setup_py']
[0.324s] Level 1:colcon.colcon_core.package_identification:_identify(src/libcamera/src/ipa) by extension 'python_setup_py'
[0.325s] Level 1:colcon.colcon_core.package_identification:_identify(src/libcamera/src/ipa/ipu3) by extensions ['ignore', 'ignore_ament_install']
[0.325s] Level 1:colcon.colcon_core.package_identification:_identify(src/libcamera/src/ipa/ipu3) by extension 'ignore'
[0.325s] Level 1:colcon.colcon_core.package_identification:_identify(src/libcamera/src/ipa/ipu3) by extension 'ignore_ament_install'
[0.325s] Level 1:colcon.colcon_core.package_identification:_identify(src/libcamera/src/ipa/ipu3) by extensions ['colcon_pkg']
[0.325s] Level 1:colcon.colcon_core.package_identification:_identify(src/libcamera/src/ipa/ipu3) by extension 'colcon_pkg'
[0.325s] Level 1:colcon.colcon_core.package_identification:_identify(src/libcamera/src/ipa/ipu3) by extensions ['colcon_meta']
[0.325s] Level 1:colcon.colcon_core.package_identification:_identify(src/libcamera/src/ipa/ipu3) by extension 'colcon_meta'
[0.325s] Level 1:colcon.colcon_core.package_identification:_identify(src/libcamera/src/ipa/ipu3) by extensions ['ros']
[0.325s] Level 1:colcon.colcon_core.package_identification:_identify(src/libcamera/src/ipa/ipu3) by extension 'ros'
[0.325s] Level 1:colcon.colcon_core.package_identification:_identify(src/libcamera/src/ipa/ipu3) by extensions ['cmake', 'python']
[0.325s] Level 1:colcon.colcon_core.package_identification:_identify(src/libcamera/src/ipa/ipu3) by extension 'cmake'
[0.325s] Level 1:colcon.colcon_core.package_identification:_identify(src/libcamera/src/ipa/ipu3) by extension 'python'
[0.325s] Level 1:colcon.colcon_core.package_identification:_identify(src/libcamera/src/ipa/ipu3) by extensions ['python_setup_py']
[0.325s] Level 1:colcon.colcon_core.package_identification:_identify(src/libcamera/src/ipa/ipu3) by extension 'python_setup_py'
[0.325s] Level 1:colcon.colcon_core.package_identification:_identify(src/libcamera/src/ipa/ipu3/algorithms) by extensions ['ignore', 'ignore_ament_install']
[0.325s] Level 1:colcon.colcon_core.package_identification:_identify(src/libcamera/src/ipa/ipu3/algorithms) by extension 'ignore'
[0.325s] Level 1:colcon.colcon_core.package_identification:_identify(src/libcamera/src/ipa/ipu3/algorithms) by extension 'ignore_ament_install'
[0.325s] Level 1:colcon.colcon_core.package_identification:_identify(src/libcamera/src/ipa/ipu3/algorithms) by extensions ['colcon_pkg']
[0.325s] Level 1:colcon.colcon_core.package_identification:_identify(src/libcamera/src/ipa/ipu3/algorithms) by extension 'colcon_pkg'
[0.325s] Level 1:colcon.colcon_core.package_identification:_identify(src/libcamera/src/ipa/ipu3/algorithms) by extensions ['colcon_meta']
[0.325s] Level 1:colcon.colcon_core.package_identification:_identify(src/libcamera/src/ipa/ipu3/algorithms) by extension 'colcon_meta'
[0.325s] Level 1:colcon.colcon_core.package_identification:_identify(src/libcamera/src/ipa/ipu3/algorithms) by extensions ['ros']
[0.325s] Level 1:colcon.colcon_core.package_identification:_identify(src/libcamera/src/ipa/ipu3/algorithms) by extension 'ros'
[0.325s] Level 1:colcon.colcon_core.package_identification:_identify(src/libcamera/src/ipa/ipu3/algorithms) by extensions ['cmake', 'python']
[0.325s] Level 1:colcon.colcon_core.package_identification:_identify(src/libcamera/src/ipa/ipu3/algorithms) by extension 'cmake'
[0.325s] Level 1:colcon.colcon_core.package_identification:_identify(src/libcamera/src/ipa/ipu3/algorithms) by extension 'python'
[0.325s] Level 1:colcon.colcon_core.package_identification:_identify(src/libcamera/src/ipa/ipu3/algorithms) by extensions ['python_setup_py']
[0.325s] Level 1:colcon.colcon_core.package_identification:_identify(src/libcamera/src/ipa/ipu3/algorithms) by extension 'python_setup_py'
[0.326s] Level 1:colcon.colcon_core.package_identification:_identify(src/libcamera/src/ipa/ipu3/data) by extensions ['ignore', 'ignore_ament_install']
[0.326s] Level 1:colcon.colcon_core.package_identification:_identify(src/libcamera/src/ipa/ipu3/data) by extension 'ignore'
[0.326s] Level 1:colcon.colcon_core.package_identification:_identify(src/libcamera/src/ipa/ipu3/data) by extension 'ignore_ament_install'
[0.326s] Level 1:colcon.colcon_core.package_identification:_identify(src/libcamera/src/ipa/ipu3/data) by extensions ['colcon_pkg']
[0.326s] Level 1:colcon.colcon_core.package_identification:_identify(src/libcamera/src/ipa/ipu3/data) by extension 'colcon_pkg'
[0.326s] Level 1:colcon.colcon_core.package_identification:_identify(src/libcamera/src/ipa/ipu3/data) by extensions ['colcon_meta']
[0.326s] Level 1:colcon.colcon_core.package_identification:_identify(src/libcamera/src/ipa/ipu3/data) by extension 'colcon_meta'
[0.326s] Level 1:colcon.colcon_core.package_identification:_identify(src/libcamera/src/ipa/ipu3/data) by extensions ['ros']
[0.326s] Level 1:colcon.colcon_core.package_identification:_identify(src/libcamera/src/ipa/ipu3/data) by extension 'ros'
[0.326s] Level 1:colcon.colcon_core.package_identification:_identify(src/libcamera/src/ipa/ipu3/data) by extensions ['cmake', 'python']
[0.326s] Level 1:colcon.colcon_core.package_identification:_identify(src/libcamera/src/ipa/ipu3/data) by extension 'cmake'
[0.326s] Level 1:colcon.colcon_core.package_identification:_identify(src/libcamera/src/ipa/ipu3/data) by extension 'python'
[0.326s] Level 1:colcon.colcon_core.package_identification:_identify(src/libcamera/src/ipa/ipu3/data) by extensions ['python_setup_py']
[0.326s] Level 1:colcon.colcon_core.package_identification:_identify(src/libcamera/src/ipa/ipu3/data) by extension 'python_setup_py'
[0.326s] Level 1:colcon.colcon_core.package_identification:_identify(src/libcamera/src/ipa/libipa) by extensions ['ignore', 'ignore_ament_install']
[0.326s] Level 1:colcon.colcon_core.package_identification:_identify(src/libcamera/src/ipa/libipa) by extension 'ignore'
[0.326s] Level 1:colcon.colcon_core.package_identification:_identify(src/libcamera/src/ipa/libipa) by extension 'ignore_ament_install'
[0.326s] Level 1:colcon.colcon_core.package_identification:_identify(src/libcamera/src/ipa/libipa) by extensions ['colcon_pkg']
[0.326s] Level 1:colcon.colcon_core.package_identification:_identify(src/libcamera/src/ipa/libipa) by extension 'colcon_pkg'
[0.326s] Level 1:colcon.colcon_core.package_identification:_identify(src/libcamera/src/ipa/libipa) by extensions ['colcon_meta']
[0.326s] Level 1:colcon.colcon_core.package_identification:_identify(src/libcamera/src/ipa/libipa) by extension 'colcon_meta'
[0.326s] Level 1:colcon.colcon_core.package_identification:_identify(src/libcamera/src/ipa/libipa) by extensions ['ros']
[0.326s] Level 1:colcon.colcon_core.package_identification:_identify(src/libcamera/src/ipa/libipa) by extension 'ros'
[0.326s] Level 1:colcon.colcon_core.package_identification:_identify(src/libcamera/src/ipa/libipa) by extensions ['cmake', 'python']
[0.326s] Level 1:colcon.colcon_core.package_identification:_identify(src/libcamera/src/ipa/libipa) by extension 'cmake'
[0.326s] Level 1:colcon.colcon_core.package_identification:_identify(src/libcamera/src/ipa/libipa) by extension 'python'
[0.327s] Level 1:colcon.colcon_core.package_identification:_identify(src/libcamera/src/ipa/libipa) by extensions ['python_setup_py']
[0.327s] Level 1:colcon.colcon_core.package_identification:_identify(src/libcamera/src/ipa/libipa) by extension 'python_setup_py'
[0.327s] Level 1:colcon.colcon_core.package_identification:_identify(src/libcamera/src/ipa/mali-c55) by extensions ['ignore', 'ignore_ament_install']
[0.327s] Level 1:colcon.colcon_core.package_identification:_identify(src/libcamera/src/ipa/mali-c55) by extension 'ignore'
[0.327s] Level 1:colcon.colcon_core.package_identification:_identify(src/libcamera/src/ipa/mali-c55) by extension 'ignore_ament_install'
[0.327s] Level 1:colcon.colcon_core.package_identification:_identify(src/libcamera/src/ipa/mali-c55) by extensions ['colcon_pkg']
[0.327s] Level 1:colcon.colcon_core.package_identification:_identify(src/libcamera/src/ipa/mali-c55) by extension 'colcon_pkg'
[0.327s] Level 1:colcon.colcon_core.package_identification:_identify(src/libcamera/src/ipa/mali-c55) by extensions ['colcon_meta']
[0.327s] Level 1:colcon.colcon_core.package_identification:_identify(src/libcamera/src/ipa/mali-c55) by extension 'colcon_meta'
[0.327s] Level 1:colcon.colcon_core.package_identification:_identify(src/libcamera/src/ipa/mali-c55) by extensions ['ros']
[0.327s] Level 1:colcon.colcon_core.package_identification:_identify(src/libcamera/src/ipa/mali-c55) by extension 'ros'
[0.327s] Level 1:colcon.colcon_core.package_identification:_identify(src/libcamera/src/ipa/mali-c55) by extensions ['cmake', 'python']
[0.327s] Level 1:colcon.colcon_core.package_identification:_identify(src/libcamera/src/ipa/mali-c55) by extension 'cmake'
[0.327s] Level 1:colcon.colcon_core.package_identification:_identify(src/libcamera/src/ipa/mali-c55) by extension 'python'
[0.327s] Level 1:colcon.colcon_core.package_identification:_identify(src/libcamera/src/ipa/mali-c55) by extensions ['python_setup_py']
[0.327s] Level 1:colcon.colcon_core.package_identification:_identify(src/libcamera/src/ipa/mali-c55) by extension 'python_setup_py'
[0.327s] Level 1:colcon.colcon_core.package_identification:_identify(src/libcamera/src/ipa/mali-c55/algorithms) by extensions ['ignore', 'ignore_ament_install']
[0.327s] Level 1:colcon.colcon_core.package_identification:_identify(src/libcamera/src/ipa/mali-c55/algorithms) by extension 'ignore'
[0.327s] Level 1:colcon.colcon_core.package_identification:_identify(src/libcamera/src/ipa/mali-c55/algorithms) by extension 'ignore_ament_install'
[0.327s] Level 1:colcon.colcon_core.package_identification:_identify(src/libcamera/src/ipa/mali-c55/algorithms) by extensions ['colcon_pkg']
[0.327s] Level 1:colcon.colcon_core.package_identification:_identify(src/libcamera/src/ipa/mali-c55/algorithms) by extension 'colcon_pkg'
[0.327s] Level 1:colcon.colcon_core.package_identification:_identify(src/libcamera/src/ipa/mali-c55/algorithms) by extensions ['colcon_meta']
[0.327s] Level 1:colcon.colcon_core.package_identification:_identify(src/libcamera/src/ipa/mali-c55/algorithms) by extension 'colcon_meta'
[0.327s] Level 1:colcon.colcon_core.package_identification:_identify(src/libcamera/src/ipa/mali-c55/algorithms) by extensions ['ros']
[0.327s] Level 1:colcon.colcon_core.package_identification:_identify(src/libcamera/src/ipa/mali-c55/algorithms) by extension 'ros'
[0.327s] Level 1:colcon.colcon_core.package_identification:_identify(src/libcamera/src/ipa/mali-c55/algorithms) by extensions ['cmake', 'python']
[0.327s] Level 1:colcon.colcon_core.package_identification:_identify(src/libcamera/src/ipa/mali-c55/algorithms) by extension 'cmake'
[0.327s] Level 1:colcon.colcon_core.package_identification:_identify(src/libcamera/src/ipa/mali-c55/algorithms) by extension 'python'
[0.328s] Level 1:colcon.colcon_core.package_identification:_identify(src/libcamera/src/ipa/mali-c55/algorithms) by extensions ['python_setup_py']
[0.328s] Level 1:colcon.colcon_core.package_identification:_identify(src/libcamera/src/ipa/mali-c55/algorithms) by extension 'python_setup_py'
[0.328s] Level 1:colcon.colcon_core.package_identification:_identify(src/libcamera/src/ipa/mali-c55/data) by extensions ['ignore', 'ignore_ament_install']
[0.328s] Level 1:colcon.colcon_core.package_identification:_identify(src/libcamera/src/ipa/mali-c55/data) by extension 'ignore'
[0.328s] Level 1:colcon.colcon_core.package_identification:_identify(src/libcamera/src/ipa/mali-c55/data) by extension 'ignore_ament_install'
[0.328s] Level 1:colcon.colcon_core.package_identification:_identify(src/libcamera/src/ipa/mali-c55/data) by extensions ['colcon_pkg']
[0.328s] Level 1:colcon.colcon_core.package_identification:_identify(src/libcamera/src/ipa/mali-c55/data) by extension 'colcon_pkg'
[0.328s] Level 1:colcon.colcon_core.package_identification:_identify(src/libcamera/src/ipa/mali-c55/data) by extensions ['colcon_meta']
[0.328s] Level 1:colcon.colcon_core.package_identification:_identify(src/libcamera/src/ipa/mali-c55/data) by extension 'colcon_meta'
[0.328s] Level 1:colcon.colcon_core.package_identification:_identify(src/libcamera/src/ipa/mali-c55/data) by extensions ['ros']
[0.328s] Level 1:colcon.colcon_core.package_identification:_identify(src/libcamera/src/ipa/mali-c55/data) by extension 'ros'
[0.328s] Level 1:colcon.colcon_core.package_identification:_identify(src/libcamera/src/ipa/mali-c55/data) by extensions ['cmake', 'python']
[0.328s] Level 1:colcon.colcon_core.package_identification:_identify(src/libcamera/src/ipa/mali-c55/data) by extension 'cmake'
[0.328s] Level 1:colcon.colcon_core.package_identification:_identify(src/libcamera/src/ipa/mali-c55/data) by extension 'python'
[0.328s] Level 1:colcon.colcon_core.package_identification:_identify(src/libcamera/src/ipa/mali-c55/data) by extensions ['python_setup_py']
[0.328s] Level 1:colcon.colcon_core.package_identification:_identify(src/libcamera/src/ipa/mali-c55/data) by extension 'python_setup_py'
[0.328s] Level 1:colcon.colcon_core.package_identification:_identify(src/libcamera/src/ipa/rkisp1) by extensions ['ignore', 'ignore_ament_install']
[0.328s] Level 1:colcon.colcon_core.package_identification:_identify(src/libcamera/src/ipa/rkisp1) by extension 'ignore'
[0.328s] Level 1:colcon.colcon_core.package_identification:_identify(src/libcamera/src/ipa/rkisp1) by extension 'ignore_ament_install'
[0.328s] Level 1:colcon.colcon_core.package_identification:_identify(src/libcamera/src/ipa/rkisp1) by extensions ['colcon_pkg']
[0.328s] Level 1:colcon.colcon_core.package_identification:_identify(src/libcamera/src/ipa/rkisp1) by extension 'colcon_pkg'
[0.328s] Level 1:colcon.colcon_core.package_identification:_identify(src/libcamera/src/ipa/rkisp1) by extensions ['colcon_meta']
[0.328s] Level 1:colcon.colcon_core.package_identification:_identify(src/libcamera/src/ipa/rkisp1) by extension 'colcon_meta'
[0.328s] Level 1:colcon.colcon_core.package_identification:_identify(src/libcamera/src/ipa/rkisp1) by extensions ['ros']
[0.328s] Level 1:colcon.colcon_core.package_identification:_identify(src/libcamera/src/ipa/rkisp1) by extension 'ros'
[0.328s] Level 1:colcon.colcon_core.package_identification:_identify(src/libcamera/src/ipa/rkisp1) by extensions ['cmake', 'python']
[0.328s] Level 1:colcon.colcon_core.package_identification:_identify(src/libcamera/src/ipa/rkisp1) by extension 'cmake'
[0.328s] Level 1:colcon.colcon_core.package_identification:_identify(src/libcamera/src/ipa/rkisp1) by extension 'python'
[0.329s] Level 1:colcon.colcon_core.package_identification:_identify(src/libcamera/src/ipa/rkisp1) by extensions ['python_setup_py']
[0.329s] Level 1:colcon.colcon_core.package_identification:_identify(src/libcamera/src/ipa/rkisp1) by extension 'python_setup_py'
[0.329s] Level 1:colcon.colcon_core.package_identification:_identify(src/libcamera/src/ipa/rkisp1/algorithms) by extensions ['ignore', 'ignore_ament_install']
[0.329s] Level 1:colcon.colcon_core.package_identification:_identify(src/libcamera/src/ipa/rkisp1/algorithms) by extension 'ignore'
[0.329s] Level 1:colcon.colcon_core.package_identification:_identify(src/libcamera/src/ipa/rkisp1/algorithms) by extension 'ignore_ament_install'
[0.329s] Level 1:colcon.colcon_core.package_identification:_identify(src/libcamera/src/ipa/rkisp1/algorithms) by extensions ['colcon_pkg']
[0.329s] Level 1:colcon.colcon_core.package_identification:_identify(src/libcamera/src/ipa/rkisp1/algorithms) by extension 'colcon_pkg'
[0.329s] Level 1:colcon.colcon_core.package_identification:_identify(src/libcamera/src/ipa/rkisp1/algorithms) by extensions ['colcon_meta']
[0.329s] Level 1:colcon.colcon_core.package_identification:_identify(src/libcamera/src/ipa/rkisp1/algorithms) by extension 'colcon_meta'
[0.329s] Level 1:colcon.colcon_core.package_identification:_identify(src/libcamera/src/ipa/rkisp1/algorithms) by extensions ['ros']
[0.329s] Level 1:colcon.colcon_core.package_identification:_identify(src/libcamera/src/ipa/rkisp1/algorithms) by extension 'ros'
[0.329s] Level 1:colcon.colcon_core.package_identification:_identify(src/libcamera/src/ipa/rkisp1/algorithms) by extensions ['cmake', 'python']
[0.329s] Level 1:colcon.colcon_core.package_identification:_identify(src/libcamera/src/ipa/rkisp1/algorithms) by extension 'cmake'
[0.329s] Level 1:colcon.colcon_core.package_identification:_identify(src/libcamera/src/ipa/rkisp1/algorithms) by extension 'python'
[0.329s] Level 1:colcon.colcon_core.package_identification:_identify(src/libcamera/src/ipa/rkisp1/algorithms) by extensions ['python_setup_py']
[0.329s] Level 1:colcon.colcon_core.package_identification:_identify(src/libcamera/src/ipa/rkisp1/algorithms) by extension 'python_setup_py'
[0.329s] Level 1:colcon.colcon_core.package_identification:_identify(src/libcamera/src/ipa/rkisp1/data) by extensions ['ignore', 'ignore_ament_install']
[0.329s] Level 1:colcon.colcon_core.package_identification:_identify(src/libcamera/src/ipa/rkisp1/data) by extension 'ignore'
[0.329s] Level 1:colcon.colcon_core.package_identification:_identify(src/libcamera/src/ipa/rkisp1/data) by extension 'ignore_ament_install'
[0.329s] Level 1:colcon.colcon_core.package_identification:_identify(src/libcamera/src/ipa/rkisp1/data) by extensions ['colcon_pkg']
[0.329s] Level 1:colcon.colcon_core.package_identification:_identify(src/libcamera/src/ipa/rkisp1/data) by extension 'colcon_pkg'
[0.329s] Level 1:colcon.colcon_core.package_identification:_identify(src/libcamera/src/ipa/rkisp1/data) by extensions ['colcon_meta']
[0.329s] Level 1:colcon.colcon_core.package_identification:_identify(src/libcamera/src/ipa/rkisp1/data) by extension 'colcon_meta'
[0.329s] Level 1:colcon.colcon_core.package_identification:_identify(src/libcamera/src/ipa/rkisp1/data) by extensions ['ros']
[0.329s] Level 1:colcon.colcon_core.package_identification:_identify(src/libcamera/src/ipa/rkisp1/data) by extension 'ros'
[0.329s] Level 1:colcon.colcon_core.package_identification:_identify(src/libcamera/src/ipa/rkisp1/data) by extensions ['cmake', 'python']
[0.329s] Level 1:colcon.colcon_core.package_identification:_identify(src/libcamera/src/ipa/rkisp1/data) by extension 'cmake'
[0.329s] Level 1:colcon.colcon_core.package_identification:_identify(src/libcamera/src/ipa/rkisp1/data) by extension 'python'
[0.330s] Level 1:colcon.colcon_core.package_identification:_identify(src/libcamera/src/ipa/rkisp1/data) by extensions ['python_setup_py']
[0.330s] Level 1:colcon.colcon_core.package_identification:_identify(src/libcamera/src/ipa/rkisp1/data) by extension 'python_setup_py'
[0.330s] Level 1:colcon.colcon_core.package_identification:_identify(src/libcamera/src/ipa/rpi) by extensions ['ignore', 'ignore_ament_install']
[0.330s] Level 1:colcon.colcon_core.package_identification:_identify(src/libcamera/src/ipa/rpi) by extension 'ignore'
[0.330s] Level 1:colcon.colcon_core.package_identification:_identify(src/libcamera/src/ipa/rpi) by extension 'ignore_ament_install'
[0.330s] Level 1:colcon.colcon_core.package_identification:_identify(src/libcamera/src/ipa/rpi) by extensions ['colcon_pkg']
[0.330s] Level 1:colcon.colcon_core.package_identification:_identify(src/libcamera/src/ipa/rpi) by extension 'colcon_pkg'
[0.330s] Level 1:colcon.colcon_core.package_identification:_identify(src/libcamera/src/ipa/rpi) by extensions ['colcon_meta']
[0.330s] Level 1:colcon.colcon_core.package_identification:_identify(src/libcamera/src/ipa/rpi) by extension 'colcon_meta'
[0.330s] Level 1:colcon.colcon_core.package_identification:_identify(src/libcamera/src/ipa/rpi) by extensions ['ros']
[0.330s] Level 1:colcon.colcon_core.package_identification:_identify(src/libcamera/src/ipa/rpi) by extension 'ros'
[0.330s] Level 1:colcon.colcon_core.package_identification:_identify(src/libcamera/src/ipa/rpi) by extensions ['cmake', 'python']
[0.330s] Level 1:colcon.colcon_core.package_identification:_identify(src/libcamera/src/ipa/rpi) by extension 'cmake'
[0.330s] Level 1:colcon.colcon_core.package_identification:_identify(src/libcamera/src/ipa/rpi) by extension 'python'
[0.330s] Level 1:colcon.colcon_core.package_identification:_identify(src/libcamera/src/ipa/rpi) by extensions ['python_setup_py']
[0.330s] Level 1:colcon.colcon_core.package_identification:_identify(src/libcamera/src/ipa/rpi) by extension 'python_setup_py'
[0.330s] Level 1:colcon.colcon_core.package_identification:_identify(src/libcamera/src/ipa/rpi/cam_helper) by extensions ['ignore', 'ignore_ament_install']
[0.330s] Level 1:colcon.colcon_core.package_identification:_identify(src/libcamera/src/ipa/rpi/cam_helper) by extension 'ignore'
[0.330s] Level 1:colcon.colcon_core.package_identification:_identify(src/libcamera/src/ipa/rpi/cam_helper) by extension 'ignore_ament_install'
[0.330s] Level 1:colcon.colcon_core.package_identification:_identify(src/libcamera/src/ipa/rpi/cam_helper) by extensions ['colcon_pkg']
[0.330s] Level 1:colcon.colcon_core.package_identification:_identify(src/libcamera/src/ipa/rpi/cam_helper) by extension 'colcon_pkg'
[0.330s] Level 1:colcon.colcon_core.package_identification:_identify(src/libcamera/src/ipa/rpi/cam_helper) by extensions ['colcon_meta']
[0.330s] Level 1:colcon.colcon_core.package_identification:_identify(src/libcamera/src/ipa/rpi/cam_helper) by extension 'colcon_meta'
[0.330s] Level 1:colcon.colcon_core.package_identification:_identify(src/libcamera/src/ipa/rpi/cam_helper) by extensions ['ros']
[0.330s] Level 1:colcon.colcon_core.package_identification:_identify(src/libcamera/src/ipa/rpi/cam_helper) by extension 'ros'
[0.330s] Level 1:colcon.colcon_core.package_identification:_identify(src/libcamera/src/ipa/rpi/cam_helper) by extensions ['cmake', 'python']
[0.330s] Level 1:colcon.colcon_core.package_identification:_identify(src/libcamera/src/ipa/rpi/cam_helper) by extension 'cmake'
[0.331s] Level 1:colcon.colcon_core.package_identification:_identify(src/libcamera/src/ipa/rpi/cam_helper) by extension 'python'
[0.331s] Level 1:colcon.colcon_core.package_identification:_identify(src/libcamera/src/ipa/rpi/cam_helper) by extensions ['python_setup_py']
[0.331s] Level 1:colcon.colcon_core.package_identification:_identify(src/libcamera/src/ipa/rpi/cam_helper) by extension 'python_setup_py'
[0.331s] Level 1:colcon.colcon_core.package_identification:_identify(src/libcamera/src/ipa/rpi/cam_helper/imx500_tensor_parser) by extensions ['ignore', 'ignore_ament_install']
[0.331s] Level 1:colcon.colcon_core.package_identification:_identify(src/libcamera/src/ipa/rpi/cam_helper/imx500_tensor_parser) by extension 'ignore'
[0.331s] Level 1:colcon.colcon_core.package_identification:_identify(src/libcamera/src/ipa/rpi/cam_helper/imx500_tensor_parser) by extension 'ignore_ament_install'
[0.331s] Level 1:colcon.colcon_core.package_identification:_identify(src/libcamera/src/ipa/rpi/cam_helper/imx500_tensor_parser) by extensions ['colcon_pkg']
[0.331s] Level 1:colcon.colcon_core.package_identification:_identify(src/libcamera/src/ipa/rpi/cam_helper/imx500_tensor_parser) by extension 'colcon_pkg'
[0.331s] Level 1:colcon.colcon_core.package_identification:_identify(src/libcamera/src/ipa/rpi/cam_helper/imx500_tensor_parser) by extensions ['colcon_meta']
[0.331s] Level 1:colcon.colcon_core.package_identification:_identify(src/libcamera/src/ipa/rpi/cam_helper/imx500_tensor_parser) by extension 'colcon_meta'
[0.331s] Level 1:colcon.colcon_core.package_identification:_identify(src/libcamera/src/ipa/rpi/cam_helper/imx500_tensor_parser) by extensions ['ros']
[0.331s] Level 1:colcon.colcon_core.package_identification:_identify(src/libcamera/src/ipa/rpi/cam_helper/imx500_tensor_parser) by extension 'ros'
[0.331s] Level 1:colcon.colcon_core.package_identification:_identify(src/libcamera/src/ipa/rpi/cam_helper/imx500_tensor_parser) by extensions ['cmake', 'python']
[0.331s] Level 1:colcon.colcon_core.package_identification:_identify(src/libcamera/src/ipa/rpi/cam_helper/imx500_tensor_parser) by extension 'cmake'
[0.331s] Level 1:colcon.colcon_core.package_identification:_identify(src/libcamera/src/ipa/rpi/cam_helper/imx500_tensor_parser) by extension 'python'
[0.331s] Level 1:colcon.colcon_core.package_identification:_identify(src/libcamera/src/ipa/rpi/cam_helper/imx500_tensor_parser) by extensions ['python_setup_py']
[0.331s] Level 1:colcon.colcon_core.package_identification:_identify(src/libcamera/src/ipa/rpi/cam_helper/imx500_tensor_parser) by extension 'python_setup_py'
[0.331s] Level 1:colcon.colcon_core.package_identification:_identify(src/libcamera/src/ipa/rpi/cam_helper/imx500_tensor_parser/flatbuffers) by extensions ['ignore', 'ignore_ament_install']
[0.331s] Level 1:colcon.colcon_core.package_identification:_identify(src/libcamera/src/ipa/rpi/cam_helper/imx500_tensor_parser/flatbuffers) by extension 'ignore'
[0.331s] Level 1:colcon.colcon_core.package_identification:_identify(src/libcamera/src/ipa/rpi/cam_helper/imx500_tensor_parser/flatbuffers) by extension 'ignore_ament_install'
[0.331s] Level 1:colcon.colcon_core.package_identification:_identify(src/libcamera/src/ipa/rpi/cam_helper/imx500_tensor_parser/flatbuffers) by extensions ['colcon_pkg']
[0.331s] Level 1:colcon.colcon_core.package_identification:_identify(src/libcamera/src/ipa/rpi/cam_helper/imx500_tensor_parser/flatbuffers) by extension 'colcon_pkg'
[0.331s] Level 1:colcon.colcon_core.package_identification:_identify(src/libcamera/src/ipa/rpi/cam_helper/imx500_tensor_parser/flatbuffers) by extensions ['colcon_meta']
[0.331s] Level 1:colcon.colcon_core.package_identification:_identify(src/libcamera/src/ipa/rpi/cam_helper/imx500_tensor_parser/flatbuffers) by extension 'colcon_meta'
[0.331s] Level 1:colcon.colcon_core.package_identification:_identify(src/libcamera/src/ipa/rpi/cam_helper/imx500_tensor_parser/flatbuffers) by extensions ['ros']
[0.332s] Level 1:colcon.colcon_core.package_identification:_identify(src/libcamera/src/ipa/rpi/cam_helper/imx500_tensor_parser/flatbuffers) by extension 'ros'
[0.332s] Level 1:colcon.colcon_core.package_identification:_identify(src/libcamera/src/ipa/rpi/cam_helper/imx500_tensor_parser/flatbuffers) by extensions ['cmake', 'python']
[0.332s] Level 1:colcon.colcon_core.package_identification:_identify(src/libcamera/src/ipa/rpi/cam_helper/imx500_tensor_parser/flatbuffers) by extension 'cmake'
[0.332s] Level 1:colcon.colcon_core.package_identification:_identify(src/libcamera/src/ipa/rpi/cam_helper/imx500_tensor_parser/flatbuffers) by extension 'python'
[0.332s] Level 1:colcon.colcon_core.package_identification:_identify(src/libcamera/src/ipa/rpi/cam_helper/imx500_tensor_parser/flatbuffers) by extensions ['python_setup_py']
[0.332s] Level 1:colcon.colcon_core.package_identification:_identify(src/libcamera/src/ipa/rpi/cam_helper/imx500_tensor_parser/flatbuffers) by extension 'python_setup_py'
[0.332s] Level 1:colcon.colcon_core.package_identification:_identify(src/libcamera/src/ipa/rpi/common) by extensions ['ignore', 'ignore_ament_install']
[0.332s] Level 1:colcon.colcon_core.package_identification:_identify(src/libcamera/src/ipa/rpi/common) by extension 'ignore'
[0.332s] Level 1:colcon.colcon_core.package_identification:_identify(src/libcamera/src/ipa/rpi/common) by extension 'ignore_ament_install'
[0.332s] Level 1:colcon.colcon_core.package_identification:_identify(src/libcamera/src/ipa/rpi/common) by extensions ['colcon_pkg']
[0.332s] Level 1:colcon.colcon_core.package_identification:_identify(src/libcamera/src/ipa/rpi/common) by extension 'colcon_pkg'
[0.332s] Level 1:colcon.colcon_core.package_identification:_identify(src/libcamera/src/ipa/rpi/common) by extensions ['colcon_meta']
[0.332s] Level 1:colcon.colcon_core.package_identification:_identify(src/libcamera/src/ipa/rpi/common) by extension 'colcon_meta'
[0.332s] Level 1:colcon.colcon_core.package_identification:_identify(src/libcamera/src/ipa/rpi/common) by extensions ['ros']
[0.332s] Level 1:colcon.colcon_core.package_identification:_identify(src/libcamera/src/ipa/rpi/common) by extension 'ros'
[0.332s] Level 1:colcon.colcon_core.package_identification:_identify(src/libcamera/src/ipa/rpi/common) by extensions ['cmake', 'python']
[0.332s] Level 1:colcon.colcon_core.package_identification:_identify(src/libcamera/src/ipa/rpi/common) by extension 'cmake'
[0.332s] Level 1:colcon.colcon_core.package_identification:_identify(src/libcamera/src/ipa/rpi/common) by extension 'python'
[0.332s] Level 1:colcon.colcon_core.package_identification:_identify(src/libcamera/src/ipa/rpi/common) by extensions ['python_setup_py']
[0.332s] Level 1:colcon.colcon_core.package_identification:_identify(src/libcamera/src/ipa/rpi/common) by extension 'python_setup_py'
[0.332s] Level 1:colcon.colcon_core.package_identification:_identify(src/libcamera/src/ipa/rpi/controller) by extensions ['ignore', 'ignore_ament_install']
[0.332s] Level 1:colcon.colcon_core.package_identification:_identify(src/libcamera/src/ipa/rpi/controller) by extension 'ignore'
[0.332s] Level 1:colcon.colcon_core.package_identification:_identify(src/libcamera/src/ipa/rpi/controller) by extension 'ignore_ament_install'
[0.332s] Level 1:colcon.colcon_core.package_identification:_identify(src/libcamera/src/ipa/rpi/controller) by extensions ['colcon_pkg']
[0.332s] Level 1:colcon.colcon_core.package_identification:_identify(src/libcamera/src/ipa/rpi/controller) by extension 'colcon_pkg'
[0.332s] Level 1:colcon.colcon_core.package_identification:_identify(src/libcamera/src/ipa/rpi/controller) by extensions ['colcon_meta']
[0.333s] Level 1:colcon.colcon_core.package_identification:_identify(src/libcamera/src/ipa/rpi/controller) by extension 'colcon_meta'
[0.333s] Level 1:colcon.colcon_core.package_identification:_identify(src/libcamera/src/ipa/rpi/controller) by extensions ['ros']
[0.333s] Level 1:colcon.colcon_core.package_identification:_identify(src/libcamera/src/ipa/rpi/controller) by extension 'ros'
[0.333s] Level 1:colcon.colcon_core.package_identification:_identify(src/libcamera/src/ipa/rpi/controller) by extensions ['cmake', 'python']
[0.333s] Level 1:colcon.colcon_core.package_identification:_identify(src/libcamera/src/ipa/rpi/controller) by extension 'cmake'
[0.333s] Level 1:colcon.colcon_core.package_identification:_identify(src/libcamera/src/ipa/rpi/controller) by extension 'python'
[0.333s] Level 1:colcon.colcon_core.package_identification:_identify(src/libcamera/src/ipa/rpi/controller) by extensions ['python_setup_py']
[0.333s] Level 1:colcon.colcon_core.package_identification:_identify(src/libcamera/src/ipa/rpi/controller) by extension 'python_setup_py'
[0.333s] Level 1:colcon.colcon_core.package_identification:_identify(src/libcamera/src/ipa/rpi/controller/rpi) by extensions ['ignore', 'ignore_ament_install']
[0.333s] Level 1:colcon.colcon_core.package_identification:_identify(src/libcamera/src/ipa/rpi/controller/rpi) by extension 'ignore'
[0.333s] Level 1:colcon.colcon_core.package_identification:_identify(src/libcamera/src/ipa/rpi/controller/rpi) by extension 'ignore_ament_install'
[0.333s] Level 1:colcon.colcon_core.package_identification:_identify(src/libcamera/src/ipa/rpi/controller/rpi) by extensions ['colcon_pkg']
[0.333s] Level 1:colcon.colcon_core.package_identification:_identify(src/libcamera/src/ipa/rpi/controller/rpi) by extension 'colcon_pkg'
[0.333s] Level 1:colcon.colcon_core.package_identification:_identify(src/libcamera/src/ipa/rpi/controller/rpi) by extensions ['colcon_meta']
[0.333s] Level 1:colcon.colcon_core.package_identification:_identify(src/libcamera/src/ipa/rpi/controller/rpi) by extension 'colcon_meta'
[0.333s] Level 1:colcon.colcon_core.package_identification:_identify(src/libcamera/src/ipa/rpi/controller/rpi) by extensions ['ros']
[0.333s] Level 1:colcon.colcon_core.package_identification:_identify(src/libcamera/src/ipa/rpi/controller/rpi) by extension 'ros'
[0.333s] Level 1:colcon.colcon_core.package_identification:_identify(src/libcamera/src/ipa/rpi/controller/rpi) by extensions ['cmake', 'python']
[0.333s] Level 1:colcon.colcon_core.package_identification:_identify(src/libcamera/src/ipa/rpi/controller/rpi) by extension 'cmake'
[0.333s] Level 1:colcon.colcon_core.package_identification:_identify(src/libcamera/src/ipa/rpi/controller/rpi) by extension 'python'
[0.333s] Level 1:colcon.colcon_core.package_identification:_identify(src/libcamera/src/ipa/rpi/controller/rpi) by extensions ['python_setup_py']
[0.333s] Level 1:colcon.colcon_core.package_identification:_identify(src/libcamera/src/ipa/rpi/controller/rpi) by extension 'python_setup_py'
[0.333s] Level 1:colcon.colcon_core.package_identification:_identify(src/libcamera/src/ipa/rpi/pisp) by extensions ['ignore', 'ignore_ament_install']
[0.334s] Level 1:colcon.colcon_core.package_identification:_identify(src/libcamera/src/ipa/rpi/pisp) by extension 'ignore'
[0.334s] Level 1:colcon.colcon_core.package_identification:_identify(src/libcamera/src/ipa/rpi/pisp) by extension 'ignore_ament_install'
[0.334s] Level 1:colcon.colcon_core.package_identification:_identify(src/libcamera/src/ipa/rpi/pisp) by extensions ['colcon_pkg']
[0.334s] Level 1:colcon.colcon_core.package_identification:_identify(src/libcamera/src/ipa/rpi/pisp) by extension 'colcon_pkg'
[0.334s] Level 1:colcon.colcon_core.package_identification:_identify(src/libcamera/src/ipa/rpi/pisp) by extensions ['colcon_meta']
[0.334s] Level 1:colcon.colcon_core.package_identification:_identify(src/libcamera/src/ipa/rpi/pisp) by extension 'colcon_meta'
[0.334s] Level 1:colcon.colcon_core.package_identification:_identify(src/libcamera/src/ipa/rpi/pisp) by extensions ['ros']
[0.334s] Level 1:colcon.colcon_core.package_identification:_identify(src/libcamera/src/ipa/rpi/pisp) by extension 'ros'
[0.334s] Level 1:colcon.colcon_core.package_identification:_identify(src/libcamera/src/ipa/rpi/pisp) by extensions ['cmake', 'python']
[0.334s] Level 1:colcon.colcon_core.package_identification:_identify(src/libcamera/src/ipa/rpi/pisp) by extension 'cmake'
[0.334s] Level 1:colcon.colcon_core.package_identification:_identify(src/libcamera/src/ipa/rpi/pisp) by extension 'python'
[0.334s] Level 1:colcon.colcon_core.package_identification:_identify(src/libcamera/src/ipa/rpi/pisp) by extensions ['python_setup_py']
[0.334s] Level 1:colcon.colcon_core.package_identification:_identify(src/libcamera/src/ipa/rpi/pisp) by extension 'python_setup_py'
[0.334s] Level 1:colcon.colcon_core.package_identification:_identify(src/libcamera/src/ipa/rpi/pisp/data) by extensions ['ignore', 'ignore_ament_install']
[0.334s] Level 1:colcon.colcon_core.package_identification:_identify(src/libcamera/src/ipa/rpi/pisp/data) by extension 'ignore'
[0.334s] Level 1:colcon.colcon_core.package_identification:_identify(src/libcamera/src/ipa/rpi/pisp/data) by extension 'ignore_ament_install'
[0.334s] Level 1:colcon.colcon_core.package_identification:_identify(src/libcamera/src/ipa/rpi/pisp/data) by extensions ['colcon_pkg']
[0.334s] Level 1:colcon.colcon_core.package_identification:_identify(src/libcamera/src/ipa/rpi/pisp/data) by extension 'colcon_pkg'
[0.334s] Level 1:colcon.colcon_core.package_identification:_identify(src/libcamera/src/ipa/rpi/pisp/data) by extensions ['colcon_meta']
[0.334s] Level 1:colcon.colcon_core.package_identification:_identify(src/libcamera/src/ipa/rpi/pisp/data) by extension 'colcon_meta'
[0.334s] Level 1:colcon.colcon_core.package_identification:_identify(src/libcamera/src/ipa/rpi/pisp/data) by extensions ['ros']
[0.335s] Level 1:colcon.colcon_core.package_identification:_identify(src/libcamera/src/ipa/rpi/pisp/data) by extension 'ros'
[0.335s] Level 1:colcon.colcon_core.package_identification:_identify(src/libcamera/src/ipa/rpi/pisp/data) by extensions ['cmake', 'python']
[0.335s] Level 1:colcon.colcon_core.package_identification:_identify(src/libcamera/src/ipa/rpi/pisp/data) by extension 'cmake'
[0.335s] Level 1:colcon.colcon_core.package_identification:_identify(src/libcamera/src/ipa/rpi/pisp/data) by extension 'python'
[0.335s] Level 1:colcon.colcon_core.package_identification:_identify(src/libcamera/src/ipa/rpi/pisp/data) by extensions ['python_setup_py']
[0.335s] Level 1:colcon.colcon_core.package_identification:_identify(src/libcamera/src/ipa/rpi/pisp/data) by extension 'python_setup_py'
[0.335s] Level 1:colcon.colcon_core.package_identification:_identify(src/libcamera/src/ipa/rpi/vc4) by extensions ['ignore', 'ignore_ament_install']
[0.335s] Level 1:colcon.colcon_core.package_identification:_identify(src/libcamera/src/ipa/rpi/vc4) by extension 'ignore'
[0.335s] Level 1:colcon.colcon_core.package_identification:_identify(src/libcamera/src/ipa/rpi/vc4) by extension 'ignore_ament_install'
[0.335s] Level 1:colcon.colcon_core.package_identification:_identify(src/libcamera/src/ipa/rpi/vc4) by extensions ['colcon_pkg']
[0.335s] Level 1:colcon.colcon_core.package_identification:_identify(src/libcamera/src/ipa/rpi/vc4) by extension 'colcon_pkg'
[0.335s] Level 1:colcon.colcon_core.package_identification:_identify(src/libcamera/src/ipa/rpi/vc4) by extensions ['colcon_meta']
[0.335s] Level 1:colcon.colcon_core.package_identification:_identify(src/libcamera/src/ipa/rpi/vc4) by extension 'colcon_meta'
[0.335s] Level 1:colcon.colcon_core.package_identification:_identify(src/libcamera/src/ipa/rpi/vc4) by extensions ['ros']
[0.335s] Level 1:colcon.colcon_core.package_identification:_identify(src/libcamera/src/ipa/rpi/vc4) by extension 'ros'
[0.335s] Level 1:colcon.colcon_core.package_identification:_identify(src/libcamera/src/ipa/rpi/vc4) by extensions ['cmake', 'python']
[0.335s] Level 1:colcon.colcon_core.package_identification:_identify(src/libcamera/src/ipa/rpi/vc4) by extension 'cmake'
[0.335s] Level 1:colcon.colcon_core.package_identification:_identify(src/libcamera/src/ipa/rpi/vc4) by extension 'python'
[0.335s] Level 1:colcon.colcon_core.package_identification:_identify(src/libcamera/src/ipa/rpi/vc4) by extensions ['python_setup_py']
[0.335s] Level 1:colcon.colcon_core.package_identification:_identify(src/libcamera/src/ipa/rpi/vc4) by extension 'python_setup_py'
[0.335s] Level 1:colcon.colcon_core.package_identification:_identify(src/libcamera/src/ipa/rpi/vc4/data) by extensions ['ignore', 'ignore_ament_install']
[0.336s] Level 1:colcon.colcon_core.package_identification:_identify(src/libcamera/src/ipa/rpi/vc4/data) by extension 'ignore'
[0.336s] Level 1:colcon.colcon_core.package_identification:_identify(src/libcamera/src/ipa/rpi/vc4/data) by extension 'ignore_ament_install'
[0.336s] Level 1:colcon.colcon_core.package_identification:_identify(src/libcamera/src/ipa/rpi/vc4/data) by extensions ['colcon_pkg']
[0.336s] Level 1:colcon.colcon_core.package_identification:_identify(src/libcamera/src/ipa/rpi/vc4/data) by extension 'colcon_pkg'
[0.336s] Level 1:colcon.colcon_core.package_identification:_identify(src/libcamera/src/ipa/rpi/vc4/data) by extensions ['colcon_meta']
[0.336s] Level 1:colcon.colcon_core.package_identification:_identify(src/libcamera/src/ipa/rpi/vc4/data) by extension 'colcon_meta'
[0.336s] Level 1:colcon.colcon_core.package_identification:_identify(src/libcamera/src/ipa/rpi/vc4/data) by extensions ['ros']
[0.336s] Level 1:colcon.colcon_core.package_identification:_identify(src/libcamera/src/ipa/rpi/vc4/data) by extension 'ros'
[0.336s] Level 1:colcon.colcon_core.package_identification:_identify(src/libcamera/src/ipa/rpi/vc4/data) by extensions ['cmake', 'python']
[0.336s] Level 1:colcon.colcon_core.package_identification:_identify(src/libcamera/src/ipa/rpi/vc4/data) by extension 'cmake'
[0.336s] Level 1:colcon.colcon_core.package_identification:_identify(src/libcamera/src/ipa/rpi/vc4/data) by extension 'python'
[0.336s] Level 1:colcon.colcon_core.package_identification:_identify(src/libcamera/src/ipa/rpi/vc4/data) by extensions ['python_setup_py']
[0.336s] Level 1:colcon.colcon_core.package_identification:_identify(src/libcamera/src/ipa/rpi/vc4/data) by extension 'python_setup_py'
[0.336s] Level 1:colcon.colcon_core.package_identification:_identify(src/libcamera/src/ipa/simple) by extensions ['ignore', 'ignore_ament_install']
[0.336s] Level 1:colcon.colcon_core.package_identification:_identify(src/libcamera/src/ipa/simple) by extension 'ignore'
[0.336s] Level 1:colcon.colcon_core.package_identification:_identify(src/libcamera/src/ipa/simple) by extension 'ignore_ament_install'
[0.336s] Level 1:colcon.colcon_core.package_identification:_identify(src/libcamera/src/ipa/simple) by extensions ['colcon_pkg']
[0.336s] Level 1:colcon.colcon_core.package_identification:_identify(src/libcamera/src/ipa/simple) by extension 'colcon_pkg'
[0.336s] Level 1:colcon.colcon_core.package_identification:_identify(src/libcamera/src/ipa/simple) by extensions ['colcon_meta']
[0.336s] Level 1:colcon.colcon_core.package_identification:_identify(src/libcamera/src/ipa/simple) by extension 'colcon_meta'
[0.336s] Level 1:colcon.colcon_core.package_identification:_identify(src/libcamera/src/ipa/simple) by extensions ['ros']
[0.336s] Level 1:colcon.colcon_core.package_identification:_identify(src/libcamera/src/ipa/simple) by extension 'ros'
[0.336s] Level 1:colcon.colcon_core.package_identification:_identify(src/libcamera/src/ipa/simple) by extensions ['cmake', 'python']
[0.336s] Level 1:colcon.colcon_core.package_identification:_identify(src/libcamera/src/ipa/simple) by extension 'cmake'
[0.336s] Level 1:colcon.colcon_core.package_identification:_identify(src/libcamera/src/ipa/simple) by extension 'python'
[0.336s] Level 1:colcon.colcon_core.package_identification:_identify(src/libcamera/src/ipa/simple) by extensions ['python_setup_py']
[0.336s] Level 1:colcon.colcon_core.package_identification:_identify(src/libcamera/src/ipa/simple) by extension 'python_setup_py'
[0.337s] Level 1:colcon.colcon_core.package_identification:_identify(src/libcamera/src/ipa/simple/algorithms) by extensions ['ignore', 'ignore_ament_install']
[0.337s] Level 1:colcon.colcon_core.package_identification:_identify(src/libcamera/src/ipa/simple/algorithms) by extension 'ignore'
[0.337s] Level 1:colcon.colcon_core.package_identification:_identify(src/libcamera/src/ipa/simple/algorithms) by extension 'ignore_ament_install'
[0.337s] Level 1:colcon.colcon_core.package_identification:_identify(src/libcamera/src/ipa/simple/algorithms) by extensions ['colcon_pkg']
[0.337s] Level 1:colcon.colcon_core.package_identification:_identify(src/libcamera/src/ipa/simple/algorithms) by extension 'colcon_pkg'
[0.337s] Level 1:colcon.colcon_core.package_identification:_identify(src/libcamera/src/ipa/simple/algorithms) by extensions ['colcon_meta']
[0.337s] Level 1:colcon.colcon_core.package_identification:_identify(src/libcamera/src/ipa/simple/algorithms) by extension 'colcon_meta'
[0.337s] Level 1:colcon.colcon_core.package_identification:_identify(src/libcamera/src/ipa/simple/algorithms) by extensions ['ros']
[0.337s] Level 1:colcon.colcon_core.package_identification:_identify(src/libcamera/src/ipa/simple/algorithms) by extension 'ros'
[0.337s] Level 1:colcon.colcon_core.package_identification:_identify(src/libcamera/src/ipa/simple/algorithms) by extensions ['cmake', 'python']
[0.337s] Level 1:colcon.colcon_core.package_identification:_identify(src/libcamera/src/ipa/simple/algorithms) by extension 'cmake'
[0.337s] Level 1:colcon.colcon_core.package_identification:_identify(src/libcamera/src/ipa/simple/algorithms) by extension 'python'
[0.337s] Level 1:colcon.colcon_core.package_identification:_identify(src/libcamera/src/ipa/simple/algorithms) by extensions ['python_setup_py']
[0.337s] Level 1:colcon.colcon_core.package_identification:_identify(src/libcamera/src/ipa/simple/algorithms) by extension 'python_setup_py'
[0.337s] Level 1:colcon.colcon_core.package_identification:_identify(src/libcamera/src/ipa/simple/data) by extensions ['ignore', 'ignore_ament_install']
[0.337s] Level 1:colcon.colcon_core.package_identification:_identify(src/libcamera/src/ipa/simple/data) by extension 'ignore'
[0.337s] Level 1:colcon.colcon_core.package_identification:_identify(src/libcamera/src/ipa/simple/data) by extension 'ignore_ament_install'
[0.337s] Level 1:colcon.colcon_core.package_identification:_identify(src/libcamera/src/ipa/simple/data) by extensions ['colcon_pkg']
[0.337s] Level 1:colcon.colcon_core.package_identification:_identify(src/libcamera/src/ipa/simple/data) by extension 'colcon_pkg'
[0.337s] Level 1:colcon.colcon_core.package_identification:_identify(src/libcamera/src/ipa/simple/data) by extensions ['colcon_meta']
[0.337s] Level 1:colcon.colcon_core.package_identification:_identify(src/libcamera/src/ipa/simple/data) by extension 'colcon_meta'
[0.337s] Level 1:colcon.colcon_core.package_identification:_identify(src/libcamera/src/ipa/simple/data) by extensions ['ros']
[0.337s] Level 1:colcon.colcon_core.package_identification:_identify(src/libcamera/src/ipa/simple/data) by extension 'ros'
[0.337s] Level 1:colcon.colcon_core.package_identification:_identify(src/libcamera/src/ipa/simple/data) by extensions ['cmake', 'python']
[0.337s] Level 1:colcon.colcon_core.package_identification:_identify(src/libcamera/src/ipa/simple/data) by extension 'cmake'
[0.337s] Level 1:colcon.colcon_core.package_identification:_identify(src/libcamera/src/ipa/simple/data) by extension 'python'
[0.337s] Level 1:colcon.colcon_core.package_identification:_identify(src/libcamera/src/ipa/simple/data) by extensions ['python_setup_py']
[0.337s] Level 1:colcon.colcon_core.package_identification:_identify(src/libcamera/src/ipa/simple/data) by extension 'python_setup_py'
[0.338s] Level 1:colcon.colcon_core.package_identification:_identify(src/libcamera/src/ipa/vimc) by extensions ['ignore', 'ignore_ament_install']
[0.338s] Level 1:colcon.colcon_core.package_identification:_identify(src/libcamera/src/ipa/vimc) by extension 'ignore'
[0.338s] Level 1:colcon.colcon_core.package_identification:_identify(src/libcamera/src/ipa/vimc) by extension 'ignore_ament_install'
[0.338s] Level 1:colcon.colcon_core.package_identification:_identify(src/libcamera/src/ipa/vimc) by extensions ['colcon_pkg']
[0.338s] Level 1:colcon.colcon_core.package_identification:_identify(src/libcamera/src/ipa/vimc) by extension 'colcon_pkg'
[0.338s] Level 1:colcon.colcon_core.package_identification:_identify(src/libcamera/src/ipa/vimc) by extensions ['colcon_meta']
[0.338s] Level 1:colcon.colcon_core.package_identification:_identify(src/libcamera/src/ipa/vimc) by extension 'colcon_meta'
[0.338s] Level 1:colcon.colcon_core.package_identification:_identify(src/libcamera/src/ipa/vimc) by extensions ['ros']
[0.338s] Level 1:colcon.colcon_core.package_identification:_identify(src/libcamera/src/ipa/vimc) by extension 'ros'
[0.338s] Level 1:colcon.colcon_core.package_identification:_identify(src/libcamera/src/ipa/vimc) by extensions ['cmake', 'python']
[0.338s] Level 1:colcon.colcon_core.package_identification:_identify(src/libcamera/src/ipa/vimc) by extension 'cmake'
[0.338s] Level 1:colcon.colcon_core.package_identification:_identify(src/libcamera/src/ipa/vimc) by extension 'python'
[0.338s] Level 1:colcon.colcon_core.package_identification:_identify(src/libcamera/src/ipa/vimc) by extensions ['python_setup_py']
[0.338s] Level 1:colcon.colcon_core.package_identification:_identify(src/libcamera/src/ipa/vimc) by extension 'python_setup_py'
[0.338s] Level 1:colcon.colcon_core.package_identification:_identify(src/libcamera/src/ipa/vimc/data) by extensions ['ignore', 'ignore_ament_install']
[0.338s] Level 1:colcon.colcon_core.package_identification:_identify(src/libcamera/src/ipa/vimc/data) by extension 'ignore'
[0.338s] Level 1:colcon.colcon_core.package_identification:_identify(src/libcamera/src/ipa/vimc/data) by extension 'ignore_ament_install'
[0.338s] Level 1:colcon.colcon_core.package_identification:_identify(src/libcamera/src/ipa/vimc/data) by extensions ['colcon_pkg']
[0.338s] Level 1:colcon.colcon_core.package_identification:_identify(src/libcamera/src/ipa/vimc/data) by extension 'colcon_pkg'
[0.338s] Level 1:colcon.colcon_core.package_identification:_identify(src/libcamera/src/ipa/vimc/data) by extensions ['colcon_meta']
[0.338s] Level 1:colcon.colcon_core.package_identification:_identify(src/libcamera/src/ipa/vimc/data) by extension 'colcon_meta'
[0.338s] Level 1:colcon.colcon_core.package_identification:_identify(src/libcamera/src/ipa/vimc/data) by extensions ['ros']
[0.338s] Level 1:colcon.colcon_core.package_identification:_identify(src/libcamera/src/ipa/vimc/data) by extension 'ros'
[0.338s] Level 1:colcon.colcon_core.package_identification:_identify(src/libcamera/src/ipa/vimc/data) by extensions ['cmake', 'python']
[0.338s] Level 1:colcon.colcon_core.package_identification:_identify(src/libcamera/src/ipa/vimc/data) by extension 'cmake'
[0.338s] Level 1:colcon.colcon_core.package_identification:_identify(src/libcamera/src/ipa/vimc/data) by extension 'python'
[0.338s] Level 1:colcon.colcon_core.package_identification:_identify(src/libcamera/src/ipa/vimc/data) by extensions ['python_setup_py']
[0.338s] Level 1:colcon.colcon_core.package_identification:_identify(src/libcamera/src/ipa/vimc/data) by extension 'python_setup_py'
[0.339s] Level 1:colcon.colcon_core.package_identification:_identify(src/libcamera/src/libcamera) by extensions ['ignore', 'ignore_ament_install']
[0.339s] Level 1:colcon.colcon_core.package_identification:_identify(src/libcamera/src/libcamera) by extension 'ignore'
[0.339s] Level 1:colcon.colcon_core.package_identification:_identify(src/libcamera/src/libcamera) by extension 'ignore_ament_install'
[0.339s] Level 1:colcon.colcon_core.package_identification:_identify(src/libcamera/src/libcamera) by extensions ['colcon_pkg']
[0.339s] Level 1:colcon.colcon_core.package_identification:_identify(src/libcamera/src/libcamera) by extension 'colcon_pkg'
[0.339s] Level 1:colcon.colcon_core.package_identification:_identify(src/libcamera/src/libcamera) by extensions ['colcon_meta']
[0.339s] Level 1:colcon.colcon_core.package_identification:_identify(src/libcamera/src/libcamera) by extension 'colcon_meta'
[0.339s] Level 1:colcon.colcon_core.package_identification:_identify(src/libcamera/src/libcamera) by extensions ['ros']
[0.339s] Level 1:colcon.colcon_core.package_identification:_identify(src/libcamera/src/libcamera) by extension 'ros'
[0.339s] Level 1:colcon.colcon_core.package_identification:_identify(src/libcamera/src/libcamera) by extensions ['cmake', 'python']
[0.339s] Level 1:colcon.colcon_core.package_identification:_identify(src/libcamera/src/libcamera) by extension 'cmake'
[0.339s] Level 1:colcon.colcon_core.package_identification:_identify(src/libcamera/src/libcamera) by extension 'python'
[0.339s] Level 1:colcon.colcon_core.package_identification:_identify(src/libcamera/src/libcamera) by extensions ['python_setup_py']
[0.339s] Level 1:colcon.colcon_core.package_identification:_identify(src/libcamera/src/libcamera) by extension 'python_setup_py'
[0.339s] Level 1:colcon.colcon_core.package_identification:_identify(src/libcamera/src/libcamera/base) by extensions ['ignore', 'ignore_ament_install']
[0.339s] Level 1:colcon.colcon_core.package_identification:_identify(src/libcamera/src/libcamera/base) by extension 'ignore'
[0.339s] Level 1:colcon.colcon_core.package_identification:_identify(src/libcamera/src/libcamera/base) by extension 'ignore_ament_install'
[0.339s] Level 1:colcon.colcon_core.package_identification:_identify(src/libcamera/src/libcamera/base) by extensions ['colcon_pkg']
[0.339s] Level 1:colcon.colcon_core.package_identification:_identify(src/libcamera/src/libcamera/base) by extension 'colcon_pkg'
[0.339s] Level 1:colcon.colcon_core.package_identification:_identify(src/libcamera/src/libcamera/base) by extensions ['colcon_meta']
[0.339s] Level 1:colcon.colcon_core.package_identification:_identify(src/libcamera/src/libcamera/base) by extension 'colcon_meta'
[0.339s] Level 1:colcon.colcon_core.package_identification:_identify(src/libcamera/src/libcamera/base) by extensions ['ros']
[0.339s] Level 1:colcon.colcon_core.package_identification:_identify(src/libcamera/src/libcamera/base) by extension 'ros'
[0.339s] Level 1:colcon.colcon_core.package_identification:_identify(src/libcamera/src/libcamera/base) by extensions ['cmake', 'python']
[0.339s] Level 1:colcon.colcon_core.package_identification:_identify(src/libcamera/src/libcamera/base) by extension 'cmake'
[0.339s] Level 1:colcon.colcon_core.package_identification:_identify(src/libcamera/src/libcamera/base) by extension 'python'
[0.339s] Level 1:colcon.colcon_core.package_identification:_identify(src/libcamera/src/libcamera/base) by extensions ['python_setup_py']
[0.340s] Level 1:colcon.colcon_core.package_identification:_identify(src/libcamera/src/libcamera/base) by extension 'python_setup_py'
[0.340s] Level 1:colcon.colcon_core.package_identification:_identify(src/libcamera/src/libcamera/converter) by extensions ['ignore', 'ignore_ament_install']
[0.340s] Level 1:colcon.colcon_core.package_identification:_identify(src/libcamera/src/libcamera/converter) by extension 'ignore'
[0.340s] Level 1:colcon.colcon_core.package_identification:_identify(src/libcamera/src/libcamera/converter) by extension 'ignore_ament_install'
[0.340s] Level 1:colcon.colcon_core.package_identification:_identify(src/libcamera/src/libcamera/converter) by extensions ['colcon_pkg']
[0.340s] Level 1:colcon.colcon_core.package_identification:_identify(src/libcamera/src/libcamera/converter) by extension 'colcon_pkg'
[0.340s] Level 1:colcon.colcon_core.package_identification:_identify(src/libcamera/src/libcamera/converter) by extensions ['colcon_meta']
[0.340s] Level 1:colcon.colcon_core.package_identification:_identify(src/libcamera/src/libcamera/converter) by extension 'colcon_meta'
[0.340s] Level 1:colcon.colcon_core.package_identification:_identify(src/libcamera/src/libcamera/converter) by extensions ['ros']
[0.340s] Level 1:colcon.colcon_core.package_identification:_identify(src/libcamera/src/libcamera/converter) by extension 'ros'
[0.340s] Level 1:colcon.colcon_core.package_identification:_identify(src/libcamera/src/libcamera/converter) by extensions ['cmake', 'python']
[0.340s] Level 1:colcon.colcon_core.package_identification:_identify(src/libcamera/src/libcamera/converter) by extension 'cmake'
[0.340s] Level 1:colcon.colcon_core.package_identification:_identify(src/libcamera/src/libcamera/converter) by extension 'python'
[0.340s] Level 1:colcon.colcon_core.package_identification:_identify(src/libcamera/src/libcamera/converter) by extensions ['python_setup_py']
[0.340s] Level 1:colcon.colcon_core.package_identification:_identify(src/libcamera/src/libcamera/converter) by extension 'python_setup_py'
[0.340s] Level 1:colcon.colcon_core.package_identification:_identify(src/libcamera/src/libcamera/ipa) by extensions ['ignore', 'ignore_ament_install']
[0.340s] Level 1:colcon.colcon_core.package_identification:_identify(src/libcamera/src/libcamera/ipa) by extension 'ignore'
[0.340s] Level 1:colcon.colcon_core.package_identification:_identify(src/libcamera/src/libcamera/ipa) by extension 'ignore_ament_install'
[0.340s] Level 1:colcon.colcon_core.package_identification:_identify(src/libcamera/src/libcamera/ipa) by extensions ['colcon_pkg']
[0.340s] Level 1:colcon.colcon_core.package_identification:_identify(src/libcamera/src/libcamera/ipa) by extension 'colcon_pkg'
[0.340s] Level 1:colcon.colcon_core.package_identification:_identify(src/libcamera/src/libcamera/ipa) by extensions ['colcon_meta']
[0.340s] Level 1:colcon.colcon_core.package_identification:_identify(src/libcamera/src/libcamera/ipa) by extension 'colcon_meta'
[0.340s] Level 1:colcon.colcon_core.package_identification:_identify(src/libcamera/src/libcamera/ipa) by extensions ['ros']
[0.340s] Level 1:colcon.colcon_core.package_identification:_identify(src/libcamera/src/libcamera/ipa) by extension 'ros'
[0.340s] Level 1:colcon.colcon_core.package_identification:_identify(src/libcamera/src/libcamera/ipa) by extensions ['cmake', 'python']
[0.340s] Level 1:colcon.colcon_core.package_identification:_identify(src/libcamera/src/libcamera/ipa) by extension 'cmake'
[0.340s] Level 1:colcon.colcon_core.package_identification:_identify(src/libcamera/src/libcamera/ipa) by extension 'python'
[0.340s] Level 1:colcon.colcon_core.package_identification:_identify(src/libcamera/src/libcamera/ipa) by extensions ['python_setup_py']
[0.341s] Level 1:colcon.colcon_core.package_identification:_identify(src/libcamera/src/libcamera/ipa) by extension 'python_setup_py'
[0.341s] Level 1:colcon.colcon_core.package_identification:_identify(src/libcamera/src/libcamera/pipeline) by extensions ['ignore', 'ignore_ament_install']
[0.341s] Level 1:colcon.colcon_core.package_identification:_identify(src/libcamera/src/libcamera/pipeline) by extension 'ignore'
[0.341s] Level 1:colcon.colcon_core.package_identification:_identify(src/libcamera/src/libcamera/pipeline) by extension 'ignore_ament_install'
[0.341s] Level 1:colcon.colcon_core.package_identification:_identify(src/libcamera/src/libcamera/pipeline) by extensions ['colcon_pkg']
[0.341s] Level 1:colcon.colcon_core.package_identification:_identify(src/libcamera/src/libcamera/pipeline) by extension 'colcon_pkg'
[0.341s] Level 1:colcon.colcon_core.package_identification:_identify(src/libcamera/src/libcamera/pipeline) by extensions ['colcon_meta']
[0.341s] Level 1:colcon.colcon_core.package_identification:_identify(src/libcamera/src/libcamera/pipeline) by extension 'colcon_meta'
[0.341s] Level 1:colcon.colcon_core.package_identification:_identify(src/libcamera/src/libcamera/pipeline) by extensions ['ros']
[0.341s] Level 1:colcon.colcon_core.package_identification:_identify(src/libcamera/src/libcamera/pipeline) by extension 'ros'
[0.341s] Level 1:colcon.colcon_core.package_identification:_identify(src/libcamera/src/libcamera/pipeline) by extensions ['cmake', 'python']
[0.341s] Level 1:colcon.colcon_core.package_identification:_identify(src/libcamera/src/libcamera/pipeline) by extension 'cmake'
[0.341s] Level 1:colcon.colcon_core.package_identification:_identify(src/libcamera/src/libcamera/pipeline) by extension 'python'
[0.341s] Level 1:colcon.colcon_core.package_identification:_identify(src/libcamera/src/libcamera/pipeline) by extensions ['python_setup_py']
[0.341s] Level 1:colcon.colcon_core.package_identification:_identify(src/libcamera/src/libcamera/pipeline) by extension 'python_setup_py'
[0.341s] Level 1:colcon.colcon_core.package_identification:_identify(src/libcamera/src/libcamera/pipeline/imx8-isi) by extensions ['ignore', 'ignore_ament_install']
[0.341s] Level 1:colcon.colcon_core.package_identification:_identify(src/libcamera/src/libcamera/pipeline/imx8-isi) by extension 'ignore'
[0.341s] Level 1:colcon.colcon_core.package_identification:_identify(src/libcamera/src/libcamera/pipeline/imx8-isi) by extension 'ignore_ament_install'
[0.341s] Level 1:colcon.colcon_core.package_identification:_identify(src/libcamera/src/libcamera/pipeline/imx8-isi) by extensions ['colcon_pkg']
[0.341s] Level 1:colcon.colcon_core.package_identification:_identify(src/libcamera/src/libcamera/pipeline/imx8-isi) by extension 'colcon_pkg'
[0.341s] Level 1:colcon.colcon_core.package_identification:_identify(src/libcamera/src/libcamera/pipeline/imx8-isi) by extensions ['colcon_meta']
[0.341s] Level 1:colcon.colcon_core.package_identification:_identify(src/libcamera/src/libcamera/pipeline/imx8-isi) by extension 'colcon_meta'
[0.341s] Level 1:colcon.colcon_core.package_identification:_identify(src/libcamera/src/libcamera/pipeline/imx8-isi) by extensions ['ros']
[0.341s] Level 1:colcon.colcon_core.package_identification:_identify(src/libcamera/src/libcamera/pipeline/imx8-isi) by extension 'ros'
[0.341s] Level 1:colcon.colcon_core.package_identification:_identify(src/libcamera/src/libcamera/pipeline/imx8-isi) by extensions ['cmake', 'python']
[0.342s] Level 1:colcon.colcon_core.package_identification:_identify(src/libcamera/src/libcamera/pipeline/imx8-isi) by extension 'cmake'
[0.342s] Level 1:colcon.colcon_core.package_identification:_identify(src/libcamera/src/libcamera/pipeline/imx8-isi) by extension 'python'
[0.342s] Level 1:colcon.colcon_core.package_identification:_identify(src/libcamera/src/libcamera/pipeline/imx8-isi) by extensions ['python_setup_py']
[0.342s] Level 1:colcon.colcon_core.package_identification:_identify(src/libcamera/src/libcamera/pipeline/imx8-isi) by extension 'python_setup_py'
[0.342s] Level 1:colcon.colcon_core.package_identification:_identify(src/libcamera/src/libcamera/pipeline/ipu3) by extensions ['ignore', 'ignore_ament_install']
[0.342s] Level 1:colcon.colcon_core.package_identification:_identify(src/libcamera/src/libcamera/pipeline/ipu3) by extension 'ignore'
[0.342s] Level 1:colcon.colcon_core.package_identification:_identify(src/libcamera/src/libcamera/pipeline/ipu3) by extension 'ignore_ament_install'
[0.342s] Level 1:colcon.colcon_core.package_identification:_identify(src/libcamera/src/libcamera/pipeline/ipu3) by extensions ['colcon_pkg']
[0.342s] Level 1:colcon.colcon_core.package_identification:_identify(src/libcamera/src/libcamera/pipeline/ipu3) by extension 'colcon_pkg'
[0.342s] Level 1:colcon.colcon_core.package_identification:_identify(src/libcamera/src/libcamera/pipeline/ipu3) by extensions ['colcon_meta']
[0.342s] Level 1:colcon.colcon_core.package_identification:_identify(src/libcamera/src/libcamera/pipeline/ipu3) by extension 'colcon_meta'
[0.342s] Level 1:colcon.colcon_core.package_identification:_identify(src/libcamera/src/libcamera/pipeline/ipu3) by extensions ['ros']
[0.342s] Level 1:colcon.colcon_core.package_identification:_identify(src/libcamera/src/libcamera/pipeline/ipu3) by extension 'ros'
[0.342s] Level 1:colcon.colcon_core.package_identification:_identify(src/libcamera/src/libcamera/pipeline/ipu3) by extensions ['cmake', 'python']
[0.342s] Level 1:colcon.colcon_core.package_identification:_identify(src/libcamera/src/libcamera/pipeline/ipu3) by extension 'cmake'
[0.342s] Level 1:colcon.colcon_core.package_identification:_identify(src/libcamera/src/libcamera/pipeline/ipu3) by extension 'python'
[0.342s] Level 1:colcon.colcon_core.package_identification:_identify(src/libcamera/src/libcamera/pipeline/ipu3) by extensions ['python_setup_py']
[0.342s] Level 1:colcon.colcon_core.package_identification:_identify(src/libcamera/src/libcamera/pipeline/ipu3) by extension 'python_setup_py'
[0.342s] Level 1:colcon.colcon_core.package_identification:_identify(src/libcamera/src/libcamera/pipeline/mali-c55) by extensions ['ignore', 'ignore_ament_install']
[0.342s] Level 1:colcon.colcon_core.package_identification:_identify(src/libcamera/src/libcamera/pipeline/mali-c55) by extension 'ignore'
[0.342s] Level 1:colcon.colcon_core.package_identification:_identify(src/libcamera/src/libcamera/pipeline/mali-c55) by extension 'ignore_ament_install'
[0.342s] Level 1:colcon.colcon_core.package_identification:_identify(src/libcamera/src/libcamera/pipeline/mali-c55) by extensions ['colcon_pkg']
[0.342s] Level 1:colcon.colcon_core.package_identification:_identify(src/libcamera/src/libcamera/pipeline/mali-c55) by extension 'colcon_pkg'
[0.342s] Level 1:colcon.colcon_core.package_identification:_identify(src/libcamera/src/libcamera/pipeline/mali-c55) by extensions ['colcon_meta']
[0.342s] Level 1:colcon.colcon_core.package_identification:_identify(src/libcamera/src/libcamera/pipeline/mali-c55) by extension 'colcon_meta'
[0.342s] Level 1:colcon.colcon_core.package_identification:_identify(src/libcamera/src/libcamera/pipeline/mali-c55) by extensions ['ros']
[0.342s] Level 1:colcon.colcon_core.package_identification:_identify(src/libcamera/src/libcamera/pipeline/mali-c55) by extension 'ros'
[0.343s] Level 1:colcon.colcon_core.package_identification:_identify(src/libcamera/src/libcamera/pipeline/mali-c55) by extensions ['cmake', 'python']
[0.343s] Level 1:colcon.colcon_core.package_identification:_identify(src/libcamera/src/libcamera/pipeline/mali-c55) by extension 'cmake'
[0.343s] Level 1:colcon.colcon_core.package_identification:_identify(src/libcamera/src/libcamera/pipeline/mali-c55) by extension 'python'
[0.343s] Level 1:colcon.colcon_core.package_identification:_identify(src/libcamera/src/libcamera/pipeline/mali-c55) by extensions ['python_setup_py']
[0.343s] Level 1:colcon.colcon_core.package_identification:_identify(src/libcamera/src/libcamera/pipeline/mali-c55) by extension 'python_setup_py'
[0.343s] Level 1:colcon.colcon_core.package_identification:_identify(src/libcamera/src/libcamera/pipeline/rkisp1) by extensions ['ignore', 'ignore_ament_install']
[0.343s] Level 1:colcon.colcon_core.package_identification:_identify(src/libcamera/src/libcamera/pipeline/rkisp1) by extension 'ignore'
[0.343s] Level 1:colcon.colcon_core.package_identification:_identify(src/libcamera/src/libcamera/pipeline/rkisp1) by extension 'ignore_ament_install'
[0.343s] Level 1:colcon.colcon_core.package_identification:_identify(src/libcamera/src/libcamera/pipeline/rkisp1) by extensions ['colcon_pkg']
[0.343s] Level 1:colcon.colcon_core.package_identification:_identify(src/libcamera/src/libcamera/pipeline/rkisp1) by extension 'colcon_pkg'
[0.343s] Level 1:colcon.colcon_core.package_identification:_identify(src/libcamera/src/libcamera/pipeline/rkisp1) by extensions ['colcon_meta']
[0.343s] Level 1:colcon.colcon_core.package_identification:_identify(src/libcamera/src/libcamera/pipeline/rkisp1) by extension 'colcon_meta'
[0.343s] Level 1:colcon.colcon_core.package_identification:_identify(src/libcamera/src/libcamera/pipeline/rkisp1) by extensions ['ros']
[0.343s] Level 1:colcon.colcon_core.package_identification:_identify(src/libcamera/src/libcamera/pipeline/rkisp1) by extension 'ros'
[0.343s] Level 1:colcon.colcon_core.package_identification:_identify(src/libcamera/src/libcamera/pipeline/rkisp1) by extensions ['cmake', 'python']
[0.343s] Level 1:colcon.colcon_core.package_identification:_identify(src/libcamera/src/libcamera/pipeline/rkisp1) by extension 'cmake'
[0.343s] Level 1:colcon.colcon_core.package_identification:_identify(src/libcamera/src/libcamera/pipeline/rkisp1) by extension 'python'
[0.343s] Level 1:colcon.colcon_core.package_identification:_identify(src/libcamera/src/libcamera/pipeline/rkisp1) by extensions ['python_setup_py']
[0.343s] Level 1:colcon.colcon_core.package_identification:_identify(src/libcamera/src/libcamera/pipeline/rkisp1) by extension 'python_setup_py'
[0.343s] Level 1:colcon.colcon_core.package_identification:_identify(src/libcamera/src/libcamera/pipeline/rpi) by extensions ['ignore', 'ignore_ament_install']
[0.343s] Level 1:colcon.colcon_core.package_identification:_identify(src/libcamera/src/libcamera/pipeline/rpi) by extension 'ignore'
[0.343s] Level 1:colcon.colcon_core.package_identification:_identify(src/libcamera/src/libcamera/pipeline/rpi) by extension 'ignore_ament_install'
[0.343s] Level 1:colcon.colcon_core.package_identification:_identify(src/libcamera/src/libcamera/pipeline/rpi) by extensions ['colcon_pkg']
[0.343s] Level 1:colcon.colcon_core.package_identification:_identify(src/libcamera/src/libcamera/pipeline/rpi) by extension 'colcon_pkg'
[0.343s] Level 1:colcon.colcon_core.package_identification:_identify(src/libcamera/src/libcamera/pipeline/rpi) by extensions ['colcon_meta']
[0.343s] Level 1:colcon.colcon_core.package_identification:_identify(src/libcamera/src/libcamera/pipeline/rpi) by extension 'colcon_meta'
[0.343s] Level 1:colcon.colcon_core.package_identification:_identify(src/libcamera/src/libcamera/pipeline/rpi) by extensions ['ros']
[0.344s] Level 1:colcon.colcon_core.package_identification:_identify(src/libcamera/src/libcamera/pipeline/rpi) by extension 'ros'
[0.344s] Level 1:colcon.colcon_core.package_identification:_identify(src/libcamera/src/libcamera/pipeline/rpi) by extensions ['cmake', 'python']
[0.344s] Level 1:colcon.colcon_core.package_identification:_identify(src/libcamera/src/libcamera/pipeline/rpi) by extension 'cmake'
[0.344s] Level 1:colcon.colcon_core.package_identification:_identify(src/libcamera/src/libcamera/pipeline/rpi) by extension 'python'
[0.344s] Level 1:colcon.colcon_core.package_identification:_identify(src/libcamera/src/libcamera/pipeline/rpi) by extensions ['python_setup_py']
[0.344s] Level 1:colcon.colcon_core.package_identification:_identify(src/libcamera/src/libcamera/pipeline/rpi) by extension 'python_setup_py'
[0.344s] Level 1:colcon.colcon_core.package_identification:_identify(src/libcamera/src/libcamera/pipeline/rpi/common) by extensions ['ignore', 'ignore_ament_install']
[0.344s] Level 1:colcon.colcon_core.package_identification:_identify(src/libcamera/src/libcamera/pipeline/rpi/common) by extension 'ignore'
[0.344s] Level 1:colcon.colcon_core.package_identification:_identify(src/libcamera/src/libcamera/pipeline/rpi/common) by extension 'ignore_ament_install'
[0.344s] Level 1:colcon.colcon_core.package_identification:_identify(src/libcamera/src/libcamera/pipeline/rpi/common) by extensions ['colcon_pkg']
[0.344s] Level 1:colcon.colcon_core.package_identification:_identify(src/libcamera/src/libcamera/pipeline/rpi/common) by extension 'colcon_pkg'
[0.344s] Level 1:colcon.colcon_core.package_identification:_identify(src/libcamera/src/libcamera/pipeline/rpi/common) by extensions ['colcon_meta']
[0.344s] Level 1:colcon.colcon_core.package_identification:_identify(src/libcamera/src/libcamera/pipeline/rpi/common) by extension 'colcon_meta'
[0.344s] Level 1:colcon.colcon_core.package_identification:_identify(src/libcamera/src/libcamera/pipeline/rpi/common) by extensions ['ros']
[0.344s] Level 1:colcon.colcon_core.package_identification:_identify(src/libcamera/src/libcamera/pipeline/rpi/common) by extension 'ros'
[0.344s] Level 1:colcon.colcon_core.package_identification:_identify(src/libcamera/src/libcamera/pipeline/rpi/common) by extensions ['cmake', 'python']
[0.344s] Level 1:colcon.colcon_core.package_identification:_identify(src/libcamera/src/libcamera/pipeline/rpi/common) by extension 'cmake'
[0.344s] Level 1:colcon.colcon_core.package_identification:_identify(src/libcamera/src/libcamera/pipeline/rpi/common) by extension 'python'
[0.344s] Level 1:colcon.colcon_core.package_identification:_identify(src/libcamera/src/libcamera/pipeline/rpi/common) by extensions ['python_setup_py']
[0.344s] Level 1:colcon.colcon_core.package_identification:_identify(src/libcamera/src/libcamera/pipeline/rpi/common) by extension 'python_setup_py'
[0.344s] Level 1:colcon.colcon_core.package_identification:_identify(src/libcamera/src/libcamera/pipeline/rpi/pisp) by extensions ['ignore', 'ignore_ament_install']
[0.344s] Level 1:colcon.colcon_core.package_identification:_identify(src/libcamera/src/libcamera/pipeline/rpi/pisp) by extension 'ignore'
[0.344s] Level 1:colcon.colcon_core.package_identification:_identify(src/libcamera/src/libcamera/pipeline/rpi/pisp) by extension 'ignore_ament_install'
[0.344s] Level 1:colcon.colcon_core.package_identification:_identify(src/libcamera/src/libcamera/pipeline/rpi/pisp) by extensions ['colcon_pkg']
[0.344s] Level 1:colcon.colcon_core.package_identification:_identify(src/libcamera/src/libcamera/pipeline/rpi/pisp) by extension 'colcon_pkg'
[0.344s] Level 1:colcon.colcon_core.package_identification:_identify(src/libcamera/src/libcamera/pipeline/rpi/pisp) by extensions ['colcon_meta']
[0.344s] Level 1:colcon.colcon_core.package_identification:_identify(src/libcamera/src/libcamera/pipeline/rpi/pisp) by extension 'colcon_meta'
[0.345s] Level 1:colcon.colcon_core.package_identification:_identify(src/libcamera/src/libcamera/pipeline/rpi/pisp) by extensions ['ros']
[0.345s] Level 1:colcon.colcon_core.package_identification:_identify(src/libcamera/src/libcamera/pipeline/rpi/pisp) by extension 'ros'
[0.345s] Level 1:colcon.colcon_core.package_identification:_identify(src/libcamera/src/libcamera/pipeline/rpi/pisp) by extensions ['cmake', 'python']
[0.345s] Level 1:colcon.colcon_core.package_identification:_identify(src/libcamera/src/libcamera/pipeline/rpi/pisp) by extension 'cmake'
[0.345s] Level 1:colcon.colcon_core.package_identification:_identify(src/libcamera/src/libcamera/pipeline/rpi/pisp) by extension 'python'
[0.345s] Level 1:colcon.colcon_core.package_identification:_identify(src/libcamera/src/libcamera/pipeline/rpi/pisp) by extensions ['python_setup_py']
[0.345s] Level 1:colcon.colcon_core.package_identification:_identify(src/libcamera/src/libcamera/pipeline/rpi/pisp) by extension 'python_setup_py'
[0.345s] Level 1:colcon.colcon_core.package_identification:_identify(src/libcamera/src/libcamera/pipeline/rpi/pisp/data) by extensions ['ignore', 'ignore_ament_install']
[0.345s] Level 1:colcon.colcon_core.package_identification:_identify(src/libcamera/src/libcamera/pipeline/rpi/pisp/data) by extension 'ignore'
[0.345s] Level 1:colcon.colcon_core.package_identification:_identify(src/libcamera/src/libcamera/pipeline/rpi/pisp/data) by extension 'ignore_ament_install'
[0.345s] Level 1:colcon.colcon_core.package_identification:_identify(src/libcamera/src/libcamera/pipeline/rpi/pisp/data) by extensions ['colcon_pkg']
[0.345s] Level 1:colcon.colcon_core.package_identification:_identify(src/libcamera/src/libcamera/pipeline/rpi/pisp/data) by extension 'colcon_pkg'
[0.345s] Level 1:colcon.colcon_core.package_identification:_identify(src/libcamera/src/libcamera/pipeline/rpi/pisp/data) by extensions ['colcon_meta']
[0.345s] Level 1:colcon.colcon_core.package_identification:_identify(src/libcamera/src/libcamera/pipeline/rpi/pisp/data) by extension 'colcon_meta'
[0.345s] Level 1:colcon.colcon_core.package_identification:_identify(src/libcamera/src/libcamera/pipeline/rpi/pisp/data) by extensions ['ros']
[0.345s] Level 1:colcon.colcon_core.package_identification:_identify(src/libcamera/src/libcamera/pipeline/rpi/pisp/data) by extension 'ros'
[0.345s] Level 1:colcon.colcon_core.package_identification:_identify(src/libcamera/src/libcamera/pipeline/rpi/pisp/data) by extensions ['cmake', 'python']
[0.345s] Level 1:colcon.colcon_core.package_identification:_identify(src/libcamera/src/libcamera/pipeline/rpi/pisp/data) by extension 'cmake'
[0.345s] Level 1:colcon.colcon_core.package_identification:_identify(src/libcamera/src/libcamera/pipeline/rpi/pisp/data) by extension 'python'
[0.345s] Level 1:colcon.colcon_core.package_identification:_identify(src/libcamera/src/libcamera/pipeline/rpi/pisp/data) by extensions ['python_setup_py']
[0.345s] Level 1:colcon.colcon_core.package_identification:_identify(src/libcamera/src/libcamera/pipeline/rpi/pisp/data) by extension 'python_setup_py'
[0.345s] Level 1:colcon.colcon_core.package_identification:_identify(src/libcamera/src/libcamera/pipeline/rpi/vc4) by extensions ['ignore', 'ignore_ament_install']
[0.345s] Level 1:colcon.colcon_core.package_identification:_identify(src/libcamera/src/libcamera/pipeline/rpi/vc4) by extension 'ignore'
[0.345s] Level 1:colcon.colcon_core.package_identification:_identify(src/libcamera/src/libcamera/pipeline/rpi/vc4) by extension 'ignore_ament_install'
[0.345s] Level 1:colcon.colcon_core.package_identification:_identify(src/libcamera/src/libcamera/pipeline/rpi/vc4) by extensions ['colcon_pkg']
[0.345s] Level 1:colcon.colcon_core.package_identification:_identify(src/libcamera/src/libcamera/pipeline/rpi/vc4) by extension 'colcon_pkg'
[0.346s] Level 1:colcon.colcon_core.package_identification:_identify(src/libcamera/src/libcamera/pipeline/rpi/vc4) by extensions ['colcon_meta']
[0.346s] Level 1:colcon.colcon_core.package_identification:_identify(src/libcamera/src/libcamera/pipeline/rpi/vc4) by extension 'colcon_meta'
[0.346s] Level 1:colcon.colcon_core.package_identification:_identify(src/libcamera/src/libcamera/pipeline/rpi/vc4) by extensions ['ros']
[0.346s] Level 1:colcon.colcon_core.package_identification:_identify(src/libcamera/src/libcamera/pipeline/rpi/vc4) by extension 'ros'
[0.346s] Level 1:colcon.colcon_core.package_identification:_identify(src/libcamera/src/libcamera/pipeline/rpi/vc4) by extensions ['cmake', 'python']
[0.346s] Level 1:colcon.colcon_core.package_identification:_identify(src/libcamera/src/libcamera/pipeline/rpi/vc4) by extension 'cmake'
[0.346s] Level 1:colcon.colcon_core.package_identification:_identify(src/libcamera/src/libcamera/pipeline/rpi/vc4) by extension 'python'
[0.346s] Level 1:colcon.colcon_core.package_identification:_identify(src/libcamera/src/libcamera/pipeline/rpi/vc4) by extensions ['python_setup_py']
[0.346s] Level 1:colcon.colcon_core.package_identification:_identify(src/libcamera/src/libcamera/pipeline/rpi/vc4) by extension 'python_setup_py'
[0.346s] Level 1:colcon.colcon_core.package_identification:_identify(src/libcamera/src/libcamera/pipeline/rpi/vc4/data) by extensions ['ignore', 'ignore_ament_install']
[0.346s] Level 1:colcon.colcon_core.package_identification:_identify(src/libcamera/src/libcamera/pipeline/rpi/vc4/data) by extension 'ignore'
[0.346s] Level 1:colcon.colcon_core.package_identification:_identify(src/libcamera/src/libcamera/pipeline/rpi/vc4/data) by extension 'ignore_ament_install'
[0.346s] Level 1:colcon.colcon_core.package_identification:_identify(src/libcamera/src/libcamera/pipeline/rpi/vc4/data) by extensions ['colcon_pkg']
[0.346s] Level 1:colcon.colcon_core.package_identification:_identify(src/libcamera/src/libcamera/pipeline/rpi/vc4/data) by extension 'colcon_pkg'
[0.346s] Level 1:colcon.colcon_core.package_identification:_identify(src/libcamera/src/libcamera/pipeline/rpi/vc4/data) by extensions ['colcon_meta']
[0.346s] Level 1:colcon.colcon_core.package_identification:_identify(src/libcamera/src/libcamera/pipeline/rpi/vc4/data) by extension 'colcon_meta'
[0.346s] Level 1:colcon.colcon_core.package_identification:_identify(src/libcamera/src/libcamera/pipeline/rpi/vc4/data) by extensions ['ros']
[0.346s] Level 1:colcon.colcon_core.package_identification:_identify(src/libcamera/src/libcamera/pipeline/rpi/vc4/data) by extension 'ros'
[0.346s] Level 1:colcon.colcon_core.package_identification:_identify(src/libcamera/src/libcamera/pipeline/rpi/vc4/data) by extensions ['cmake', 'python']
[0.346s] Level 1:colcon.colcon_core.package_identification:_identify(src/libcamera/src/libcamera/pipeline/rpi/vc4/data) by extension 'cmake'
[0.346s] Level 1:colcon.colcon_core.package_identification:_identify(src/libcamera/src/libcamera/pipeline/rpi/vc4/data) by extension 'python'
[0.346s] Level 1:colcon.colcon_core.package_identification:_identify(src/libcamera/src/libcamera/pipeline/rpi/vc4/data) by extensions ['python_setup_py']
[0.346s] Level 1:colcon.colcon_core.package_identification:_identify(src/libcamera/src/libcamera/pipeline/rpi/vc4/data) by extension 'python_setup_py'
[0.346s] Level 1:colcon.colcon_core.package_identification:_identify(src/libcamera/src/libcamera/pipeline/simple) by extensions ['ignore', 'ignore_ament_install']
[0.346s] Level 1:colcon.colcon_core.package_identification:_identify(src/libcamera/src/libcamera/pipeline/simple) by extension 'ignore'
[0.346s] Level 1:colcon.colcon_core.package_identification:_identify(src/libcamera/src/libcamera/pipeline/simple) by extension 'ignore_ament_install'
[0.346s] Level 1:colcon.colcon_core.package_identification:_identify(src/libcamera/src/libcamera/pipeline/simple) by extensions ['colcon_pkg']
[0.347s] Level 1:colcon.colcon_core.package_identification:_identify(src/libcamera/src/libcamera/pipeline/simple) by extension 'colcon_pkg'
[0.347s] Level 1:colcon.colcon_core.package_identification:_identify(src/libcamera/src/libcamera/pipeline/simple) by extensions ['colcon_meta']
[0.347s] Level 1:colcon.colcon_core.package_identification:_identify(src/libcamera/src/libcamera/pipeline/simple) by extension 'colcon_meta'
[0.347s] Level 1:colcon.colcon_core.package_identification:_identify(src/libcamera/src/libcamera/pipeline/simple) by extensions ['ros']
[0.347s] Level 1:colcon.colcon_core.package_identification:_identify(src/libcamera/src/libcamera/pipeline/simple) by extension 'ros'
[0.347s] Level 1:colcon.colcon_core.package_identification:_identify(src/libcamera/src/libcamera/pipeline/simple) by extensions ['cmake', 'python']
[0.347s] Level 1:colcon.colcon_core.package_identification:_identify(src/libcamera/src/libcamera/pipeline/simple) by extension 'cmake'
[0.347s] Level 1:colcon.colcon_core.package_identification:_identify(src/libcamera/src/libcamera/pipeline/simple) by extension 'python'
[0.347s] Level 1:colcon.colcon_core.package_identification:_identify(src/libcamera/src/libcamera/pipeline/simple) by extensions ['python_setup_py']
[0.347s] Level 1:colcon.colcon_core.package_identification:_identify(src/libcamera/src/libcamera/pipeline/simple) by extension 'python_setup_py'
[0.347s] Level 1:colcon.colcon_core.package_identification:_identify(src/libcamera/src/libcamera/pipeline/uvcvideo) by extensions ['ignore', 'ignore_ament_install']
[0.347s] Level 1:colcon.colcon_core.package_identification:_identify(src/libcamera/src/libcamera/pipeline/uvcvideo) by extension 'ignore'
[0.347s] Level 1:colcon.colcon_core.package_identification:_identify(src/libcamera/src/libcamera/pipeline/uvcvideo) by extension 'ignore_ament_install'
[0.347s] Level 1:colcon.colcon_core.package_identification:_identify(src/libcamera/src/libcamera/pipeline/uvcvideo) by extensions ['colcon_pkg']
[0.347s] Level 1:colcon.colcon_core.package_identification:_identify(src/libcamera/src/libcamera/pipeline/uvcvideo) by extension 'colcon_pkg'
[0.347s] Level 1:colcon.colcon_core.package_identification:_identify(src/libcamera/src/libcamera/pipeline/uvcvideo) by extensions ['colcon_meta']
[0.347s] Level 1:colcon.colcon_core.package_identification:_identify(src/libcamera/src/libcamera/pipeline/uvcvideo) by extension 'colcon_meta'
[0.347s] Level 1:colcon.colcon_core.package_identification:_identify(src/libcamera/src/libcamera/pipeline/uvcvideo) by extensions ['ros']
[0.347s] Level 1:colcon.colcon_core.package_identification:_identify(src/libcamera/src/libcamera/pipeline/uvcvideo) by extension 'ros'
[0.347s] Level 1:colcon.colcon_core.package_identification:_identify(src/libcamera/src/libcamera/pipeline/uvcvideo) by extensions ['cmake', 'python']
[0.347s] Level 1:colcon.colcon_core.package_identification:_identify(src/libcamera/src/libcamera/pipeline/uvcvideo) by extension 'cmake'
[0.347s] Level 1:colcon.colcon_core.package_identification:_identify(src/libcamera/src/libcamera/pipeline/uvcvideo) by extension 'python'
[0.347s] Level 1:colcon.colcon_core.package_identification:_identify(src/libcamera/src/libcamera/pipeline/uvcvideo) by extensions ['python_setup_py']
[0.347s] Level 1:colcon.colcon_core.package_identification:_identify(src/libcamera/src/libcamera/pipeline/uvcvideo) by extension 'python_setup_py'
[0.347s] Level 1:colcon.colcon_core.package_identification:_identify(src/libcamera/src/libcamera/pipeline/vimc) by extensions ['ignore', 'ignore_ament_install']
[0.347s] Level 1:colcon.colcon_core.package_identification:_identify(src/libcamera/src/libcamera/pipeline/vimc) by extension 'ignore'
[0.347s] Level 1:colcon.colcon_core.package_identification:_identify(src/libcamera/src/libcamera/pipeline/vimc) by extension 'ignore_ament_install'
[0.348s] Level 1:colcon.colcon_core.package_identification:_identify(src/libcamera/src/libcamera/pipeline/vimc) by extensions ['colcon_pkg']
[0.348s] Level 1:colcon.colcon_core.package_identification:_identify(src/libcamera/src/libcamera/pipeline/vimc) by extension 'colcon_pkg'
[0.348s] Level 1:colcon.colcon_core.package_identification:_identify(src/libcamera/src/libcamera/pipeline/vimc) by extensions ['colcon_meta']
[0.348s] Level 1:colcon.colcon_core.package_identification:_identify(src/libcamera/src/libcamera/pipeline/vimc) by extension 'colcon_meta'
[0.348s] Level 1:colcon.colcon_core.package_identification:_identify(src/libcamera/src/libcamera/pipeline/vimc) by extensions ['ros']
[0.348s] Level 1:colcon.colcon_core.package_identification:_identify(src/libcamera/src/libcamera/pipeline/vimc) by extension 'ros'
[0.348s] Level 1:colcon.colcon_core.package_identification:_identify(src/libcamera/src/libcamera/pipeline/vimc) by extensions ['cmake', 'python']
[0.348s] Level 1:colcon.colcon_core.package_identification:_identify(src/libcamera/src/libcamera/pipeline/vimc) by extension 'cmake'
[0.348s] Level 1:colcon.colcon_core.package_identification:_identify(src/libcamera/src/libcamera/pipeline/vimc) by extension 'python'
[0.348s] Level 1:colcon.colcon_core.package_identification:_identify(src/libcamera/src/libcamera/pipeline/vimc) by extensions ['python_setup_py']
[0.348s] Level 1:colcon.colcon_core.package_identification:_identify(src/libcamera/src/libcamera/pipeline/vimc) by extension 'python_setup_py'
[0.348s] Level 1:colcon.colcon_core.package_identification:_identify(src/libcamera/src/libcamera/pipeline/virtual) by extensions ['ignore', 'ignore_ament_install']
[0.348s] Level 1:colcon.colcon_core.package_identification:_identify(src/libcamera/src/libcamera/pipeline/virtual) by extension 'ignore'
[0.348s] Level 1:colcon.colcon_core.package_identification:_identify(src/libcamera/src/libcamera/pipeline/virtual) by extension 'ignore_ament_install'
[0.348s] Level 1:colcon.colcon_core.package_identification:_identify(src/libcamera/src/libcamera/pipeline/virtual) by extensions ['colcon_pkg']
[0.348s] Level 1:colcon.colcon_core.package_identification:_identify(src/libcamera/src/libcamera/pipeline/virtual) by extension 'colcon_pkg'
[0.348s] Level 1:colcon.colcon_core.package_identification:_identify(src/libcamera/src/libcamera/pipeline/virtual) by extensions ['colcon_meta']
[0.348s] Level 1:colcon.colcon_core.package_identification:_identify(src/libcamera/src/libcamera/pipeline/virtual) by extension 'colcon_meta'
[0.348s] Level 1:colcon.colcon_core.package_identification:_identify(src/libcamera/src/libcamera/pipeline/virtual) by extensions ['ros']
[0.348s] Level 1:colcon.colcon_core.package_identification:_identify(src/libcamera/src/libcamera/pipeline/virtual) by extension 'ros'
[0.348s] Level 1:colcon.colcon_core.package_identification:_identify(src/libcamera/src/libcamera/pipeline/virtual) by extensions ['cmake', 'python']
[0.348s] Level 1:colcon.colcon_core.package_identification:_identify(src/libcamera/src/libcamera/pipeline/virtual) by extension 'cmake'
[0.348s] Level 1:colcon.colcon_core.package_identification:_identify(src/libcamera/src/libcamera/pipeline/virtual) by extension 'python'
[0.348s] Level 1:colcon.colcon_core.package_identification:_identify(src/libcamera/src/libcamera/pipeline/virtual) by extensions ['python_setup_py']
[0.348s] Level 1:colcon.colcon_core.package_identification:_identify(src/libcamera/src/libcamera/pipeline/virtual) by extension 'python_setup_py'
[0.348s] Level 1:colcon.colcon_core.package_identification:_identify(src/libcamera/src/libcamera/pipeline/virtual/data) by extensions ['ignore', 'ignore_ament_install']
[0.348s] Level 1:colcon.colcon_core.package_identification:_identify(src/libcamera/src/libcamera/pipeline/virtual/data) by extension 'ignore'
[0.349s] Level 1:colcon.colcon_core.package_identification:_identify(src/libcamera/src/libcamera/pipeline/virtual/data) by extension 'ignore_ament_install'
[0.349s] Level 1:colcon.colcon_core.package_identification:_identify(src/libcamera/src/libcamera/pipeline/virtual/data) by extensions ['colcon_pkg']
[0.349s] Level 1:colcon.colcon_core.package_identification:_identify(src/libcamera/src/libcamera/pipeline/virtual/data) by extension 'colcon_pkg'
[0.349s] Level 1:colcon.colcon_core.package_identification:_identify(src/libcamera/src/libcamera/pipeline/virtual/data) by extensions ['colcon_meta']
[0.349s] Level 1:colcon.colcon_core.package_identification:_identify(src/libcamera/src/libcamera/pipeline/virtual/data) by extension 'colcon_meta'
[0.349s] Level 1:colcon.colcon_core.package_identification:_identify(src/libcamera/src/libcamera/pipeline/virtual/data) by extensions ['ros']
[0.349s] Level 1:colcon.colcon_core.package_identification:_identify(src/libcamera/src/libcamera/pipeline/virtual/data) by extension 'ros'
[0.349s] Level 1:colcon.colcon_core.package_identification:_identify(src/libcamera/src/libcamera/pipeline/virtual/data) by extensions ['cmake', 'python']
[0.349s] Level 1:colcon.colcon_core.package_identification:_identify(src/libcamera/src/libcamera/pipeline/virtual/data) by extension 'cmake'
[0.349s] Level 1:colcon.colcon_core.package_identification:_identify(src/libcamera/src/libcamera/pipeline/virtual/data) by extension 'python'
[0.349s] Level 1:colcon.colcon_core.package_identification:_identify(src/libcamera/src/libcamera/pipeline/virtual/data) by extensions ['python_setup_py']
[0.349s] Level 1:colcon.colcon_core.package_identification:_identify(src/libcamera/src/libcamera/pipeline/virtual/data) by extension 'python_setup_py'
[0.349s] Level 1:colcon.colcon_core.package_identification:_identify(src/libcamera/src/libcamera/proxy) by extensions ['ignore', 'ignore_ament_install']
[0.349s] Level 1:colcon.colcon_core.package_identification:_identify(src/libcamera/src/libcamera/proxy) by extension 'ignore'
[0.349s] Level 1:colcon.colcon_core.package_identification:_identify(src/libcamera/src/libcamera/proxy) by extension 'ignore_ament_install'
[0.349s] Level 1:colcon.colcon_core.package_identification:_identify(src/libcamera/src/libcamera/proxy) by extensions ['colcon_pkg']
[0.349s] Level 1:colcon.colcon_core.package_identification:_identify(src/libcamera/src/libcamera/proxy) by extension 'colcon_pkg'
[0.349s] Level 1:colcon.colcon_core.package_identification:_identify(src/libcamera/src/libcamera/proxy) by extensions ['colcon_meta']
[0.349s] Level 1:colcon.colcon_core.package_identification:_identify(src/libcamera/src/libcamera/proxy) by extension 'colcon_meta'
[0.349s] Level 1:colcon.colcon_core.package_identification:_identify(src/libcamera/src/libcamera/proxy) by extensions ['ros']
[0.349s] Level 1:colcon.colcon_core.package_identification:_identify(src/libcamera/src/libcamera/proxy) by extension 'ros'
[0.349s] Level 1:colcon.colcon_core.package_identification:_identify(src/libcamera/src/libcamera/proxy) by extensions ['cmake', 'python']
[0.349s] Level 1:colcon.colcon_core.package_identification:_identify(src/libcamera/src/libcamera/proxy) by extension 'cmake'
[0.349s] Level 1:colcon.colcon_core.package_identification:_identify(src/libcamera/src/libcamera/proxy) by extension 'python'
[0.349s] Level 1:colcon.colcon_core.package_identification:_identify(src/libcamera/src/libcamera/proxy) by extensions ['python_setup_py']
[0.349s] Level 1:colcon.colcon_core.package_identification:_identify(src/libcamera/src/libcamera/proxy) by extension 'python_setup_py'
[0.350s] Level 1:colcon.colcon_core.package_identification:_identify(src/libcamera/src/libcamera/proxy/worker) by extensions ['ignore', 'ignore_ament_install']
[0.350s] Level 1:colcon.colcon_core.package_identification:_identify(src/libcamera/src/libcamera/proxy/worker) by extension 'ignore'
[0.350s] Level 1:colcon.colcon_core.package_identification:_identify(src/libcamera/src/libcamera/proxy/worker) by extension 'ignore_ament_install'
[0.350s] Level 1:colcon.colcon_core.package_identification:_identify(src/libcamera/src/libcamera/proxy/worker) by extensions ['colcon_pkg']
[0.350s] Level 1:colcon.colcon_core.package_identification:_identify(src/libcamera/src/libcamera/proxy/worker) by extension 'colcon_pkg'
[0.350s] Level 1:colcon.colcon_core.package_identification:_identify(src/libcamera/src/libcamera/proxy/worker) by extensions ['colcon_meta']
[0.350s] Level 1:colcon.colcon_core.package_identification:_identify(src/libcamera/src/libcamera/proxy/worker) by extension 'colcon_meta'
[0.350s] Level 1:colcon.colcon_core.package_identification:_identify(src/libcamera/src/libcamera/proxy/worker) by extensions ['ros']
[0.350s] Level 1:colcon.colcon_core.package_identification:_identify(src/libcamera/src/libcamera/proxy/worker) by extension 'ros'
[0.350s] Level 1:colcon.colcon_core.package_identification:_identify(src/libcamera/src/libcamera/proxy/worker) by extensions ['cmake', 'python']
[0.350s] Level 1:colcon.colcon_core.package_identification:_identify(src/libcamera/src/libcamera/proxy/worker) by extension 'cmake'
[0.350s] Level 1:colcon.colcon_core.package_identification:_identify(src/libcamera/src/libcamera/proxy/worker) by extension 'python'
[0.350s] Level 1:colcon.colcon_core.package_identification:_identify(src/libcamera/src/libcamera/proxy/worker) by extensions ['python_setup_py']
[0.350s] Level 1:colcon.colcon_core.package_identification:_identify(src/libcamera/src/libcamera/proxy/worker) by extension 'python_setup_py'
[0.350s] Level 1:colcon.colcon_core.package_identification:_identify(src/libcamera/src/libcamera/sensor) by extensions ['ignore', 'ignore_ament_install']
[0.350s] Level 1:colcon.colcon_core.package_identification:_identify(src/libcamera/src/libcamera/sensor) by extension 'ignore'
[0.350s] Level 1:colcon.colcon_core.package_identification:_identify(src/libcamera/src/libcamera/sensor) by extension 'ignore_ament_install'
[0.350s] Level 1:colcon.colcon_core.package_identification:_identify(src/libcamera/src/libcamera/sensor) by extensions ['colcon_pkg']
[0.350s] Level 1:colcon.colcon_core.package_identification:_identify(src/libcamera/src/libcamera/sensor) by extension 'colcon_pkg'
[0.350s] Level 1:colcon.colcon_core.package_identification:_identify(src/libcamera/src/libcamera/sensor) by extensions ['colcon_meta']
[0.350s] Level 1:colcon.colcon_core.package_identification:_identify(src/libcamera/src/libcamera/sensor) by extension 'colcon_meta'
[0.350s] Level 1:colcon.colcon_core.package_identification:_identify(src/libcamera/src/libcamera/sensor) by extensions ['ros']
[0.350s] Level 1:colcon.colcon_core.package_identification:_identify(src/libcamera/src/libcamera/sensor) by extension 'ros'
[0.350s] Level 1:colcon.colcon_core.package_identification:_identify(src/libcamera/src/libcamera/sensor) by extensions ['cmake', 'python']
[0.350s] Level 1:colcon.colcon_core.package_identification:_identify(src/libcamera/src/libcamera/sensor) by extension 'cmake'
[0.350s] Level 1:colcon.colcon_core.package_identification:_identify(src/libcamera/src/libcamera/sensor) by extension 'python'
[0.350s] Level 1:colcon.colcon_core.package_identification:_identify(src/libcamera/src/libcamera/sensor) by extensions ['python_setup_py']
[0.350s] Level 1:colcon.colcon_core.package_identification:_identify(src/libcamera/src/libcamera/sensor) by extension 'python_setup_py'
[0.351s] Level 1:colcon.colcon_core.package_identification:_identify(src/libcamera/src/libcamera/software_isp) by extensions ['ignore', 'ignore_ament_install']
[0.351s] Level 1:colcon.colcon_core.package_identification:_identify(src/libcamera/src/libcamera/software_isp) by extension 'ignore'
[0.351s] Level 1:colcon.colcon_core.package_identification:_identify(src/libcamera/src/libcamera/software_isp) by extension 'ignore_ament_install'
[0.351s] Level 1:colcon.colcon_core.package_identification:_identify(src/libcamera/src/libcamera/software_isp) by extensions ['colcon_pkg']
[0.351s] Level 1:colcon.colcon_core.package_identification:_identify(src/libcamera/src/libcamera/software_isp) by extension 'colcon_pkg'
[0.351s] Level 1:colcon.colcon_core.package_identification:_identify(src/libcamera/src/libcamera/software_isp) by extensions ['colcon_meta']
[0.351s] Level 1:colcon.colcon_core.package_identification:_identify(src/libcamera/src/libcamera/software_isp) by extension 'colcon_meta'
[0.351s] Level 1:colcon.colcon_core.package_identification:_identify(src/libcamera/src/libcamera/software_isp) by extensions ['ros']
[0.351s] Level 1:colcon.colcon_core.package_identification:_identify(src/libcamera/src/libcamera/software_isp) by extension 'ros'
[0.351s] Level 1:colcon.colcon_core.package_identification:_identify(src/libcamera/src/libcamera/software_isp) by extensions ['cmake', 'python']
[0.351s] Level 1:colcon.colcon_core.package_identification:_identify(src/libcamera/src/libcamera/software_isp) by extension 'cmake'
[0.351s] Level 1:colcon.colcon_core.package_identification:_identify(src/libcamera/src/libcamera/software_isp) by extension 'python'
[0.351s] Level 1:colcon.colcon_core.package_identification:_identify(src/libcamera/src/libcamera/software_isp) by extensions ['python_setup_py']
[0.351s] Level 1:colcon.colcon_core.package_identification:_identify(src/libcamera/src/libcamera/software_isp) by extension 'python_setup_py'
[0.351s] Level 1:colcon.colcon_core.package_identification:_identify(src/libcamera/src/py) by extensions ['ignore', 'ignore_ament_install']
[0.351s] Level 1:colcon.colcon_core.package_identification:_identify(src/libcamera/src/py) by extension 'ignore'
[0.351s] Level 1:colcon.colcon_core.package_identification:_identify(src/libcamera/src/py) by extension 'ignore_ament_install'
[0.351s] Level 1:colcon.colcon_core.package_identification:_identify(src/libcamera/src/py) by extensions ['colcon_pkg']
[0.351s] Level 1:colcon.colcon_core.package_identification:_identify(src/libcamera/src/py) by extension 'colcon_pkg'
[0.351s] Level 1:colcon.colcon_core.package_identification:_identify(src/libcamera/src/py) by extensions ['colcon_meta']
[0.351s] Level 1:colcon.colcon_core.package_identification:_identify(src/libcamera/src/py) by extension 'colcon_meta'
[0.351s] Level 1:colcon.colcon_core.package_identification:_identify(src/libcamera/src/py) by extensions ['ros']
[0.351s] Level 1:colcon.colcon_core.package_identification:_identify(src/libcamera/src/py) by extension 'ros'
[0.351s] Level 1:colcon.colcon_core.package_identification:_identify(src/libcamera/src/py) by extensions ['cmake', 'python']
[0.351s] Level 1:colcon.colcon_core.package_identification:_identify(src/libcamera/src/py) by extension 'cmake'
[0.351s] Level 1:colcon.colcon_core.package_identification:_identify(src/libcamera/src/py) by extension 'python'
[0.351s] Level 1:colcon.colcon_core.package_identification:_identify(src/libcamera/src/py) by extensions ['python_setup_py']
[0.352s] Level 1:colcon.colcon_core.package_identification:_identify(src/libcamera/src/py) by extension 'python_setup_py'
[0.352s] Level 1:colcon.colcon_core.package_identification:_identify(src/libcamera/src/py/cam) by extensions ['ignore', 'ignore_ament_install']
[0.352s] Level 1:colcon.colcon_core.package_identification:_identify(src/libcamera/src/py/cam) by extension 'ignore'
[0.352s] Level 1:colcon.colcon_core.package_identification:_identify(src/libcamera/src/py/cam) by extension 'ignore_ament_install'
[0.352s] Level 1:colcon.colcon_core.package_identification:_identify(src/libcamera/src/py/cam) by extensions ['colcon_pkg']
[0.352s] Level 1:colcon.colcon_core.package_identification:_identify(src/libcamera/src/py/cam) by extension 'colcon_pkg'
[0.352s] Level 1:colcon.colcon_core.package_identification:_identify(src/libcamera/src/py/cam) by extensions ['colcon_meta']
[0.352s] Level 1:colcon.colcon_core.package_identification:_identify(src/libcamera/src/py/cam) by extension 'colcon_meta'
[0.352s] Level 1:colcon.colcon_core.package_identification:_identify(src/libcamera/src/py/cam) by extensions ['ros']
[0.352s] Level 1:colcon.colcon_core.package_identification:_identify(src/libcamera/src/py/cam) by extension 'ros'
[0.352s] Level 1:colcon.colcon_core.package_identification:_identify(src/libcamera/src/py/cam) by extensions ['cmake', 'python']
[0.352s] Level 1:colcon.colcon_core.package_identification:_identify(src/libcamera/src/py/cam) by extension 'cmake'
[0.352s] Level 1:colcon.colcon_core.package_identification:_identify(src/libcamera/src/py/cam) by extension 'python'
[0.352s] Level 1:colcon.colcon_core.package_identification:_identify(src/libcamera/src/py/cam) by extensions ['python_setup_py']
[0.352s] Level 1:colcon.colcon_core.package_identification:_identify(src/libcamera/src/py/cam) by extension 'python_setup_py'
[0.352s] Level 1:colcon.colcon_core.package_identification:_identify(src/libcamera/src/py/examples) by extensions ['ignore', 'ignore_ament_install']
[0.352s] Level 1:colcon.colcon_core.package_identification:_identify(src/libcamera/src/py/examples) by extension 'ignore'
[0.352s] Level 1:colcon.colcon_core.package_identification:_identify(src/libcamera/src/py/examples) by extension 'ignore_ament_install'
[0.352s] Level 1:colcon.colcon_core.package_identification:_identify(src/libcamera/src/py/examples) by extensions ['colcon_pkg']
[0.352s] Level 1:colcon.colcon_core.package_identification:_identify(src/libcamera/src/py/examples) by extension 'colcon_pkg'
[0.352s] Level 1:colcon.colcon_core.package_identification:_identify(src/libcamera/src/py/examples) by extensions ['colcon_meta']
[0.352s] Level 1:colcon.colcon_core.package_identification:_identify(src/libcamera/src/py/examples) by extension 'colcon_meta'
[0.352s] Level 1:colcon.colcon_core.package_identification:_identify(src/libcamera/src/py/examples) by extensions ['ros']
[0.352s] Level 1:colcon.colcon_core.package_identification:_identify(src/libcamera/src/py/examples) by extension 'ros'
[0.353s] Level 1:colcon.colcon_core.package_identification:_identify(src/libcamera/src/py/examples) by extensions ['cmake', 'python']
[0.353s] Level 1:colcon.colcon_core.package_identification:_identify(src/libcamera/src/py/examples) by extension 'cmake'
[0.353s] Level 1:colcon.colcon_core.package_identification:_identify(src/libcamera/src/py/examples) by extension 'python'
[0.353s] Level 1:colcon.colcon_core.package_identification:_identify(src/libcamera/src/py/examples) by extensions ['python_setup_py']
[0.353s] Level 1:colcon.colcon_core.package_identification:_identify(src/libcamera/src/py/examples) by extension 'python_setup_py'
[0.353s] Level 1:colcon.colcon_core.package_identification:_identify(src/libcamera/src/py/libcamera) by extensions ['ignore', 'ignore_ament_install']
[0.353s] Level 1:colcon.colcon_core.package_identification:_identify(src/libcamera/src/py/libcamera) by extension 'ignore'
[0.353s] Level 1:colcon.colcon_core.package_identification:_identify(src/libcamera/src/py/libcamera) by extension 'ignore_ament_install'
[0.353s] Level 1:colcon.colcon_core.package_identification:_identify(src/libcamera/src/py/libcamera) by extensions ['colcon_pkg']
[0.353s] Level 1:colcon.colcon_core.package_identification:_identify(src/libcamera/src/py/libcamera) by extension 'colcon_pkg'
[0.353s] Level 1:colcon.colcon_core.package_identification:_identify(src/libcamera/src/py/libcamera) by extensions ['colcon_meta']
[0.353s] Level 1:colcon.colcon_core.package_identification:_identify(src/libcamera/src/py/libcamera) by extension 'colcon_meta'
[0.353s] Level 1:colcon.colcon_core.package_identification:_identify(src/libcamera/src/py/libcamera) by extensions ['ros']
[0.353s] Level 1:colcon.colcon_core.package_identification:_identify(src/libcamera/src/py/libcamera) by extension 'ros'
[0.353s] Level 1:colcon.colcon_core.package_identification:_identify(src/libcamera/src/py/libcamera) by extensions ['cmake', 'python']
[0.353s] Level 1:colcon.colcon_core.package_identification:_identify(src/libcamera/src/py/libcamera) by extension 'cmake'
[0.353s] Level 1:colcon.colcon_core.package_identification:_identify(src/libcamera/src/py/libcamera) by extension 'python'
[0.353s] Level 1:colcon.colcon_core.package_identification:_identify(src/libcamera/src/py/libcamera) by extensions ['python_setup_py']
[0.353s] Level 1:colcon.colcon_core.package_identification:_identify(src/libcamera/src/py/libcamera) by extension 'python_setup_py'
[0.353s] Level 1:colcon.colcon_core.package_identification:_identify(src/libcamera/src/py/libcamera/utils) by extensions ['ignore', 'ignore_ament_install']
[0.353s] Level 1:colcon.colcon_core.package_identification:_identify(src/libcamera/src/py/libcamera/utils) by extension 'ignore'
[0.353s] Level 1:colcon.colcon_core.package_identification:_identify(src/libcamera/src/py/libcamera/utils) by extension 'ignore_ament_install'
[0.353s] Level 1:colcon.colcon_core.package_identification:_identify(src/libcamera/src/py/libcamera/utils) by extensions ['colcon_pkg']
[0.353s] Level 1:colcon.colcon_core.package_identification:_identify(src/libcamera/src/py/libcamera/utils) by extension 'colcon_pkg'
[0.353s] Level 1:colcon.colcon_core.package_identification:_identify(src/libcamera/src/py/libcamera/utils) by extensions ['colcon_meta']
[0.353s] Level 1:colcon.colcon_core.package_identification:_identify(src/libcamera/src/py/libcamera/utils) by extension 'colcon_meta'
[0.354s] Level 1:colcon.colcon_core.package_identification:_identify(src/libcamera/src/py/libcamera/utils) by extensions ['ros']
[0.354s] Level 1:colcon.colcon_core.package_identification:_identify(src/libcamera/src/py/libcamera/utils) by extension 'ros'
[0.354s] Level 1:colcon.colcon_core.package_identification:_identify(src/libcamera/src/py/libcamera/utils) by extensions ['cmake', 'python']
[0.354s] Level 1:colcon.colcon_core.package_identification:_identify(src/libcamera/src/py/libcamera/utils) by extension 'cmake'
[0.354s] Level 1:colcon.colcon_core.package_identification:_identify(src/libcamera/src/py/libcamera/utils) by extension 'python'
[0.354s] Level 1:colcon.colcon_core.package_identification:_identify(src/libcamera/src/py/libcamera/utils) by extensions ['python_setup_py']
[0.354s] Level 1:colcon.colcon_core.package_identification:_identify(src/libcamera/src/py/libcamera/utils) by extension 'python_setup_py'
[0.354s] Level 1:colcon.colcon_core.package_identification:_identify(src/libcamera/src/v4l2) by extensions ['ignore', 'ignore_ament_install']
[0.354s] Level 1:colcon.colcon_core.package_identification:_identify(src/libcamera/src/v4l2) by extension 'ignore'
[0.354s] Level 1:colcon.colcon_core.package_identification:_identify(src/libcamera/src/v4l2) by extension 'ignore_ament_install'
[0.354s] Level 1:colcon.colcon_core.package_identification:_identify(src/libcamera/src/v4l2) by extensions ['colcon_pkg']
[0.354s] Level 1:colcon.colcon_core.package_identification:_identify(src/libcamera/src/v4l2) by extension 'colcon_pkg'
[0.354s] Level 1:colcon.colcon_core.package_identification:_identify(src/libcamera/src/v4l2) by extensions ['colcon_meta']
[0.354s] Level 1:colcon.colcon_core.package_identification:_identify(src/libcamera/src/v4l2) by extension 'colcon_meta'
[0.354s] Level 1:colcon.colcon_core.package_identification:_identify(src/libcamera/src/v4l2) by extensions ['ros']
[0.354s] Level 1:colcon.colcon_core.package_identification:_identify(src/libcamera/src/v4l2) by extension 'ros'
[0.354s] Level 1:colcon.colcon_core.package_identification:_identify(src/libcamera/src/v4l2) by extensions ['cmake', 'python']
[0.354s] Level 1:colcon.colcon_core.package_identification:_identify(src/libcamera/src/v4l2) by extension 'cmake'
[0.354s] Level 1:colcon.colcon_core.package_identification:_identify(src/libcamera/src/v4l2) by extension 'python'
[0.354s] Level 1:colcon.colcon_core.package_identification:_identify(src/libcamera/src/v4l2) by extensions ['python_setup_py']
[0.354s] Level 1:colcon.colcon_core.package_identification:_identify(src/libcamera/src/v4l2) by extension 'python_setup_py'
[0.354s] Level 1:colcon.colcon_core.package_identification:_identify(src/libcamera/subprojects) by extensions ['ignore', 'ignore_ament_install']
[0.354s] Level 1:colcon.colcon_core.package_identification:_identify(src/libcamera/subprojects) by extension 'ignore'
[0.354s] Level 1:colcon.colcon_core.package_identification:_identify(src/libcamera/subprojects) by extension 'ignore_ament_install'
[0.354s] Level 1:colcon.colcon_core.package_identification:_identify(src/libcamera/subprojects) by extensions ['colcon_pkg']
[0.354s] Level 1:colcon.colcon_core.package_identification:_identify(src/libcamera/subprojects) by extension 'colcon_pkg'
[0.354s] Level 1:colcon.colcon_core.package_identification:_identify(src/libcamera/subprojects) by extensions ['colcon_meta']
[0.354s] Level 1:colcon.colcon_core.package_identification:_identify(src/libcamera/subprojects) by extension 'colcon_meta'
[0.354s] Level 1:colcon.colcon_core.package_identification:_identify(src/libcamera/subprojects) by extensions ['ros']
[0.354s] Level 1:colcon.colcon_core.package_identification:_identify(src/libcamera/subprojects) by extension 'ros'
[0.355s] Level 1:colcon.colcon_core.package_identification:_identify(src/libcamera/subprojects) by extensions ['cmake', 'python']
[0.355s] Level 1:colcon.colcon_core.package_identification:_identify(src/libcamera/subprojects) by extension 'cmake'
[0.355s] Level 1:colcon.colcon_core.package_identification:_identify(src/libcamera/subprojects) by extension 'python'
[0.355s] Level 1:colcon.colcon_core.package_identification:_identify(src/libcamera/subprojects) by extensions ['python_setup_py']
[0.355s] Level 1:colcon.colcon_core.package_identification:_identify(src/libcamera/subprojects) by extension 'python_setup_py'
[0.355s] Level 1:colcon.colcon_core.package_identification:_identify(src/libcamera/test) by extensions ['ignore', 'ignore_ament_install']
[0.355s] Level 1:colcon.colcon_core.package_identification:_identify(src/libcamera/test) by extension 'ignore'
[0.355s] Level 1:colcon.colcon_core.package_identification:_identify(src/libcamera/test) by extension 'ignore_ament_install'
[0.355s] Level 1:colcon.colcon_core.package_identification:_identify(src/libcamera/test) by extensions ['colcon_pkg']
[0.355s] Level 1:colcon.colcon_core.package_identification:_identify(src/libcamera/test) by extension 'colcon_pkg'
[0.355s] Level 1:colcon.colcon_core.package_identification:_identify(src/libcamera/test) by extensions ['colcon_meta']
[0.355s] Level 1:colcon.colcon_core.package_identification:_identify(src/libcamera/test) by extension 'colcon_meta'
[0.355s] Level 1:colcon.colcon_core.package_identification:_identify(src/libcamera/test) by extensions ['ros']
[0.355s] Level 1:colcon.colcon_core.package_identification:_identify(src/libcamera/test) by extension 'ros'
[0.355s] Level 1:colcon.colcon_core.package_identification:_identify(src/libcamera/test) by extensions ['cmake', 'python']
[0.355s] Level 1:colcon.colcon_core.package_identification:_identify(src/libcamera/test) by extension 'cmake'
[0.355s] Level 1:colcon.colcon_core.package_identification:_identify(src/libcamera/test) by extension 'python'
[0.355s] Level 1:colcon.colcon_core.package_identification:_identify(src/libcamera/test) by extensions ['python_setup_py']
[0.355s] Level 1:colcon.colcon_core.package_identification:_identify(src/libcamera/test) by extension 'python_setup_py'
[0.355s] Level 1:colcon.colcon_core.package_identification:_identify(src/libcamera/test/camera) by extensions ['ignore', 'ignore_ament_install']
[0.355s] Level 1:colcon.colcon_core.package_identification:_identify(src/libcamera/test/camera) by extension 'ignore'
[0.355s] Level 1:colcon.colcon_core.package_identification:_identify(src/libcamera/test/camera) by extension 'ignore_ament_install'
[0.355s] Level 1:colcon.colcon_core.package_identification:_identify(src/libcamera/test/camera) by extensions ['colcon_pkg']
[0.355s] Level 1:colcon.colcon_core.package_identification:_identify(src/libcamera/test/camera) by extension 'colcon_pkg'
[0.355s] Level 1:colcon.colcon_core.package_identification:_identify(src/libcamera/test/camera) by extensions ['colcon_meta']
[0.355s] Level 1:colcon.colcon_core.package_identification:_identify(src/libcamera/test/camera) by extension 'colcon_meta'
[0.355s] Level 1:colcon.colcon_core.package_identification:_identify(src/libcamera/test/camera) by extensions ['ros']
[0.355s] Level 1:colcon.colcon_core.package_identification:_identify(src/libcamera/test/camera) by extension 'ros'
[0.356s] Level 1:colcon.colcon_core.package_identification:_identify(src/libcamera/test/camera) by extensions ['cmake', 'python']
[0.356s] Level 1:colcon.colcon_core.package_identification:_identify(src/libcamera/test/camera) by extension 'cmake'
[0.356s] Level 1:colcon.colcon_core.package_identification:_identify(src/libcamera/test/camera) by extension 'python'
[0.356s] Level 1:colcon.colcon_core.package_identification:_identify(src/libcamera/test/camera) by extensions ['python_setup_py']
[0.356s] Level 1:colcon.colcon_core.package_identification:_identify(src/libcamera/test/camera) by extension 'python_setup_py'
[0.356s] Level 1:colcon.colcon_core.package_identification:_identify(src/libcamera/test/controls) by extensions ['ignore', 'ignore_ament_install']
[0.356s] Level 1:colcon.colcon_core.package_identification:_identify(src/libcamera/test/controls) by extension 'ignore'
[0.356s] Level 1:colcon.colcon_core.package_identification:_identify(src/libcamera/test/controls) by extension 'ignore_ament_install'
[0.356s] Level 1:colcon.colcon_core.package_identification:_identify(src/libcamera/test/controls) by extensions ['colcon_pkg']
[0.356s] Level 1:colcon.colcon_core.package_identification:_identify(src/libcamera/test/controls) by extension 'colcon_pkg'
[0.356s] Level 1:colcon.colcon_core.package_identification:_identify(src/libcamera/test/controls) by extensions ['colcon_meta']
[0.356s] Level 1:colcon.colcon_core.package_identification:_identify(src/libcamera/test/controls) by extension 'colcon_meta'
[0.356s] Level 1:colcon.colcon_core.package_identification:_identify(src/libcamera/test/controls) by extensions ['ros']
[0.356s] Level 1:colcon.colcon_core.package_identification:_identify(src/libcamera/test/controls) by extension 'ros'
[0.356s] Level 1:colcon.colcon_core.package_identification:_identify(src/libcamera/test/controls) by extensions ['cmake', 'python']
[0.356s] Level 1:colcon.colcon_core.package_identification:_identify(src/libcamera/test/controls) by extension 'cmake'
[0.356s] Level 1:colcon.colcon_core.package_identification:_identify(src/libcamera/test/controls) by extension 'python'
[0.356s] Level 1:colcon.colcon_core.package_identification:_identify(src/libcamera/test/controls) by extensions ['python_setup_py']
[0.356s] Level 1:colcon.colcon_core.package_identification:_identify(src/libcamera/test/controls) by extension 'python_setup_py'
[0.356s] Level 1:colcon.colcon_core.package_identification:_identify(src/libcamera/test/gstreamer) by extensions ['ignore', 'ignore_ament_install']
[0.356s] Level 1:colcon.colcon_core.package_identification:_identify(src/libcamera/test/gstreamer) by extension 'ignore'
[0.356s] Level 1:colcon.colcon_core.package_identification:_identify(src/libcamera/test/gstreamer) by extension 'ignore_ament_install'
[0.356s] Level 1:colcon.colcon_core.package_identification:_identify(src/libcamera/test/gstreamer) by extensions ['colcon_pkg']
[0.356s] Level 1:colcon.colcon_core.package_identification:_identify(src/libcamera/test/gstreamer) by extension 'colcon_pkg'
[0.356s] Level 1:colcon.colcon_core.package_identification:_identify(src/libcamera/test/gstreamer) by extensions ['colcon_meta']
[0.356s] Level 1:colcon.colcon_core.package_identification:_identify(src/libcamera/test/gstreamer) by extension 'colcon_meta'
[0.356s] Level 1:colcon.colcon_core.package_identification:_identify(src/libcamera/test/gstreamer) by extensions ['ros']
[0.356s] Level 1:colcon.colcon_core.package_identification:_identify(src/libcamera/test/gstreamer) by extension 'ros'
[0.356s] Level 1:colcon.colcon_core.package_identification:_identify(src/libcamera/test/gstreamer) by extensions ['cmake', 'python']
[0.356s] Level 1:colcon.colcon_core.package_identification:_identify(src/libcamera/test/gstreamer) by extension 'cmake'
[0.357s] Level 1:colcon.colcon_core.package_identification:_identify(src/libcamera/test/gstreamer) by extension 'python'
[0.357s] Level 1:colcon.colcon_core.package_identification:_identify(src/libcamera/test/gstreamer) by extensions ['python_setup_py']
[0.357s] Level 1:colcon.colcon_core.package_identification:_identify(src/libcamera/test/gstreamer) by extension 'python_setup_py'
[0.357s] Level 1:colcon.colcon_core.package_identification:_identify(src/libcamera/test/ipa) by extensions ['ignore', 'ignore_ament_install']
[0.357s] Level 1:colcon.colcon_core.package_identification:_identify(src/libcamera/test/ipa) by extension 'ignore'
[0.357s] Level 1:colcon.colcon_core.package_identification:_identify(src/libcamera/test/ipa) by extension 'ignore_ament_install'
[0.357s] Level 1:colcon.colcon_core.package_identification:_identify(src/libcamera/test/ipa) by extensions ['colcon_pkg']
[0.357s] Level 1:colcon.colcon_core.package_identification:_identify(src/libcamera/test/ipa) by extension 'colcon_pkg'
[0.357s] Level 1:colcon.colcon_core.package_identification:_identify(src/libcamera/test/ipa) by extensions ['colcon_meta']
[0.357s] Level 1:colcon.colcon_core.package_identification:_identify(src/libcamera/test/ipa) by extension 'colcon_meta'
[0.357s] Level 1:colcon.colcon_core.package_identification:_identify(src/libcamera/test/ipa) by extensions ['ros']
[0.357s] Level 1:colcon.colcon_core.package_identification:_identify(src/libcamera/test/ipa) by extension 'ros'
[0.357s] Level 1:colcon.colcon_core.package_identification:_identify(src/libcamera/test/ipa) by extensions ['cmake', 'python']
[0.357s] Level 1:colcon.colcon_core.package_identification:_identify(src/libcamera/test/ipa) by extension 'cmake'
[0.357s] Level 1:colcon.colcon_core.package_identification:_identify(src/libcamera/test/ipa) by extension 'python'
[0.357s] Level 1:colcon.colcon_core.package_identification:_identify(src/libcamera/test/ipa) by extensions ['python_setup_py']
[0.357s] Level 1:colcon.colcon_core.package_identification:_identify(src/libcamera/test/ipa) by extension 'python_setup_py'
[0.357s] Level 1:colcon.colcon_core.package_identification:_identify(src/libcamera/test/ipa/libipa) by extensions ['ignore', 'ignore_ament_install']
[0.357s] Level 1:colcon.colcon_core.package_identification:_identify(src/libcamera/test/ipa/libipa) by extension 'ignore'
[0.357s] Level 1:colcon.colcon_core.package_identification:_identify(src/libcamera/test/ipa/libipa) by extension 'ignore_ament_install'
[0.357s] Level 1:colcon.colcon_core.package_identification:_identify(src/libcamera/test/ipa/libipa) by extensions ['colcon_pkg']
[0.357s] Level 1:colcon.colcon_core.package_identification:_identify(src/libcamera/test/ipa/libipa) by extension 'colcon_pkg'
[0.357s] Level 1:colcon.colcon_core.package_identification:_identify(src/libcamera/test/ipa/libipa) by extensions ['colcon_meta']
[0.357s] Level 1:colcon.colcon_core.package_identification:_identify(src/libcamera/test/ipa/libipa) by extension 'colcon_meta'
[0.357s] Level 1:colcon.colcon_core.package_identification:_identify(src/libcamera/test/ipa/libipa) by extensions ['ros']
[0.357s] Level 1:colcon.colcon_core.package_identification:_identify(src/libcamera/test/ipa/libipa) by extension 'ros'
[0.357s] Level 1:colcon.colcon_core.package_identification:_identify(src/libcamera/test/ipa/libipa) by extensions ['cmake', 'python']
[0.357s] Level 1:colcon.colcon_core.package_identification:_identify(src/libcamera/test/ipa/libipa) by extension 'cmake'
[0.357s] Level 1:colcon.colcon_core.package_identification:_identify(src/libcamera/test/ipa/libipa) by extension 'python'
[0.358s] Level 1:colcon.colcon_core.package_identification:_identify(src/libcamera/test/ipa/libipa) by extensions ['python_setup_py']
[0.358s] Level 1:colcon.colcon_core.package_identification:_identify(src/libcamera/test/ipa/libipa) by extension 'python_setup_py'
[0.358s] Level 1:colcon.colcon_core.package_identification:_identify(src/libcamera/test/ipc) by extensions ['ignore', 'ignore_ament_install']
[0.358s] Level 1:colcon.colcon_core.package_identification:_identify(src/libcamera/test/ipc) by extension 'ignore'
[0.358s] Level 1:colcon.colcon_core.package_identification:_identify(src/libcamera/test/ipc) by extension 'ignore_ament_install'
[0.358s] Level 1:colcon.colcon_core.package_identification:_identify(src/libcamera/test/ipc) by extensions ['colcon_pkg']
[0.358s] Level 1:colcon.colcon_core.package_identification:_identify(src/libcamera/test/ipc) by extension 'colcon_pkg'
[0.358s] Level 1:colcon.colcon_core.package_identification:_identify(src/libcamera/test/ipc) by extensions ['colcon_meta']
[0.358s] Level 1:colcon.colcon_core.package_identification:_identify(src/libcamera/test/ipc) by extension 'colcon_meta'
[0.358s] Level 1:colcon.colcon_core.package_identification:_identify(src/libcamera/test/ipc) by extensions ['ros']
[0.358s] Level 1:colcon.colcon_core.package_identification:_identify(src/libcamera/test/ipc) by extension 'ros'
[0.358s] Level 1:colcon.colcon_core.package_identification:_identify(src/libcamera/test/ipc) by extensions ['cmake', 'python']
[0.358s] Level 1:colcon.colcon_core.package_identification:_identify(src/libcamera/test/ipc) by extension 'cmake'
[0.358s] Level 1:colcon.colcon_core.package_identification:_identify(src/libcamera/test/ipc) by extension 'python'
[0.358s] Level 1:colcon.colcon_core.package_identification:_identify(src/libcamera/test/ipc) by extensions ['python_setup_py']
[0.358s] Level 1:colcon.colcon_core.package_identification:_identify(src/libcamera/test/ipc) by extension 'python_setup_py'
[0.358s] Level 1:colcon.colcon_core.package_identification:_identify(src/libcamera/test/libtest) by extensions ['ignore', 'ignore_ament_install']
[0.358s] Level 1:colcon.colcon_core.package_identification:_identify(src/libcamera/test/libtest) by extension 'ignore'
[0.358s] Level 1:colcon.colcon_core.package_identification:_identify(src/libcamera/test/libtest) by extension 'ignore_ament_install'
[0.358s] Level 1:colcon.colcon_core.package_identification:_identify(src/libcamera/test/libtest) by extensions ['colcon_pkg']
[0.358s] Level 1:colcon.colcon_core.package_identification:_identify(src/libcamera/test/libtest) by extension 'colcon_pkg'
[0.358s] Level 1:colcon.colcon_core.package_identification:_identify(src/libcamera/test/libtest) by extensions ['colcon_meta']
[0.358s] Level 1:colcon.colcon_core.package_identification:_identify(src/libcamera/test/libtest) by extension 'colcon_meta'
[0.358s] Level 1:colcon.colcon_core.package_identification:_identify(src/libcamera/test/libtest) by extensions ['ros']
[0.358s] Level 1:colcon.colcon_core.package_identification:_identify(src/libcamera/test/libtest) by extension 'ros'
[0.358s] Level 1:colcon.colcon_core.package_identification:_identify(src/libcamera/test/libtest) by extensions ['cmake', 'python']
[0.358s] Level 1:colcon.colcon_core.package_identification:_identify(src/libcamera/test/libtest) by extension 'cmake'
[0.358s] Level 1:colcon.colcon_core.package_identification:_identify(src/libcamera/test/libtest) by extension 'python'
[0.358s] Level 1:colcon.colcon_core.package_identification:_identify(src/libcamera/test/libtest) by extensions ['python_setup_py']
[0.359s] Level 1:colcon.colcon_core.package_identification:_identify(src/libcamera/test/libtest) by extension 'python_setup_py'
[0.359s] Level 1:colcon.colcon_core.package_identification:_identify(src/libcamera/test/log) by extensions ['ignore', 'ignore_ament_install']
[0.359s] Level 1:colcon.colcon_core.package_identification:_identify(src/libcamera/test/log) by extension 'ignore'
[0.359s] Level 1:colcon.colcon_core.package_identification:_identify(src/libcamera/test/log) by extension 'ignore_ament_install'
[0.359s] Level 1:colcon.colcon_core.package_identification:_identify(src/libcamera/test/log) by extensions ['colcon_pkg']
[0.359s] Level 1:colcon.colcon_core.package_identification:_identify(src/libcamera/test/log) by extension 'colcon_pkg'
[0.359s] Level 1:colcon.colcon_core.package_identification:_identify(src/libcamera/test/log) by extensions ['colcon_meta']
[0.359s] Level 1:colcon.colcon_core.package_identification:_identify(src/libcamera/test/log) by extension 'colcon_meta'
[0.359s] Level 1:colcon.colcon_core.package_identification:_identify(src/libcamera/test/log) by extensions ['ros']
[0.359s] Level 1:colcon.colcon_core.package_identification:_identify(src/libcamera/test/log) by extension 'ros'
[0.359s] Level 1:colcon.colcon_core.package_identification:_identify(src/libcamera/test/log) by extensions ['cmake', 'python']
[0.359s] Level 1:colcon.colcon_core.package_identification:_identify(src/libcamera/test/log) by extension 'cmake'
[0.359s] Level 1:colcon.colcon_core.package_identification:_identify(src/libcamera/test/log) by extension 'python'
[0.359s] Level 1:colcon.colcon_core.package_identification:_identify(src/libcamera/test/log) by extensions ['python_setup_py']
[0.359s] Level 1:colcon.colcon_core.package_identification:_identify(src/libcamera/test/log) by extension 'python_setup_py'
[0.359s] Level 1:colcon.colcon_core.package_identification:_identify(src/libcamera/test/media_device) by extensions ['ignore', 'ignore_ament_install']
[0.359s] Level 1:colcon.colcon_core.package_identification:_identify(src/libcamera/test/media_device) by extension 'ignore'
[0.359s] Level 1:colcon.colcon_core.package_identification:_identify(src/libcamera/test/media_device) by extension 'ignore_ament_install'
[0.359s] Level 1:colcon.colcon_core.package_identification:_identify(src/libcamera/test/media_device) by extensions ['colcon_pkg']
[0.359s] Level 1:colcon.colcon_core.package_identification:_identify(src/libcamera/test/media_device) by extension 'colcon_pkg'
[0.359s] Level 1:colcon.colcon_core.package_identification:_identify(src/libcamera/test/media_device) by extensions ['colcon_meta']
[0.359s] Level 1:colcon.colcon_core.package_identification:_identify(src/libcamera/test/media_device) by extension 'colcon_meta'
[0.359s] Level 1:colcon.colcon_core.package_identification:_identify(src/libcamera/test/media_device) by extensions ['ros']
[0.359s] Level 1:colcon.colcon_core.package_identification:_identify(src/libcamera/test/media_device) by extension 'ros'
[0.359s] Level 1:colcon.colcon_core.package_identification:_identify(src/libcamera/test/media_device) by extensions ['cmake', 'python']
[0.359s] Level 1:colcon.colcon_core.package_identification:_identify(src/libcamera/test/media_device) by extension 'cmake'
[0.359s] Level 1:colcon.colcon_core.package_identification:_identify(src/libcamera/test/media_device) by extension 'python'
[0.359s] Level 1:colcon.colcon_core.package_identification:_identify(src/libcamera/test/media_device) by extensions ['python_setup_py']
[0.359s] Level 1:colcon.colcon_core.package_identification:_identify(src/libcamera/test/media_device) by extension 'python_setup_py'
[0.360s] Level 1:colcon.colcon_core.package_identification:_identify(src/libcamera/test/process) by extensions ['ignore', 'ignore_ament_install']
[0.360s] Level 1:colcon.colcon_core.package_identification:_identify(src/libcamera/test/process) by extension 'ignore'
[0.360s] Level 1:colcon.colcon_core.package_identification:_identify(src/libcamera/test/process) by extension 'ignore_ament_install'
[0.360s] Level 1:colcon.colcon_core.package_identification:_identify(src/libcamera/test/process) by extensions ['colcon_pkg']
[0.360s] Level 1:colcon.colcon_core.package_identification:_identify(src/libcamera/test/process) by extension 'colcon_pkg'
[0.360s] Level 1:colcon.colcon_core.package_identification:_identify(src/libcamera/test/process) by extensions ['colcon_meta']
[0.360s] Level 1:colcon.colcon_core.package_identification:_identify(src/libcamera/test/process) by extension 'colcon_meta'
[0.360s] Level 1:colcon.colcon_core.package_identification:_identify(src/libcamera/test/process) by extensions ['ros']
[0.360s] Level 1:colcon.colcon_core.package_identification:_identify(src/libcamera/test/process) by extension 'ros'
[0.360s] Level 1:colcon.colcon_core.package_identification:_identify(src/libcamera/test/process) by extensions ['cmake', 'python']
[0.360s] Level 1:colcon.colcon_core.package_identification:_identify(src/libcamera/test/process) by extension 'cmake'
[0.360s] Level 1:colcon.colcon_core.package_identification:_identify(src/libcamera/test/process) by extension 'python'
[0.360s] Level 1:colcon.colcon_core.package_identification:_identify(src/libcamera/test/process) by extensions ['python_setup_py']
[0.360s] Level 1:colcon.colcon_core.package_identification:_identify(src/libcamera/test/process) by extension 'python_setup_py'
[0.360s] Level 1:colcon.colcon_core.package_identification:_identify(src/libcamera/test/py) by extensions ['ignore', 'ignore_ament_install']
[0.360s] Level 1:colcon.colcon_core.package_identification:_identify(src/libcamera/test/py) by extension 'ignore'
[0.360s] Level 1:colcon.colcon_core.package_identification:_identify(src/libcamera/test/py) by extension 'ignore_ament_install'
[0.360s] Level 1:colcon.colcon_core.package_identification:_identify(src/libcamera/test/py) by extensions ['colcon_pkg']
[0.360s] Level 1:colcon.colcon_core.package_identification:_identify(src/libcamera/test/py) by extension 'colcon_pkg'
[0.360s] Level 1:colcon.colcon_core.package_identification:_identify(src/libcamera/test/py) by extensions ['colcon_meta']
[0.360s] Level 1:colcon.colcon_core.package_identification:_identify(src/libcamera/test/py) by extension 'colcon_meta'
[0.360s] Level 1:colcon.colcon_core.package_identification:_identify(src/libcamera/test/py) by extensions ['ros']
[0.360s] Level 1:colcon.colcon_core.package_identification:_identify(src/libcamera/test/py) by extension 'ros'
[0.360s] Level 1:colcon.colcon_core.package_identification:_identify(src/libcamera/test/py) by extensions ['cmake', 'python']
[0.360s] Level 1:colcon.colcon_core.package_identification:_identify(src/libcamera/test/py) by extension 'cmake'
[0.360s] Level 1:colcon.colcon_core.package_identification:_identify(src/libcamera/test/py) by extension 'python'
[0.360s] Level 1:colcon.colcon_core.package_identification:_identify(src/libcamera/test/py) by extensions ['python_setup_py']
[0.360s] Level 1:colcon.colcon_core.package_identification:_identify(src/libcamera/test/py) by extension 'python_setup_py'
[0.360s] Level 1:colcon.colcon_core.package_identification:_identify(src/libcamera/test/serialization) by extensions ['ignore', 'ignore_ament_install']
[0.361s] Level 1:colcon.colcon_core.package_identification:_identify(src/libcamera/test/serialization) by extension 'ignore'
[0.361s] Level 1:colcon.colcon_core.package_identification:_identify(src/libcamera/test/serialization) by extension 'ignore_ament_install'
[0.361s] Level 1:colcon.colcon_core.package_identification:_identify(src/libcamera/test/serialization) by extensions ['colcon_pkg']
[0.361s] Level 1:colcon.colcon_core.package_identification:_identify(src/libcamera/test/serialization) by extension 'colcon_pkg'
[0.361s] Level 1:colcon.colcon_core.package_identification:_identify(src/libcamera/test/serialization) by extensions ['colcon_meta']
[0.361s] Level 1:colcon.colcon_core.package_identification:_identify(src/libcamera/test/serialization) by extension 'colcon_meta'
[0.361s] Level 1:colcon.colcon_core.package_identification:_identify(src/libcamera/test/serialization) by extensions ['ros']
[0.361s] Level 1:colcon.colcon_core.package_identification:_identify(src/libcamera/test/serialization) by extension 'ros'
[0.361s] Level 1:colcon.colcon_core.package_identification:_identify(src/libcamera/test/serialization) by extensions ['cmake', 'python']
[0.361s] Level 1:colcon.colcon_core.package_identification:_identify(src/libcamera/test/serialization) by extension 'cmake'
[0.361s] Level 1:colcon.colcon_core.package_identification:_identify(src/libcamera/test/serialization) by extension 'python'
[0.361s] Level 1:colcon.colcon_core.package_identification:_identify(src/libcamera/test/serialization) by extensions ['python_setup_py']
[0.361s] Level 1:colcon.colcon_core.package_identification:_identify(src/libcamera/test/serialization) by extension 'python_setup_py'
[0.361s] Level 1:colcon.colcon_core.package_identification:_identify(src/libcamera/test/serialization/generated_serializer) by extensions ['ignore', 'ignore_ament_install']
[0.361s] Level 1:colcon.colcon_core.package_identification:_identify(src/libcamera/test/serialization/generated_serializer) by extension 'ignore'
[0.361s] Level 1:colcon.colcon_core.package_identification:_identify(src/libcamera/test/serialization/generated_serializer) by extension 'ignore_ament_install'
[0.361s] Level 1:colcon.colcon_core.package_identification:_identify(src/libcamera/test/serialization/generated_serializer) by extensions ['colcon_pkg']
[0.361s] Level 1:colcon.colcon_core.package_identification:_identify(src/libcamera/test/serialization/generated_serializer) by extension 'colcon_pkg'
[0.361s] Level 1:colcon.colcon_core.package_identification:_identify(src/libcamera/test/serialization/generated_serializer) by extensions ['colcon_meta']
[0.361s] Level 1:colcon.colcon_core.package_identification:_identify(src/libcamera/test/serialization/generated_serializer) by extension 'colcon_meta'
[0.361s] Level 1:colcon.colcon_core.package_identification:_identify(src/libcamera/test/serialization/generated_serializer) by extensions ['ros']
[0.361s] Level 1:colcon.colcon_core.package_identification:_identify(src/libcamera/test/serialization/generated_serializer) by extension 'ros'
[0.361s] Level 1:colcon.colcon_core.package_identification:_identify(src/libcamera/test/serialization/generated_serializer) by extensions ['cmake', 'python']
[0.361s] Level 1:colcon.colcon_core.package_identification:_identify(src/libcamera/test/serialization/generated_serializer) by extension 'cmake'
[0.361s] Level 1:colcon.colcon_core.package_identification:_identify(src/libcamera/test/serialization/generated_serializer) by extension 'python'
[0.361s] Level 1:colcon.colcon_core.package_identification:_identify(src/libcamera/test/serialization/generated_serializer) by extensions ['python_setup_py']
[0.361s] Level 1:colcon.colcon_core.package_identification:_identify(src/libcamera/test/serialization/generated_serializer) by extension 'python_setup_py'
[0.361s] Level 1:colcon.colcon_core.package_identification:_identify(src/libcamera/test/serialization/generated_serializer/include) by extensions ['ignore', 'ignore_ament_install']
[0.362s] Level 1:colcon.colcon_core.package_identification:_identify(src/libcamera/test/serialization/generated_serializer/include) by extension 'ignore'
[0.362s] Level 1:colcon.colcon_core.package_identification:_identify(src/libcamera/test/serialization/generated_serializer/include) by extension 'ignore_ament_install'
[0.362s] Level 1:colcon.colcon_core.package_identification:_identify(src/libcamera/test/serialization/generated_serializer/include) by extensions ['colcon_pkg']
[0.362s] Level 1:colcon.colcon_core.package_identification:_identify(src/libcamera/test/serialization/generated_serializer/include) by extension 'colcon_pkg'
[0.362s] Level 1:colcon.colcon_core.package_identification:_identify(src/libcamera/test/serialization/generated_serializer/include) by extensions ['colcon_meta']
[0.362s] Level 1:colcon.colcon_core.package_identification:_identify(src/libcamera/test/serialization/generated_serializer/include) by extension 'colcon_meta'
[0.362s] Level 1:colcon.colcon_core.package_identification:_identify(src/libcamera/test/serialization/generated_serializer/include) by extensions ['ros']
[0.362s] Level 1:colcon.colcon_core.package_identification:_identify(src/libcamera/test/serialization/generated_serializer/include) by extension 'ros'
[0.362s] Level 1:colcon.colcon_core.package_identification:_identify(src/libcamera/test/serialization/generated_serializer/include) by extensions ['cmake', 'python']
[0.362s] Level 1:colcon.colcon_core.package_identification:_identify(src/libcamera/test/serialization/generated_serializer/include) by extension 'cmake'
[0.362s] Level 1:colcon.colcon_core.package_identification:_identify(src/libcamera/test/serialization/generated_serializer/include) by extension 'python'
[0.362s] Level 1:colcon.colcon_core.package_identification:_identify(src/libcamera/test/serialization/generated_serializer/include) by extensions ['python_setup_py']
[0.362s] Level 1:colcon.colcon_core.package_identification:_identify(src/libcamera/test/serialization/generated_serializer/include) by extension 'python_setup_py'
[0.362s] Level 1:colcon.colcon_core.package_identification:_identify(src/libcamera/test/serialization/generated_serializer/include/libcamera) by extensions ['ignore', 'ignore_ament_install']
[0.362s] Level 1:colcon.colcon_core.package_identification:_identify(src/libcamera/test/serialization/generated_serializer/include/libcamera) by extension 'ignore'
[0.362s] Level 1:colcon.colcon_core.package_identification:_identify(src/libcamera/test/serialization/generated_serializer/include/libcamera) by extension 'ignore_ament_install'
[0.362s] Level 1:colcon.colcon_core.package_identification:_identify(src/libcamera/test/serialization/generated_serializer/include/libcamera) by extensions ['colcon_pkg']
[0.362s] Level 1:colcon.colcon_core.package_identification:_identify(src/libcamera/test/serialization/generated_serializer/include/libcamera) by extension 'colcon_pkg'
[0.362s] Level 1:colcon.colcon_core.package_identification:_identify(src/libcamera/test/serialization/generated_serializer/include/libcamera) by extensions ['colcon_meta']
[0.362s] Level 1:colcon.colcon_core.package_identification:_identify(src/libcamera/test/serialization/generated_serializer/include/libcamera) by extension 'colcon_meta'
[0.362s] Level 1:colcon.colcon_core.package_identification:_identify(src/libcamera/test/serialization/generated_serializer/include/libcamera) by extensions ['ros']
[0.362s] Level 1:colcon.colcon_core.package_identification:_identify(src/libcamera/test/serialization/generated_serializer/include/libcamera) by extension 'ros'
[0.362s] Level 1:colcon.colcon_core.package_identification:_identify(src/libcamera/test/serialization/generated_serializer/include/libcamera) by extensions ['cmake', 'python']
[0.362s] Level 1:colcon.colcon_core.package_identification:_identify(src/libcamera/test/serialization/generated_serializer/include/libcamera) by extension 'cmake'
[0.362s] Level 1:colcon.colcon_core.package_identification:_identify(src/libcamera/test/serialization/generated_serializer/include/libcamera) by extension 'python'
[0.362s] Level 1:colcon.colcon_core.package_identification:_identify(src/libcamera/test/serialization/generated_serializer/include/libcamera) by extensions ['python_setup_py']
[0.362s] Level 1:colcon.colcon_core.package_identification:_identify(src/libcamera/test/serialization/generated_serializer/include/libcamera) by extension 'python_setup_py'
[0.363s] Level 1:colcon.colcon_core.package_identification:_identify(src/libcamera/test/serialization/generated_serializer/include/libcamera/ipa) by extensions ['ignore', 'ignore_ament_install']
[0.363s] Level 1:colcon.colcon_core.package_identification:_identify(src/libcamera/test/serialization/generated_serializer/include/libcamera/ipa) by extension 'ignore'
[0.363s] Level 1:colcon.colcon_core.package_identification:_identify(src/libcamera/test/serialization/generated_serializer/include/libcamera/ipa) by extension 'ignore_ament_install'
[0.363s] Level 1:colcon.colcon_core.package_identification:_identify(src/libcamera/test/serialization/generated_serializer/include/libcamera/ipa) by extensions ['colcon_pkg']
[0.363s] Level 1:colcon.colcon_core.package_identification:_identify(src/libcamera/test/serialization/generated_serializer/include/libcamera/ipa) by extension 'colcon_pkg'
[0.363s] Level 1:colcon.colcon_core.package_identification:_identify(src/libcamera/test/serialization/generated_serializer/include/libcamera/ipa) by extensions ['colcon_meta']
[0.363s] Level 1:colcon.colcon_core.package_identification:_identify(src/libcamera/test/serialization/generated_serializer/include/libcamera/ipa) by extension 'colcon_meta'
[0.363s] Level 1:colcon.colcon_core.package_identification:_identify(src/libcamera/test/serialization/generated_serializer/include/libcamera/ipa) by extensions ['ros']
[0.363s] Level 1:colcon.colcon_core.package_identification:_identify(src/libcamera/test/serialization/generated_serializer/include/libcamera/ipa) by extension 'ros'
[0.363s] Level 1:colcon.colcon_core.package_identification:_identify(src/libcamera/test/serialization/generated_serializer/include/libcamera/ipa) by extensions ['cmake', 'python']
[0.363s] Level 1:colcon.colcon_core.package_identification:_identify(src/libcamera/test/serialization/generated_serializer/include/libcamera/ipa) by extension 'cmake'
[0.363s] Level 1:colcon.colcon_core.package_identification:_identify(src/libcamera/test/serialization/generated_serializer/include/libcamera/ipa) by extension 'python'
[0.363s] Level 1:colcon.colcon_core.package_identification:_identify(src/libcamera/test/serialization/generated_serializer/include/libcamera/ipa) by extensions ['python_setup_py']
[0.363s] Level 1:colcon.colcon_core.package_identification:_identify(src/libcamera/test/serialization/generated_serializer/include/libcamera/ipa) by extension 'python_setup_py'
[0.363s] Level 1:colcon.colcon_core.package_identification:_identify(src/libcamera/test/stream) by extensions ['ignore', 'ignore_ament_install']
[0.363s] Level 1:colcon.colcon_core.package_identification:_identify(src/libcamera/test/stream) by extension 'ignore'
[0.363s] Level 1:colcon.colcon_core.package_identification:_identify(src/libcamera/test/stream) by extension 'ignore_ament_install'
[0.363s] Level 1:colcon.colcon_core.package_identification:_identify(src/libcamera/test/stream) by extensions ['colcon_pkg']
[0.363s] Level 1:colcon.colcon_core.package_identification:_identify(src/libcamera/test/stream) by extension 'colcon_pkg'
[0.363s] Level 1:colcon.colcon_core.package_identification:_identify(src/libcamera/test/stream) by extensions ['colcon_meta']
[0.363s] Level 1:colcon.colcon_core.package_identification:_identify(src/libcamera/test/stream) by extension 'colcon_meta'
[0.363s] Level 1:colcon.colcon_core.package_identification:_identify(src/libcamera/test/stream) by extensions ['ros']
[0.363s] Level 1:colcon.colcon_core.package_identification:_identify(src/libcamera/test/stream) by extension 'ros'
[0.363s] Level 1:colcon.colcon_core.package_identification:_identify(src/libcamera/test/stream) by extensions ['cmake', 'python']
[0.364s] Level 1:colcon.colcon_core.package_identification:_identify(src/libcamera/test/stream) by extension 'cmake'
[0.364s] Level 1:colcon.colcon_core.package_identification:_identify(src/libcamera/test/stream) by extension 'python'
[0.364s] Level 1:colcon.colcon_core.package_identification:_identify(src/libcamera/test/stream) by extensions ['python_setup_py']
[0.364s] Level 1:colcon.colcon_core.package_identification:_identify(src/libcamera/test/stream) by extension 'python_setup_py'
[0.364s] Level 1:colcon.colcon_core.package_identification:_identify(src/libcamera/test/v4l2_compat) by extensions ['ignore', 'ignore_ament_install']
[0.364s] Level 1:colcon.colcon_core.package_identification:_identify(src/libcamera/test/v4l2_compat) by extension 'ignore'
[0.364s] Level 1:colcon.colcon_core.package_identification:_identify(src/libcamera/test/v4l2_compat) by extension 'ignore_ament_install'
[0.364s] Level 1:colcon.colcon_core.package_identification:_identify(src/libcamera/test/v4l2_compat) by extensions ['colcon_pkg']
[0.364s] Level 1:colcon.colcon_core.package_identification:_identify(src/libcamera/test/v4l2_compat) by extension 'colcon_pkg'
[0.364s] Level 1:colcon.colcon_core.package_identification:_identify(src/libcamera/test/v4l2_compat) by extensions ['colcon_meta']
[0.364s] Level 1:colcon.colcon_core.package_identification:_identify(src/libcamera/test/v4l2_compat) by extension 'colcon_meta'
[0.364s] Level 1:colcon.colcon_core.package_identification:_identify(src/libcamera/test/v4l2_compat) by extensions ['ros']
[0.364s] Level 1:colcon.colcon_core.package_identification:_identify(src/libcamera/test/v4l2_compat) by extension 'ros'
[0.364s] Level 1:colcon.colcon_core.package_identification:_identify(src/libcamera/test/v4l2_compat) by extensions ['cmake', 'python']
[0.364s] Level 1:colcon.colcon_core.package_identification:_identify(src/libcamera/test/v4l2_compat) by extension 'cmake'
[0.364s] Level 1:colcon.colcon_core.package_identification:_identify(src/libcamera/test/v4l2_compat) by extension 'python'
[0.364s] Level 1:colcon.colcon_core.package_identification:_identify(src/libcamera/test/v4l2_compat) by extensions ['python_setup_py']
[0.364s] Level 1:colcon.colcon_core.package_identification:_identify(src/libcamera/test/v4l2_compat) by extension 'python_setup_py'
[0.364s] Level 1:colcon.colcon_core.package_identification:_identify(src/libcamera/test/v4l2_subdevice) by extensions ['ignore', 'ignore_ament_install']
[0.364s] Level 1:colcon.colcon_core.package_identification:_identify(src/libcamera/test/v4l2_subdevice) by extension 'ignore'
[0.364s] Level 1:colcon.colcon_core.package_identification:_identify(src/libcamera/test/v4l2_subdevice) by extension 'ignore_ament_install'
[0.364s] Level 1:colcon.colcon_core.package_identification:_identify(src/libcamera/test/v4l2_subdevice) by extensions ['colcon_pkg']
[0.364s] Level 1:colcon.colcon_core.package_identification:_identify(src/libcamera/test/v4l2_subdevice) by extension 'colcon_pkg'
[0.364s] Level 1:colcon.colcon_core.package_identification:_identify(src/libcamera/test/v4l2_subdevice) by extensions ['colcon_meta']
[0.364s] Level 1:colcon.colcon_core.package_identification:_identify(src/libcamera/test/v4l2_subdevice) by extension 'colcon_meta'
[0.364s] Level 1:colcon.colcon_core.package_identification:_identify(src/libcamera/test/v4l2_subdevice) by extensions ['ros']
[0.364s] Level 1:colcon.colcon_core.package_identification:_identify(src/libcamera/test/v4l2_subdevice) by extension 'ros'
[0.364s] Level 1:colcon.colcon_core.package_identification:_identify(src/libcamera/test/v4l2_subdevice) by extensions ['cmake', 'python']
[0.364s] Level 1:colcon.colcon_core.package_identification:_identify(src/libcamera/test/v4l2_subdevice) by extension 'cmake'
[0.365s] Level 1:colcon.colcon_core.package_identification:_identify(src/libcamera/test/v4l2_subdevice) by extension 'python'
[0.365s] Level 1:colcon.colcon_core.package_identification:_identify(src/libcamera/test/v4l2_subdevice) by extensions ['python_setup_py']
[0.365s] Level 1:colcon.colcon_core.package_identification:_identify(src/libcamera/test/v4l2_subdevice) by extension 'python_setup_py'
[0.365s] Level 1:colcon.colcon_core.package_identification:_identify(src/libcamera/test/v4l2_videodevice) by extensions ['ignore', 'ignore_ament_install']
[0.365s] Level 1:colcon.colcon_core.package_identification:_identify(src/libcamera/test/v4l2_videodevice) by extension 'ignore'
[0.365s] Level 1:colcon.colcon_core.package_identification:_identify(src/libcamera/test/v4l2_videodevice) by extension 'ignore_ament_install'
[0.365s] Level 1:colcon.colcon_core.package_identification:_identify(src/libcamera/test/v4l2_videodevice) by extensions ['colcon_pkg']
[0.365s] Level 1:colcon.colcon_core.package_identification:_identify(src/libcamera/test/v4l2_videodevice) by extension 'colcon_pkg'
[0.365s] Level 1:colcon.colcon_core.package_identification:_identify(src/libcamera/test/v4l2_videodevice) by extensions ['colcon_meta']
[0.365s] Level 1:colcon.colcon_core.package_identification:_identify(src/libcamera/test/v4l2_videodevice) by extension 'colcon_meta'
[0.365s] Level 1:colcon.colcon_core.package_identification:_identify(src/libcamera/test/v4l2_videodevice) by extensions ['ros']
[0.365s] Level 1:colcon.colcon_core.package_identification:_identify(src/libcamera/test/v4l2_videodevice) by extension 'ros'
[0.365s] Level 1:colcon.colcon_core.package_identification:_identify(src/libcamera/test/v4l2_videodevice) by extensions ['cmake', 'python']
[0.365s] Level 1:colcon.colcon_core.package_identification:_identify(src/libcamera/test/v4l2_videodevice) by extension 'cmake'
[0.365s] Level 1:colcon.colcon_core.package_identification:_identify(src/libcamera/test/v4l2_videodevice) by extension 'python'
[0.365s] Level 1:colcon.colcon_core.package_identification:_identify(src/libcamera/test/v4l2_videodevice) by extensions ['python_setup_py']
[0.365s] Level 1:colcon.colcon_core.package_identification:_identify(src/libcamera/test/v4l2_videodevice) by extension 'python_setup_py'
[0.365s] Level 1:colcon.colcon_core.package_identification:_identify(src/libcamera/utils) by extensions ['ignore', 'ignore_ament_install']
[0.365s] Level 1:colcon.colcon_core.package_identification:_identify(src/libcamera/utils) by extension 'ignore'
[0.365s] Level 1:colcon.colcon_core.package_identification:_identify(src/libcamera/utils) by extension 'ignore_ament_install'
[0.365s] Level 1:colcon.colcon_core.package_identification:_identify(src/libcamera/utils) by extensions ['colcon_pkg']
[0.365s] Level 1:colcon.colcon_core.package_identification:_identify(src/libcamera/utils) by extension 'colcon_pkg'
[0.365s] Level 1:colcon.colcon_core.package_identification:_identify(src/libcamera/utils) by extensions ['colcon_meta']
[0.365s] Level 1:colcon.colcon_core.package_identification:_identify(src/libcamera/utils) by extension 'colcon_meta'
[0.365s] Level 1:colcon.colcon_core.package_identification:_identify(src/libcamera/utils) by extensions ['ros']
[0.365s] Level 1:colcon.colcon_core.package_identification:_identify(src/libcamera/utils) by extension 'ros'
[0.365s] Level 1:colcon.colcon_core.package_identification:_identify(src/libcamera/utils) by extensions ['cmake', 'python']
[0.365s] Level 1:colcon.colcon_core.package_identification:_identify(src/libcamera/utils) by extension 'cmake'
[0.366s] Level 1:colcon.colcon_core.package_identification:_identify(src/libcamera/utils) by extension 'python'
[0.366s] Level 1:colcon.colcon_core.package_identification:_identify(src/libcamera/utils) by extensions ['python_setup_py']
[0.366s] Level 1:colcon.colcon_core.package_identification:_identify(src/libcamera/utils) by extension 'python_setup_py'
[0.366s] Level 1:colcon.colcon_core.package_identification:_identify(src/libcamera/utils/codegen) by extensions ['ignore', 'ignore_ament_install']
[0.366s] Level 1:colcon.colcon_core.package_identification:_identify(src/libcamera/utils/codegen) by extension 'ignore'
[0.366s] Level 1:colcon.colcon_core.package_identification:_identify(src/libcamera/utils/codegen) by extension 'ignore_ament_install'
[0.366s] Level 1:colcon.colcon_core.package_identification:_identify(src/libcamera/utils/codegen) by extensions ['colcon_pkg']
[0.366s] Level 1:colcon.colcon_core.package_identification:_identify(src/libcamera/utils/codegen) by extension 'colcon_pkg'
[0.366s] Level 1:colcon.colcon_core.package_identification:_identify(src/libcamera/utils/codegen) by extensions ['colcon_meta']
[0.366s] Level 1:colcon.colcon_core.package_identification:_identify(src/libcamera/utils/codegen) by extension 'colcon_meta'
[0.366s] Level 1:colcon.colcon_core.package_identification:_identify(src/libcamera/utils/codegen) by extensions ['ros']
[0.366s] Level 1:colcon.colcon_core.package_identification:_identify(src/libcamera/utils/codegen) by extension 'ros'
[0.366s] Level 1:colcon.colcon_core.package_identification:_identify(src/libcamera/utils/codegen) by extensions ['cmake', 'python']
[0.366s] Level 1:colcon.colcon_core.package_identification:_identify(src/libcamera/utils/codegen) by extension 'cmake'
[0.366s] Level 1:colcon.colcon_core.package_identification:_identify(src/libcamera/utils/codegen) by extension 'python'
[0.366s] Level 1:colcon.colcon_core.package_identification:_identify(src/libcamera/utils/codegen) by extensions ['python_setup_py']
[0.366s] Level 1:colcon.colcon_core.package_identification:_identify(src/libcamera/utils/codegen) by extension 'python_setup_py'
[0.366s] Level 1:colcon.colcon_core.package_identification:_identify(src/libcamera/utils/codegen/ipc) by extensions ['ignore', 'ignore_ament_install']
[0.366s] Level 1:colcon.colcon_core.package_identification:_identify(src/libcamera/utils/codegen/ipc) by extension 'ignore'
[0.366s] Level 1:colcon.colcon_core.package_identification:_identify(src/libcamera/utils/codegen/ipc) by extension 'ignore_ament_install'
[0.366s] Level 1:colcon.colcon_core.package_identification:_identify(src/libcamera/utils/codegen/ipc) by extensions ['colcon_pkg']
[0.366s] Level 1:colcon.colcon_core.package_identification:_identify(src/libcamera/utils/codegen/ipc) by extension 'colcon_pkg'
[0.366s] Level 1:colcon.colcon_core.package_identification:_identify(src/libcamera/utils/codegen/ipc) by extensions ['colcon_meta']
[0.366s] Level 1:colcon.colcon_core.package_identification:_identify(src/libcamera/utils/codegen/ipc) by extension 'colcon_meta'
[0.367s] Level 1:colcon.colcon_core.package_identification:_identify(src/libcamera/utils/codegen/ipc) by extensions ['ros']
[0.367s] Level 1:colcon.colcon_core.package_identification:_identify(src/libcamera/utils/codegen/ipc) by extension 'ros'
[0.367s] Level 1:colcon.colcon_core.package_identification:_identify(src/libcamera/utils/codegen/ipc) by extensions ['cmake', 'python']
[0.367s] Level 1:colcon.colcon_core.package_identification:_identify(src/libcamera/utils/codegen/ipc) by extension 'cmake'
[0.367s] Level 1:colcon.colcon_core.package_identification:_identify(src/libcamera/utils/codegen/ipc) by extension 'python'
[0.367s] Level 1:colcon.colcon_core.package_identification:_identify(src/libcamera/utils/codegen/ipc) by extensions ['python_setup_py']
[0.367s] Level 1:colcon.colcon_core.package_identification:_identify(src/libcamera/utils/codegen/ipc) by extension 'python_setup_py'
[0.367s] Level 1:colcon.colcon_core.package_identification:_identify(src/libcamera/utils/codegen/ipc/generators) by extensions ['ignore', 'ignore_ament_install']
[0.367s] Level 1:colcon.colcon_core.package_identification:_identify(src/libcamera/utils/codegen/ipc/generators) by extension 'ignore'
[0.367s] Level 1:colcon.colcon_core.package_identification:_identify(src/libcamera/utils/codegen/ipc/generators) by extension 'ignore_ament_install'
[0.367s] Level 1:colcon.colcon_core.package_identification:_identify(src/libcamera/utils/codegen/ipc/generators) by extensions ['colcon_pkg']
[0.367s] Level 1:colcon.colcon_core.package_identification:_identify(src/libcamera/utils/codegen/ipc/generators) by extension 'colcon_pkg'
[0.367s] Level 1:colcon.colcon_core.package_identification:_identify(src/libcamera/utils/codegen/ipc/generators) by extensions ['colcon_meta']
[0.367s] Level 1:colcon.colcon_core.package_identification:_identify(src/libcamera/utils/codegen/ipc/generators) by extension 'colcon_meta'
[0.367s] Level 1:colcon.colcon_core.package_identification:_identify(src/libcamera/utils/codegen/ipc/generators) by extensions ['ros']
[0.367s] Level 1:colcon.colcon_core.package_identification:_identify(src/libcamera/utils/codegen/ipc/generators) by extension 'ros'
[0.367s] Level 1:colcon.colcon_core.package_identification:_identify(src/libcamera/utils/codegen/ipc/generators) by extensions ['cmake', 'python']
[0.367s] Level 1:colcon.colcon_core.package_identification:_identify(src/libcamera/utils/codegen/ipc/generators) by extension 'cmake'
[0.367s] Level 1:colcon.colcon_core.package_identification:_identify(src/libcamera/utils/codegen/ipc/generators) by extension 'python'
[0.367s] Level 1:colcon.colcon_core.package_identification:_identify(src/libcamera/utils/codegen/ipc/generators) by extensions ['python_setup_py']
[0.367s] Level 1:colcon.colcon_core.package_identification:_identify(src/libcamera/utils/codegen/ipc/generators) by extension 'python_setup_py'
[0.367s] Level 1:colcon.colcon_core.package_identification:_identify(src/libcamera/utils/codegen/ipc/generators/libcamera_templates) by extensions ['ignore', 'ignore_ament_install']
[0.367s] Level 1:colcon.colcon_core.package_identification:_identify(src/libcamera/utils/codegen/ipc/generators/libcamera_templates) by extension 'ignore'
[0.367s] Level 1:colcon.colcon_core.package_identification:_identify(src/libcamera/utils/codegen/ipc/generators/libcamera_templates) by extension 'ignore_ament_install'
[0.367s] Level 1:colcon.colcon_core.package_identification:_identify(src/libcamera/utils/codegen/ipc/generators/libcamera_templates) by extensions ['colcon_pkg']
[0.367s] Level 1:colcon.colcon_core.package_identification:_identify(src/libcamera/utils/codegen/ipc/generators/libcamera_templates) by extension 'colcon_pkg'
[0.368s] Level 1:colcon.colcon_core.package_identification:_identify(src/libcamera/utils/codegen/ipc/generators/libcamera_templates) by extensions ['colcon_meta']
[0.368s] Level 1:colcon.colcon_core.package_identification:_identify(src/libcamera/utils/codegen/ipc/generators/libcamera_templates) by extension 'colcon_meta'
[0.368s] Level 1:colcon.colcon_core.package_identification:_identify(src/libcamera/utils/codegen/ipc/generators/libcamera_templates) by extensions ['ros']
[0.368s] Level 1:colcon.colcon_core.package_identification:_identify(src/libcamera/utils/codegen/ipc/generators/libcamera_templates) by extension 'ros'
[0.368s] Level 1:colcon.colcon_core.package_identification:_identify(src/libcamera/utils/codegen/ipc/generators/libcamera_templates) by extensions ['cmake', 'python']
[0.368s] Level 1:colcon.colcon_core.package_identification:_identify(src/libcamera/utils/codegen/ipc/generators/libcamera_templates) by extension 'cmake'
[0.368s] Level 1:colcon.colcon_core.package_identification:_identify(src/libcamera/utils/codegen/ipc/generators/libcamera_templates) by extension 'python'
[0.368s] Level 1:colcon.colcon_core.package_identification:_identify(src/libcamera/utils/codegen/ipc/generators/libcamera_templates) by extensions ['python_setup_py']
[0.368s] Level 1:colcon.colcon_core.package_identification:_identify(src/libcamera/utils/codegen/ipc/generators/libcamera_templates) by extension 'python_setup_py'
[0.368s] Level 1:colcon.colcon_core.package_identification:_identify(src/libcamera/utils/codegen/ipc/mojo) by extensions ['ignore', 'ignore_ament_install']
[0.368s] Level 1:colcon.colcon_core.package_identification:_identify(src/libcamera/utils/codegen/ipc/mojo) by extension 'ignore'
[0.368s] Level 1:colcon.colcon_core.package_identification:_identify(src/libcamera/utils/codegen/ipc/mojo) by extension 'ignore_ament_install'
[0.368s] Level 1:colcon.colcon_core.package_identification:_identify(src/libcamera/utils/codegen/ipc/mojo) by extensions ['colcon_pkg']
[0.368s] Level 1:colcon.colcon_core.package_identification:_identify(src/libcamera/utils/codegen/ipc/mojo) by extension 'colcon_pkg'
[0.368s] Level 1:colcon.colcon_core.package_identification:_identify(src/libcamera/utils/codegen/ipc/mojo) by extensions ['colcon_meta']
[0.368s] Level 1:colcon.colcon_core.package_identification:_identify(src/libcamera/utils/codegen/ipc/mojo) by extension 'colcon_meta'
[0.368s] Level 1:colcon.colcon_core.package_identification:_identify(src/libcamera/utils/codegen/ipc/mojo) by extensions ['ros']
[0.368s] Level 1:colcon.colcon_core.package_identification:_identify(src/libcamera/utils/codegen/ipc/mojo) by extension 'ros'
[0.368s] Level 1:colcon.colcon_core.package_identification:_identify(src/libcamera/utils/codegen/ipc/mojo) by extensions ['cmake', 'python']
[0.368s] Level 1:colcon.colcon_core.package_identification:_identify(src/libcamera/utils/codegen/ipc/mojo) by extension 'cmake'
[0.368s] Level 1:colcon.colcon_core.package_identification:_identify(src/libcamera/utils/codegen/ipc/mojo) by extension 'python'
[0.368s] Level 1:colcon.colcon_core.package_identification:_identify(src/libcamera/utils/codegen/ipc/mojo) by extensions ['python_setup_py']
[0.368s] Level 1:colcon.colcon_core.package_identification:_identify(src/libcamera/utils/codegen/ipc/mojo) by extension 'python_setup_py'
[0.368s] Level 1:colcon.colcon_core.package_identification:_identify(src/libcamera/utils/codegen/ipc/mojo/public) by extensions ['ignore', 'ignore_ament_install']
[0.368s] Level 1:colcon.colcon_core.package_identification:_identify(src/libcamera/utils/codegen/ipc/mojo/public) by extension 'ignore'
[0.369s] Level 1:colcon.colcon_core.package_identification:_identify(src/libcamera/utils/codegen/ipc/mojo/public) by extension 'ignore_ament_install'
[0.369s] Level 1:colcon.colcon_core.package_identification:_identify(src/libcamera/utils/codegen/ipc/mojo/public) by extensions ['colcon_pkg']
[0.369s] Level 1:colcon.colcon_core.package_identification:_identify(src/libcamera/utils/codegen/ipc/mojo/public) by extension 'colcon_pkg'
[0.369s] Level 1:colcon.colcon_core.package_identification:_identify(src/libcamera/utils/codegen/ipc/mojo/public) by extensions ['colcon_meta']
[0.369s] Level 1:colcon.colcon_core.package_identification:_identify(src/libcamera/utils/codegen/ipc/mojo/public) by extension 'colcon_meta'
[0.369s] Level 1:colcon.colcon_core.package_identification:_identify(src/libcamera/utils/codegen/ipc/mojo/public) by extensions ['ros']
[0.369s] Level 1:colcon.colcon_core.package_identification:_identify(src/libcamera/utils/codegen/ipc/mojo/public) by extension 'ros'
[0.369s] Level 1:colcon.colcon_core.package_identification:_identify(src/libcamera/utils/codegen/ipc/mojo/public) by extensions ['cmake', 'python']
[0.369s] Level 1:colcon.colcon_core.package_identification:_identify(src/libcamera/utils/codegen/ipc/mojo/public) by extension 'cmake'
[0.369s] Level 1:colcon.colcon_core.package_identification:_identify(src/libcamera/utils/codegen/ipc/mojo/public) by extension 'python'
[0.369s] Level 1:colcon.colcon_core.package_identification:_identify(src/libcamera/utils/codegen/ipc/mojo/public) by extensions ['python_setup_py']
[0.369s] Level 1:colcon.colcon_core.package_identification:_identify(src/libcamera/utils/codegen/ipc/mojo/public) by extension 'python_setup_py'
[0.369s] Level 1:colcon.colcon_core.package_identification:_identify(src/libcamera/utils/codegen/ipc/mojo/public/tools) by extensions ['ignore', 'ignore_ament_install']
[0.369s] Level 1:colcon.colcon_core.package_identification:_identify(src/libcamera/utils/codegen/ipc/mojo/public/tools) by extension 'ignore'
[0.369s] Level 1:colcon.colcon_core.package_identification:_identify(src/libcamera/utils/codegen/ipc/mojo/public/tools) by extension 'ignore_ament_install'
[0.369s] Level 1:colcon.colcon_core.package_identification:_identify(src/libcamera/utils/codegen/ipc/mojo/public/tools) by extensions ['colcon_pkg']
[0.369s] Level 1:colcon.colcon_core.package_identification:_identify(src/libcamera/utils/codegen/ipc/mojo/public/tools) by extension 'colcon_pkg'
[0.369s] Level 1:colcon.colcon_core.package_identification:_identify(src/libcamera/utils/codegen/ipc/mojo/public/tools) by extensions ['colcon_meta']
[0.369s] Level 1:colcon.colcon_core.package_identification:_identify(src/libcamera/utils/codegen/ipc/mojo/public/tools) by extension 'colcon_meta'
[0.369s] Level 1:colcon.colcon_core.package_identification:_identify(src/libcamera/utils/codegen/ipc/mojo/public/tools) by extensions ['ros']
[0.369s] Level 1:colcon.colcon_core.package_identification:_identify(src/libcamera/utils/codegen/ipc/mojo/public/tools) by extension 'ros'
[0.369s] Level 1:colcon.colcon_core.package_identification:_identify(src/libcamera/utils/codegen/ipc/mojo/public/tools) by extensions ['cmake', 'python']
[0.369s] Level 1:colcon.colcon_core.package_identification:_identify(src/libcamera/utils/codegen/ipc/mojo/public/tools) by extension 'cmake'
[0.369s] Level 1:colcon.colcon_core.package_identification:_identify(src/libcamera/utils/codegen/ipc/mojo/public/tools) by extension 'python'
[0.369s] Level 1:colcon.colcon_core.package_identification:_identify(src/libcamera/utils/codegen/ipc/mojo/public/tools) by extensions ['python_setup_py']
[0.369s] Level 1:colcon.colcon_core.package_identification:_identify(src/libcamera/utils/codegen/ipc/mojo/public/tools) by extension 'python_setup_py'
[0.370s] Level 1:colcon.colcon_core.package_identification:_identify(src/libcamera/utils/codegen/ipc/mojo/public/tools/bindings) by extensions ['ignore', 'ignore_ament_install']
[0.370s] Level 1:colcon.colcon_core.package_identification:_identify(src/libcamera/utils/codegen/ipc/mojo/public/tools/bindings) by extension 'ignore'
[0.370s] Level 1:colcon.colcon_core.package_identification:_identify(src/libcamera/utils/codegen/ipc/mojo/public/tools/bindings) by extension 'ignore_ament_install'
[0.370s] Level 1:colcon.colcon_core.package_identification:_identify(src/libcamera/utils/codegen/ipc/mojo/public/tools/bindings) by extensions ['colcon_pkg']
[0.370s] Level 1:colcon.colcon_core.package_identification:_identify(src/libcamera/utils/codegen/ipc/mojo/public/tools/bindings) by extension 'colcon_pkg'
[0.370s] Level 1:colcon.colcon_core.package_identification:_identify(src/libcamera/utils/codegen/ipc/mojo/public/tools/bindings) by extensions ['colcon_meta']
[0.370s] Level 1:colcon.colcon_core.package_identification:_identify(src/libcamera/utils/codegen/ipc/mojo/public/tools/bindings) by extension 'colcon_meta'
[0.370s] Level 1:colcon.colcon_core.package_identification:_identify(src/libcamera/utils/codegen/ipc/mojo/public/tools/bindings) by extensions ['ros']
[0.370s] Level 1:colcon.colcon_core.package_identification:_identify(src/libcamera/utils/codegen/ipc/mojo/public/tools/bindings) by extension 'ros'
[0.370s] Level 1:colcon.colcon_core.package_identification:_identify(src/libcamera/utils/codegen/ipc/mojo/public/tools/bindings) by extensions ['cmake', 'python']
[0.370s] Level 1:colcon.colcon_core.package_identification:_identify(src/libcamera/utils/codegen/ipc/mojo/public/tools/bindings) by extension 'cmake'
[0.370s] Level 1:colcon.colcon_core.package_identification:_identify(src/libcamera/utils/codegen/ipc/mojo/public/tools/bindings) by extension 'python'
[0.370s] Level 1:colcon.colcon_core.package_identification:_identify(src/libcamera/utils/codegen/ipc/mojo/public/tools/bindings) by extensions ['python_setup_py']
[0.370s] Level 1:colcon.colcon_core.package_identification:_identify(src/libcamera/utils/codegen/ipc/mojo/public/tools/bindings) by extension 'python_setup_py'
[0.370s] Level 1:colcon.colcon_core.package_identification:_identify(src/libcamera/utils/codegen/ipc/mojo/public/tools/bindings/checks) by extensions ['ignore', 'ignore_ament_install']
[0.370s] Level 1:colcon.colcon_core.package_identification:_identify(src/libcamera/utils/codegen/ipc/mojo/public/tools/bindings/checks) by extension 'ignore'
[0.370s] Level 1:colcon.colcon_core.package_identification:_identify(src/libcamera/utils/codegen/ipc/mojo/public/tools/bindings/checks) by extension 'ignore_ament_install'
[0.370s] Level 1:colcon.colcon_core.package_identification:_identify(src/libcamera/utils/codegen/ipc/mojo/public/tools/bindings/checks) by extensions ['colcon_pkg']
[0.370s] Level 1:colcon.colcon_core.package_identification:_identify(src/libcamera/utils/codegen/ipc/mojo/public/tools/bindings/checks) by extension 'colcon_pkg'
[0.370s] Level 1:colcon.colcon_core.package_identification:_identify(src/libcamera/utils/codegen/ipc/mojo/public/tools/bindings/checks) by extensions ['colcon_meta']
[0.370s] Level 1:colcon.colcon_core.package_identification:_identify(src/libcamera/utils/codegen/ipc/mojo/public/tools/bindings/checks) by extension 'colcon_meta'
[0.370s] Level 1:colcon.colcon_core.package_identification:_identify(src/libcamera/utils/codegen/ipc/mojo/public/tools/bindings/checks) by extensions ['ros']
[0.370s] Level 1:colcon.colcon_core.package_identification:_identify(src/libcamera/utils/codegen/ipc/mojo/public/tools/bindings/checks) by extension 'ros'
[0.371s] Level 1:colcon.colcon_core.package_identification:_identify(src/libcamera/utils/codegen/ipc/mojo/public/tools/bindings/checks) by extensions ['cmake', 'python']
[0.371s] Level 1:colcon.colcon_core.package_identification:_identify(src/libcamera/utils/codegen/ipc/mojo/public/tools/bindings/checks) by extension 'cmake'
[0.371s] Level 1:colcon.colcon_core.package_identification:_identify(src/libcamera/utils/codegen/ipc/mojo/public/tools/bindings/checks) by extension 'python'
[0.371s] Level 1:colcon.colcon_core.package_identification:_identify(src/libcamera/utils/codegen/ipc/mojo/public/tools/bindings/checks) by extensions ['python_setup_py']
[0.371s] Level 1:colcon.colcon_core.package_identification:_identify(src/libcamera/utils/codegen/ipc/mojo/public/tools/bindings/checks) by extension 'python_setup_py'
[0.371s] Level 1:colcon.colcon_core.package_identification:_identify(src/libcamera/utils/codegen/ipc/mojo/public/tools/mojom) by extensions ['ignore', 'ignore_ament_install']
[0.371s] Level 1:colcon.colcon_core.package_identification:_identify(src/libcamera/utils/codegen/ipc/mojo/public/tools/mojom) by extension 'ignore'
[0.371s] Level 1:colcon.colcon_core.package_identification:_identify(src/libcamera/utils/codegen/ipc/mojo/public/tools/mojom) by extension 'ignore_ament_install'
[0.371s] Level 1:colcon.colcon_core.package_identification:_identify(src/libcamera/utils/codegen/ipc/mojo/public/tools/mojom) by extensions ['colcon_pkg']
[0.371s] Level 1:colcon.colcon_core.package_identification:_identify(src/libcamera/utils/codegen/ipc/mojo/public/tools/mojom) by extension 'colcon_pkg'
[0.371s] Level 1:colcon.colcon_core.package_identification:_identify(src/libcamera/utils/codegen/ipc/mojo/public/tools/mojom) by extensions ['colcon_meta']
[0.371s] Level 1:colcon.colcon_core.package_identification:_identify(src/libcamera/utils/codegen/ipc/mojo/public/tools/mojom) by extension 'colcon_meta'
[0.371s] Level 1:colcon.colcon_core.package_identification:_identify(src/libcamera/utils/codegen/ipc/mojo/public/tools/mojom) by extensions ['ros']
[0.371s] Level 1:colcon.colcon_core.package_identification:_identify(src/libcamera/utils/codegen/ipc/mojo/public/tools/mojom) by extension 'ros'
[0.371s] Level 1:colcon.colcon_core.package_identification:_identify(src/libcamera/utils/codegen/ipc/mojo/public/tools/mojom) by extensions ['cmake', 'python']
[0.371s] Level 1:colcon.colcon_core.package_identification:_identify(src/libcamera/utils/codegen/ipc/mojo/public/tools/mojom) by extension 'cmake'
[0.371s] Level 1:colcon.colcon_core.package_identification:_identify(src/libcamera/utils/codegen/ipc/mojo/public/tools/mojom) by extension 'python'
[0.371s] Level 1:colcon.colcon_core.package_identification:_identify(src/libcamera/utils/codegen/ipc/mojo/public/tools/mojom) by extensions ['python_setup_py']
[0.371s] Level 1:colcon.colcon_core.package_identification:_identify(src/libcamera/utils/codegen/ipc/mojo/public/tools/mojom) by extension 'python_setup_py'
[0.371s] Level 1:colcon.colcon_core.package_identification:_identify(src/libcamera/utils/codegen/ipc/mojo/public/tools/mojom/mojom) by extensions ['ignore', 'ignore_ament_install']
[0.371s] Level 1:colcon.colcon_core.package_identification:_identify(src/libcamera/utils/codegen/ipc/mojo/public/tools/mojom/mojom) by extension 'ignore'
[0.371s] Level 1:colcon.colcon_core.package_identification:_identify(src/libcamera/utils/codegen/ipc/mojo/public/tools/mojom/mojom) by extension 'ignore_ament_install'
[0.371s] Level 1:colcon.colcon_core.package_identification:_identify(src/libcamera/utils/codegen/ipc/mojo/public/tools/mojom/mojom) by extensions ['colcon_pkg']
[0.371s] Level 1:colcon.colcon_core.package_identification:_identify(src/libcamera/utils/codegen/ipc/mojo/public/tools/mojom/mojom) by extension 'colcon_pkg'
[0.372s] Level 1:colcon.colcon_core.package_identification:_identify(src/libcamera/utils/codegen/ipc/mojo/public/tools/mojom/mojom) by extensions ['colcon_meta']
[0.372s] Level 1:colcon.colcon_core.package_identification:_identify(src/libcamera/utils/codegen/ipc/mojo/public/tools/mojom/mojom) by extension 'colcon_meta'
[0.372s] Level 1:colcon.colcon_core.package_identification:_identify(src/libcamera/utils/codegen/ipc/mojo/public/tools/mojom/mojom) by extensions ['ros']
[0.372s] Level 1:colcon.colcon_core.package_identification:_identify(src/libcamera/utils/codegen/ipc/mojo/public/tools/mojom/mojom) by extension 'ros'
[0.372s] Level 1:colcon.colcon_core.package_identification:_identify(src/libcamera/utils/codegen/ipc/mojo/public/tools/mojom/mojom) by extensions ['cmake', 'python']
[0.372s] Level 1:colcon.colcon_core.package_identification:_identify(src/libcamera/utils/codegen/ipc/mojo/public/tools/mojom/mojom) by extension 'cmake'
[0.372s] Level 1:colcon.colcon_core.package_identification:_identify(src/libcamera/utils/codegen/ipc/mojo/public/tools/mojom/mojom) by extension 'python'
[0.372s] Level 1:colcon.colcon_core.package_identification:_identify(src/libcamera/utils/codegen/ipc/mojo/public/tools/mojom/mojom) by extensions ['python_setup_py']
[0.372s] Level 1:colcon.colcon_core.package_identification:_identify(src/libcamera/utils/codegen/ipc/mojo/public/tools/mojom/mojom) by extension 'python_setup_py'
[0.372s] Level 1:colcon.colcon_core.package_identification:_identify(src/libcamera/utils/codegen/ipc/mojo/public/tools/mojom/mojom/generate) by extensions ['ignore', 'ignore_ament_install']
[0.372s] Level 1:colcon.colcon_core.package_identification:_identify(src/libcamera/utils/codegen/ipc/mojo/public/tools/mojom/mojom/generate) by extension 'ignore'
[0.372s] Level 1:colcon.colcon_core.package_identification:_identify(src/libcamera/utils/codegen/ipc/mojo/public/tools/mojom/mojom/generate) by extension 'ignore_ament_install'
[0.372s] Level 1:colcon.colcon_core.package_identification:_identify(src/libcamera/utils/codegen/ipc/mojo/public/tools/mojom/mojom/generate) by extensions ['colcon_pkg']
[0.372s] Level 1:colcon.colcon_core.package_identification:_identify(src/libcamera/utils/codegen/ipc/mojo/public/tools/mojom/mojom/generate) by extension 'colcon_pkg'
[0.372s] Level 1:colcon.colcon_core.package_identification:_identify(src/libcamera/utils/codegen/ipc/mojo/public/tools/mojom/mojom/generate) by extensions ['colcon_meta']
[0.372s] Level 1:colcon.colcon_core.package_identification:_identify(src/libcamera/utils/codegen/ipc/mojo/public/tools/mojom/mojom/generate) by extension 'colcon_meta'
[0.372s] Level 1:colcon.colcon_core.package_identification:_identify(src/libcamera/utils/codegen/ipc/mojo/public/tools/mojom/mojom/generate) by extensions ['ros']
[0.372s] Level 1:colcon.colcon_core.package_identification:_identify(src/libcamera/utils/codegen/ipc/mojo/public/tools/mojom/mojom/generate) by extension 'ros'
[0.372s] Level 1:colcon.colcon_core.package_identification:_identify(src/libcamera/utils/codegen/ipc/mojo/public/tools/mojom/mojom/generate) by extensions ['cmake', 'python']
[0.372s] Level 1:colcon.colcon_core.package_identification:_identify(src/libcamera/utils/codegen/ipc/mojo/public/tools/mojom/mojom/generate) by extension 'cmake'
[0.372s] Level 1:colcon.colcon_core.package_identification:_identify(src/libcamera/utils/codegen/ipc/mojo/public/tools/mojom/mojom/generate) by extension 'python'
[0.372s] Level 1:colcon.colcon_core.package_identification:_identify(src/libcamera/utils/codegen/ipc/mojo/public/tools/mojom/mojom/generate) by extensions ['python_setup_py']
[0.372s] Level 1:colcon.colcon_core.package_identification:_identify(src/libcamera/utils/codegen/ipc/mojo/public/tools/mojom/mojom/generate) by extension 'python_setup_py'
[0.372s] Level 1:colcon.colcon_core.package_identification:_identify(src/libcamera/utils/codegen/ipc/mojo/public/tools/mojom/mojom/parse) by extensions ['ignore', 'ignore_ament_install']
[0.373s] Level 1:colcon.colcon_core.package_identification:_identify(src/libcamera/utils/codegen/ipc/mojo/public/tools/mojom/mojom/parse) by extension 'ignore'
[0.373s] Level 1:colcon.colcon_core.package_identification:_identify(src/libcamera/utils/codegen/ipc/mojo/public/tools/mojom/mojom/parse) by extension 'ignore_ament_install'
[0.373s] Level 1:colcon.colcon_core.package_identification:_identify(src/libcamera/utils/codegen/ipc/mojo/public/tools/mojom/mojom/parse) by extensions ['colcon_pkg']
[0.373s] Level 1:colcon.colcon_core.package_identification:_identify(src/libcamera/utils/codegen/ipc/mojo/public/tools/mojom/mojom/parse) by extension 'colcon_pkg'
[0.373s] Level 1:colcon.colcon_core.package_identification:_identify(src/libcamera/utils/codegen/ipc/mojo/public/tools/mojom/mojom/parse) by extensions ['colcon_meta']
[0.373s] Level 1:colcon.colcon_core.package_identification:_identify(src/libcamera/utils/codegen/ipc/mojo/public/tools/mojom/mojom/parse) by extension 'colcon_meta'
[0.373s] Level 1:colcon.colcon_core.package_identification:_identify(src/libcamera/utils/codegen/ipc/mojo/public/tools/mojom/mojom/parse) by extensions ['ros']
[0.373s] Level 1:colcon.colcon_core.package_identification:_identify(src/libcamera/utils/codegen/ipc/mojo/public/tools/mojom/mojom/parse) by extension 'ros'
[0.373s] Level 1:colcon.colcon_core.package_identification:_identify(src/libcamera/utils/codegen/ipc/mojo/public/tools/mojom/mojom/parse) by extensions ['cmake', 'python']
[0.373s] Level 1:colcon.colcon_core.package_identification:_identify(src/libcamera/utils/codegen/ipc/mojo/public/tools/mojom/mojom/parse) by extension 'cmake'
[0.373s] Level 1:colcon.colcon_core.package_identification:_identify(src/libcamera/utils/codegen/ipc/mojo/public/tools/mojom/mojom/parse) by extension 'python'
[0.373s] Level 1:colcon.colcon_core.package_identification:_identify(src/libcamera/utils/codegen/ipc/mojo/public/tools/mojom/mojom/parse) by extensions ['python_setup_py']
[0.373s] Level 1:colcon.colcon_core.package_identification:_identify(src/libcamera/utils/codegen/ipc/mojo/public/tools/mojom/mojom/parse) by extension 'python_setup_py'
[0.373s] Level 1:colcon.colcon_core.package_identification:_identify(src/libcamera/utils/codegen/ipc/tools) by extensions ['ignore', 'ignore_ament_install']
[0.373s] Level 1:colcon.colcon_core.package_identification:_identify(src/libcamera/utils/codegen/ipc/tools) by extension 'ignore'
[0.373s] Level 1:colcon.colcon_core.package_identification:_identify(src/libcamera/utils/codegen/ipc/tools) by extension 'ignore_ament_install'
[0.373s] Level 1:colcon.colcon_core.package_identification:_identify(src/libcamera/utils/codegen/ipc/tools) by extensions ['colcon_pkg']
[0.373s] Level 1:colcon.colcon_core.package_identification:_identify(src/libcamera/utils/codegen/ipc/tools) by extension 'colcon_pkg'
[0.373s] Level 1:colcon.colcon_core.package_identification:_identify(src/libcamera/utils/codegen/ipc/tools) by extensions ['colcon_meta']
[0.373s] Level 1:colcon.colcon_core.package_identification:_identify(src/libcamera/utils/codegen/ipc/tools) by extension 'colcon_meta'
[0.373s] Level 1:colcon.colcon_core.package_identification:_identify(src/libcamera/utils/codegen/ipc/tools) by extensions ['ros']
[0.373s] Level 1:colcon.colcon_core.package_identification:_identify(src/libcamera/utils/codegen/ipc/tools) by extension 'ros'
[0.373s] Level 1:colcon.colcon_core.package_identification:_identify(src/libcamera/utils/codegen/ipc/tools) by extensions ['cmake', 'python']
[0.373s] Level 1:colcon.colcon_core.package_identification:_identify(src/libcamera/utils/codegen/ipc/tools) by extension 'cmake'
[0.373s] Level 1:colcon.colcon_core.package_identification:_identify(src/libcamera/utils/codegen/ipc/tools) by extension 'python'
[0.374s] Level 1:colcon.colcon_core.package_identification:_identify(src/libcamera/utils/codegen/ipc/tools) by extensions ['python_setup_py']
[0.374s] Level 1:colcon.colcon_core.package_identification:_identify(src/libcamera/utils/codegen/ipc/tools) by extension 'python_setup_py'
[0.374s] Level 1:colcon.colcon_core.package_identification:_identify(src/libcamera/utils/codegen/ipc/tools/diagnosis) by extensions ['ignore', 'ignore_ament_install']
[0.374s] Level 1:colcon.colcon_core.package_identification:_identify(src/libcamera/utils/codegen/ipc/tools/diagnosis) by extension 'ignore'
[0.374s] Level 1:colcon.colcon_core.package_identification:_identify(src/libcamera/utils/codegen/ipc/tools/diagnosis) by extension 'ignore_ament_install'
[0.374s] Level 1:colcon.colcon_core.package_identification:_identify(src/libcamera/utils/codegen/ipc/tools/diagnosis) by extensions ['colcon_pkg']
[0.374s] Level 1:colcon.colcon_core.package_identification:_identify(src/libcamera/utils/codegen/ipc/tools/diagnosis) by extension 'colcon_pkg'
[0.374s] Level 1:colcon.colcon_core.package_identification:_identify(src/libcamera/utils/codegen/ipc/tools/diagnosis) by extensions ['colcon_meta']
[0.374s] Level 1:colcon.colcon_core.package_identification:_identify(src/libcamera/utils/codegen/ipc/tools/diagnosis) by extension 'colcon_meta'
[0.374s] Level 1:colcon.colcon_core.package_identification:_identify(src/libcamera/utils/codegen/ipc/tools/diagnosis) by extensions ['ros']
[0.374s] Level 1:colcon.colcon_core.package_identification:_identify(src/libcamera/utils/codegen/ipc/tools/diagnosis) by extension 'ros'
[0.374s] Level 1:colcon.colcon_core.package_identification:_identify(src/libcamera/utils/codegen/ipc/tools/diagnosis) by extensions ['cmake', 'python']
[0.374s] Level 1:colcon.colcon_core.package_identification:_identify(src/libcamera/utils/codegen/ipc/tools/diagnosis) by extension 'cmake'
[0.374s] Level 1:colcon.colcon_core.package_identification:_identify(src/libcamera/utils/codegen/ipc/tools/diagnosis) by extension 'python'
[0.374s] Level 1:colcon.colcon_core.package_identification:_identify(src/libcamera/utils/codegen/ipc/tools/diagnosis) by extensions ['python_setup_py']
[0.374s] Level 1:colcon.colcon_core.package_identification:_identify(src/libcamera/utils/codegen/ipc/tools/diagnosis) by extension 'python_setup_py'
[0.374s] Level 1:colcon.colcon_core.package_identification:_identify(src/libcamera/utils/hooks) by extensions ['ignore', 'ignore_ament_install']
[0.374s] Level 1:colcon.colcon_core.package_identification:_identify(src/libcamera/utils/hooks) by extension 'ignore'
[0.374s] Level 1:colcon.colcon_core.package_identification:_identify(src/libcamera/utils/hooks) by extension 'ignore_ament_install'
[0.374s] Level 1:colcon.colcon_core.package_identification:_identify(src/libcamera/utils/hooks) by extensions ['colcon_pkg']
[0.374s] Level 1:colcon.colcon_core.package_identification:_identify(src/libcamera/utils/hooks) by extension 'colcon_pkg'
[0.374s] Level 1:colcon.colcon_core.package_identification:_identify(src/libcamera/utils/hooks) by extensions ['colcon_meta']
[0.374s] Level 1:colcon.colcon_core.package_identification:_identify(src/libcamera/utils/hooks) by extension 'colcon_meta'
[0.374s] Level 1:colcon.colcon_core.package_identification:_identify(src/libcamera/utils/hooks) by extensions ['ros']
[0.374s] Level 1:colcon.colcon_core.package_identification:_identify(src/libcamera/utils/hooks) by extension 'ros'
[0.374s] Level 1:colcon.colcon_core.package_identification:_identify(src/libcamera/utils/hooks) by extensions ['cmake', 'python']
[0.374s] Level 1:colcon.colcon_core.package_identification:_identify(src/libcamera/utils/hooks) by extension 'cmake'
[0.375s] Level 1:colcon.colcon_core.package_identification:_identify(src/libcamera/utils/hooks) by extension 'python'
[0.375s] Level 1:colcon.colcon_core.package_identification:_identify(src/libcamera/utils/hooks) by extensions ['python_setup_py']
[0.375s] Level 1:colcon.colcon_core.package_identification:_identify(src/libcamera/utils/hooks) by extension 'python_setup_py'
[0.375s] Level 1:colcon.colcon_core.package_identification:_identify(src/libcamera/utils/ipu3) by extensions ['ignore', 'ignore_ament_install']
[0.375s] Level 1:colcon.colcon_core.package_identification:_identify(src/libcamera/utils/ipu3) by extension 'ignore'
[0.375s] Level 1:colcon.colcon_core.package_identification:_identify(src/libcamera/utils/ipu3) by extension 'ignore_ament_install'
[0.375s] Level 1:colcon.colcon_core.package_identification:_identify(src/libcamera/utils/ipu3) by extensions ['colcon_pkg']
[0.375s] Level 1:colcon.colcon_core.package_identification:_identify(src/libcamera/utils/ipu3) by extension 'colcon_pkg'
[0.375s] Level 1:colcon.colcon_core.package_identification:_identify(src/libcamera/utils/ipu3) by extensions ['colcon_meta']
[0.375s] Level 1:colcon.colcon_core.package_identification:_identify(src/libcamera/utils/ipu3) by extension 'colcon_meta'
[0.375s] Level 1:colcon.colcon_core.package_identification:_identify(src/libcamera/utils/ipu3) by extensions ['ros']
[0.375s] Level 1:colcon.colcon_core.package_identification:_identify(src/libcamera/utils/ipu3) by extension 'ros'
[0.375s] Level 1:colcon.colcon_core.package_identification:_identify(src/libcamera/utils/ipu3) by extensions ['cmake', 'python']
[0.375s] Level 1:colcon.colcon_core.package_identification:_identify(src/libcamera/utils/ipu3) by extension 'cmake'
[0.375s] Level 1:colcon.colcon_core.package_identification:_identify(src/libcamera/utils/ipu3) by extension 'python'
[0.375s] Level 1:colcon.colcon_core.package_identification:_identify(src/libcamera/utils/ipu3) by extensions ['python_setup_py']
[0.375s] Level 1:colcon.colcon_core.package_identification:_identify(src/libcamera/utils/ipu3) by extension 'python_setup_py'
[0.375s] Level 1:colcon.colcon_core.package_identification:_identify(src/libcamera/utils/raspberrypi) by extensions ['ignore', 'ignore_ament_install']
[0.375s] Level 1:colcon.colcon_core.package_identification:_identify(src/libcamera/utils/raspberrypi) by extension 'ignore'
[0.375s] Level 1:colcon.colcon_core.package_identification:_identify(src/libcamera/utils/raspberrypi) by extension 'ignore_ament_install'
[0.375s] Level 1:colcon.colcon_core.package_identification:_identify(src/libcamera/utils/raspberrypi) by extensions ['colcon_pkg']
[0.375s] Level 1:colcon.colcon_core.package_identification:_identify(src/libcamera/utils/raspberrypi) by extension 'colcon_pkg'
[0.375s] Level 1:colcon.colcon_core.package_identification:_identify(src/libcamera/utils/raspberrypi) by extensions ['colcon_meta']
[0.375s] Level 1:colcon.colcon_core.package_identification:_identify(src/libcamera/utils/raspberrypi) by extension 'colcon_meta'
[0.375s] Level 1:colcon.colcon_core.package_identification:_identify(src/libcamera/utils/raspberrypi) by extensions ['ros']
[0.375s] Level 1:colcon.colcon_core.package_identification:_identify(src/libcamera/utils/raspberrypi) by extension 'ros'
[0.375s] Level 1:colcon.colcon_core.package_identification:_identify(src/libcamera/utils/raspberrypi) by extensions ['cmake', 'python']
[0.375s] Level 1:colcon.colcon_core.package_identification:_identify(src/libcamera/utils/raspberrypi) by extension 'cmake'
[0.376s] Level 1:colcon.colcon_core.package_identification:_identify(src/libcamera/utils/raspberrypi) by extension 'python'
[0.376s] Level 1:colcon.colcon_core.package_identification:_identify(src/libcamera/utils/raspberrypi) by extensions ['python_setup_py']
[0.376s] Level 1:colcon.colcon_core.package_identification:_identify(src/libcamera/utils/raspberrypi) by extension 'python_setup_py'
[0.376s] Level 1:colcon.colcon_core.package_identification:_identify(src/libcamera/utils/raspberrypi/ctt) by extensions ['ignore', 'ignore_ament_install']
[0.376s] Level 1:colcon.colcon_core.package_identification:_identify(src/libcamera/utils/raspberrypi/ctt) by extension 'ignore'
[0.376s] Level 1:colcon.colcon_core.package_identification:_identify(src/libcamera/utils/raspberrypi/ctt) by extension 'ignore_ament_install'
[0.376s] Level 1:colcon.colcon_core.package_identification:_identify(src/libcamera/utils/raspberrypi/ctt) by extensions ['colcon_pkg']
[0.376s] Level 1:colcon.colcon_core.package_identification:_identify(src/libcamera/utils/raspberrypi/ctt) by extension 'colcon_pkg'
[0.376s] Level 1:colcon.colcon_core.package_identification:_identify(src/libcamera/utils/raspberrypi/ctt) by extensions ['colcon_meta']
[0.376s] Level 1:colcon.colcon_core.package_identification:_identify(src/libcamera/utils/raspberrypi/ctt) by extension 'colcon_meta'
[0.376s] Level 1:colcon.colcon_core.package_identification:_identify(src/libcamera/utils/raspberrypi/ctt) by extensions ['ros']
[0.376s] Level 1:colcon.colcon_core.package_identification:_identify(src/libcamera/utils/raspberrypi/ctt) by extension 'ros'
[0.376s] Level 1:colcon.colcon_core.package_identification:_identify(src/libcamera/utils/raspberrypi/ctt) by extensions ['cmake', 'python']
[0.376s] Level 1:colcon.colcon_core.package_identification:_identify(src/libcamera/utils/raspberrypi/ctt) by extension 'cmake'
[0.376s] Level 1:colcon.colcon_core.package_identification:_identify(src/libcamera/utils/raspberrypi/ctt) by extension 'python'
[0.376s] Level 1:colcon.colcon_core.package_identification:_identify(src/libcamera/utils/raspberrypi/ctt) by extensions ['python_setup_py']
[0.376s] Level 1:colcon.colcon_core.package_identification:_identify(src/libcamera/utils/raspberrypi/ctt) by extension 'python_setup_py'
[0.376s] Level 1:colcon.colcon_core.package_identification:_identify(src/libcamera/utils/rkisp1) by extensions ['ignore', 'ignore_ament_install']
[0.376s] Level 1:colcon.colcon_core.package_identification:_identify(src/libcamera/utils/rkisp1) by extension 'ignore'
[0.376s] Level 1:colcon.colcon_core.package_identification:_identify(src/libcamera/utils/rkisp1) by extension 'ignore_ament_install'
[0.376s] Level 1:colcon.colcon_core.package_identification:_identify(src/libcamera/utils/rkisp1) by extensions ['colcon_pkg']
[0.376s] Level 1:colcon.colcon_core.package_identification:_identify(src/libcamera/utils/rkisp1) by extension 'colcon_pkg'
[0.376s] Level 1:colcon.colcon_core.package_identification:_identify(src/libcamera/utils/rkisp1) by extensions ['colcon_meta']
[0.376s] Level 1:colcon.colcon_core.package_identification:_identify(src/libcamera/utils/rkisp1) by extension 'colcon_meta'
[0.376s] Level 1:colcon.colcon_core.package_identification:_identify(src/libcamera/utils/rkisp1) by extensions ['ros']
[0.376s] Level 1:colcon.colcon_core.package_identification:_identify(src/libcamera/utils/rkisp1) by extension 'ros'
[0.377s] Level 1:colcon.colcon_core.package_identification:_identify(src/libcamera/utils/rkisp1) by extensions ['cmake', 'python']
[0.377s] Level 1:colcon.colcon_core.package_identification:_identify(src/libcamera/utils/rkisp1) by extension 'cmake'
[0.377s] Level 1:colcon.colcon_core.package_identification:_identify(src/libcamera/utils/rkisp1) by extension 'python'
[0.377s] Level 1:colcon.colcon_core.package_identification:_identify(src/libcamera/utils/rkisp1) by extensions ['python_setup_py']
[0.377s] Level 1:colcon.colcon_core.package_identification:_identify(src/libcamera/utils/rkisp1) by extension 'python_setup_py'
[0.377s] Level 1:colcon.colcon_core.package_identification:_identify(src/libcamera/utils/tracepoints) by extensions ['ignore', 'ignore_ament_install']
[0.377s] Level 1:colcon.colcon_core.package_identification:_identify(src/libcamera/utils/tracepoints) by extension 'ignore'
[0.377s] Level 1:colcon.colcon_core.package_identification:_identify(src/libcamera/utils/tracepoints) by extension 'ignore_ament_install'
[0.377s] Level 1:colcon.colcon_core.package_identification:_identify(src/libcamera/utils/tracepoints) by extensions ['colcon_pkg']
[0.377s] Level 1:colcon.colcon_core.package_identification:_identify(src/libcamera/utils/tracepoints) by extension 'colcon_pkg'
[0.377s] Level 1:colcon.colcon_core.package_identification:_identify(src/libcamera/utils/tracepoints) by extensions ['colcon_meta']
[0.377s] Level 1:colcon.colcon_core.package_identification:_identify(src/libcamera/utils/tracepoints) by extension 'colcon_meta'
[0.377s] Level 1:colcon.colcon_core.package_identification:_identify(src/libcamera/utils/tracepoints) by extensions ['ros']
[0.377s] Level 1:colcon.colcon_core.package_identification:_identify(src/libcamera/utils/tracepoints) by extension 'ros'
[0.377s] Level 1:colcon.colcon_core.package_identification:_identify(src/libcamera/utils/tracepoints) by extensions ['cmake', 'python']
[0.377s] Level 1:colcon.colcon_core.package_identification:_identify(src/libcamera/utils/tracepoints) by extension 'cmake'
[0.377s] Level 1:colcon.colcon_core.package_identification:_identify(src/libcamera/utils/tracepoints) by extension 'python'
[0.377s] Level 1:colcon.colcon_core.package_identification:_identify(src/libcamera/utils/tracepoints) by extensions ['python_setup_py']
[0.377s] Level 1:colcon.colcon_core.package_identification:_identify(src/libcamera/utils/tracepoints) by extension 'python_setup_py'
[0.377s] Level 1:colcon.colcon_core.package_identification:_identify(src/libcamera/utils/tuning) by extensions ['ignore', 'ignore_ament_install']
[0.377s] Level 1:colcon.colcon_core.package_identification:_identify(src/libcamera/utils/tuning) by extension 'ignore'
[0.377s] Level 1:colcon.colcon_core.package_identification:_identify(src/libcamera/utils/tuning) by extension 'ignore_ament_install'
[0.377s] Level 1:colcon.colcon_core.package_identification:_identify(src/libcamera/utils/tuning) by extensions ['colcon_pkg']
[0.377s] Level 1:colcon.colcon_core.package_identification:_identify(src/libcamera/utils/tuning) by extension 'colcon_pkg'
[0.377s] Level 1:colcon.colcon_core.package_identification:_identify(src/libcamera/utils/tuning) by extensions ['colcon_meta']
[0.377s] Level 1:colcon.colcon_core.package_identification:_identify(src/libcamera/utils/tuning) by extension 'colcon_meta'
[0.377s] Level 1:colcon.colcon_core.package_identification:_identify(src/libcamera/utils/tuning) by extensions ['ros']
[0.377s] Level 1:colcon.colcon_core.package_identification:_identify(src/libcamera/utils/tuning) by extension 'ros'
[0.378s] Level 1:colcon.colcon_core.package_identification:_identify(src/libcamera/utils/tuning) by extensions ['cmake', 'python']
[0.378s] Level 1:colcon.colcon_core.package_identification:_identify(src/libcamera/utils/tuning) by extension 'cmake'
[0.378s] Level 1:colcon.colcon_core.package_identification:_identify(src/libcamera/utils/tuning) by extension 'python'
[0.378s] Level 1:colcon.colcon_core.package_identification:_identify(src/libcamera/utils/tuning) by extensions ['python_setup_py']
[0.378s] Level 1:colcon.colcon_core.package_identification:_identify(src/libcamera/utils/tuning) by extension 'python_setup_py'
[0.378s] Level 1:colcon.colcon_core.package_identification:_identify(src/libcamera/utils/tuning/libtuning) by extensions ['ignore', 'ignore_ament_install']
[0.378s] Level 1:colcon.colcon_core.package_identification:_identify(src/libcamera/utils/tuning/libtuning) by extension 'ignore'
[0.378s] Level 1:colcon.colcon_core.package_identification:_identify(src/libcamera/utils/tuning/libtuning) by extension 'ignore_ament_install'
[0.378s] Level 1:colcon.colcon_core.package_identification:_identify(src/libcamera/utils/tuning/libtuning) by extensions ['colcon_pkg']
[0.378s] Level 1:colcon.colcon_core.package_identification:_identify(src/libcamera/utils/tuning/libtuning) by extension 'colcon_pkg'
[0.378s] Level 1:colcon.colcon_core.package_identification:_identify(src/libcamera/utils/tuning/libtuning) by extensions ['colcon_meta']
[0.378s] Level 1:colcon.colcon_core.package_identification:_identify(src/libcamera/utils/tuning/libtuning) by extension 'colcon_meta'
[0.378s] Level 1:colcon.colcon_core.package_identification:_identify(src/libcamera/utils/tuning/libtuning) by extensions ['ros']
[0.378s] Level 1:colcon.colcon_core.package_identification:_identify(src/libcamera/utils/tuning/libtuning) by extension 'ros'
[0.378s] Level 1:colcon.colcon_core.package_identification:_identify(src/libcamera/utils/tuning/libtuning) by extensions ['cmake', 'python']
[0.378s] Level 1:colcon.colcon_core.package_identification:_identify(src/libcamera/utils/tuning/libtuning) by extension 'cmake'
[0.378s] Level 1:colcon.colcon_core.package_identification:_identify(src/libcamera/utils/tuning/libtuning) by extension 'python'
[0.378s] Level 1:colcon.colcon_core.package_identification:_identify(src/libcamera/utils/tuning/libtuning) by extensions ['python_setup_py']
[0.378s] Level 1:colcon.colcon_core.package_identification:_identify(src/libcamera/utils/tuning/libtuning) by extension 'python_setup_py'
[0.378s] Level 1:colcon.colcon_core.package_identification:_identify(src/libcamera/utils/tuning/libtuning/generators) by extensions ['ignore', 'ignore_ament_install']
[0.378s] Level 1:colcon.colcon_core.package_identification:_identify(src/libcamera/utils/tuning/libtuning/generators) by extension 'ignore'
[0.378s] Level 1:colcon.colcon_core.package_identification:_identify(src/libcamera/utils/tuning/libtuning/generators) by extension 'ignore_ament_install'
[0.378s] Level 1:colcon.colcon_core.package_identification:_identify(src/libcamera/utils/tuning/libtuning/generators) by extensions ['colcon_pkg']
[0.378s] Level 1:colcon.colcon_core.package_identification:_identify(src/libcamera/utils/tuning/libtuning/generators) by extension 'colcon_pkg'
[0.379s] Level 1:colcon.colcon_core.package_identification:_identify(src/libcamera/utils/tuning/libtuning/generators) by extensions ['colcon_meta']
[0.379s] Level 1:colcon.colcon_core.package_identification:_identify(src/libcamera/utils/tuning/libtuning/generators) by extension 'colcon_meta'
[0.379s] Level 1:colcon.colcon_core.package_identification:_identify(src/libcamera/utils/tuning/libtuning/generators) by extensions ['ros']
[0.379s] Level 1:colcon.colcon_core.package_identification:_identify(src/libcamera/utils/tuning/libtuning/generators) by extension 'ros'
[0.379s] Level 1:colcon.colcon_core.package_identification:_identify(src/libcamera/utils/tuning/libtuning/generators) by extensions ['cmake', 'python']
[0.379s] Level 1:colcon.colcon_core.package_identification:_identify(src/libcamera/utils/tuning/libtuning/generators) by extension 'cmake'
[0.379s] Level 1:colcon.colcon_core.package_identification:_identify(src/libcamera/utils/tuning/libtuning/generators) by extension 'python'
[0.379s] Level 1:colcon.colcon_core.package_identification:_identify(src/libcamera/utils/tuning/libtuning/generators) by extensions ['python_setup_py']
[0.379s] Level 1:colcon.colcon_core.package_identification:_identify(src/libcamera/utils/tuning/libtuning/generators) by extension 'python_setup_py'
[0.379s] Level 1:colcon.colcon_core.package_identification:_identify(src/libcamera/utils/tuning/libtuning/modules) by extensions ['ignore', 'ignore_ament_install']
[0.379s] Level 1:colcon.colcon_core.package_identification:_identify(src/libcamera/utils/tuning/libtuning/modules) by extension 'ignore'
[0.379s] Level 1:colcon.colcon_core.package_identification:_identify(src/libcamera/utils/tuning/libtuning/modules) by extension 'ignore_ament_install'
[0.379s] Level 1:colcon.colcon_core.package_identification:_identify(src/libcamera/utils/tuning/libtuning/modules) by extensions ['colcon_pkg']
[0.379s] Level 1:colcon.colcon_core.package_identification:_identify(src/libcamera/utils/tuning/libtuning/modules) by extension 'colcon_pkg'
[0.379s] Level 1:colcon.colcon_core.package_identification:_identify(src/libcamera/utils/tuning/libtuning/modules) by extensions ['colcon_meta']
[0.379s] Level 1:colcon.colcon_core.package_identification:_identify(src/libcamera/utils/tuning/libtuning/modules) by extension 'colcon_meta'
[0.379s] Level 1:colcon.colcon_core.package_identification:_identify(src/libcamera/utils/tuning/libtuning/modules) by extensions ['ros']
[0.379s] Level 1:colcon.colcon_core.package_identification:_identify(src/libcamera/utils/tuning/libtuning/modules) by extension 'ros'
[0.379s] Level 1:colcon.colcon_core.package_identification:_identify(src/libcamera/utils/tuning/libtuning/modules) by extensions ['cmake', 'python']
[0.379s] Level 1:colcon.colcon_core.package_identification:_identify(src/libcamera/utils/tuning/libtuning/modules) by extension 'cmake'
[0.379s] Level 1:colcon.colcon_core.package_identification:_identify(src/libcamera/utils/tuning/libtuning/modules) by extension 'python'
[0.379s] Level 1:colcon.colcon_core.package_identification:_identify(src/libcamera/utils/tuning/libtuning/modules) by extensions ['python_setup_py']
[0.379s] Level 1:colcon.colcon_core.package_identification:_identify(src/libcamera/utils/tuning/libtuning/modules) by extension 'python_setup_py'
[0.379s] Level 1:colcon.colcon_core.package_identification:_identify(src/libcamera/utils/tuning/libtuning/modules/agc) by extensions ['ignore', 'ignore_ament_install']
[0.379s] Level 1:colcon.colcon_core.package_identification:_identify(src/libcamera/utils/tuning/libtuning/modules/agc) by extension 'ignore'
[0.379s] Level 1:colcon.colcon_core.package_identification:_identify(src/libcamera/utils/tuning/libtuning/modules/agc) by extension 'ignore_ament_install'
[0.380s] Level 1:colcon.colcon_core.package_identification:_identify(src/libcamera/utils/tuning/libtuning/modules/agc) by extensions ['colcon_pkg']
[0.380s] Level 1:colcon.colcon_core.package_identification:_identify(src/libcamera/utils/tuning/libtuning/modules/agc) by extension 'colcon_pkg'
[0.380s] Level 1:colcon.colcon_core.package_identification:_identify(src/libcamera/utils/tuning/libtuning/modules/agc) by extensions ['colcon_meta']
[0.380s] Level 1:colcon.colcon_core.package_identification:_identify(src/libcamera/utils/tuning/libtuning/modules/agc) by extension 'colcon_meta'
[0.380s] Level 1:colcon.colcon_core.package_identification:_identify(src/libcamera/utils/tuning/libtuning/modules/agc) by extensions ['ros']
[0.380s] Level 1:colcon.colcon_core.package_identification:_identify(src/libcamera/utils/tuning/libtuning/modules/agc) by extension 'ros'
[0.380s] Level 1:colcon.colcon_core.package_identification:_identify(src/libcamera/utils/tuning/libtuning/modules/agc) by extensions ['cmake', 'python']
[0.380s] Level 1:colcon.colcon_core.package_identification:_identify(src/libcamera/utils/tuning/libtuning/modules/agc) by extension 'cmake'
[0.380s] Level 1:colcon.colcon_core.package_identification:_identify(src/libcamera/utils/tuning/libtuning/modules/agc) by extension 'python'
[0.380s] Level 1:colcon.colcon_core.package_identification:_identify(src/libcamera/utils/tuning/libtuning/modules/agc) by extensions ['python_setup_py']
[0.380s] Level 1:colcon.colcon_core.package_identification:_identify(src/libcamera/utils/tuning/libtuning/modules/agc) by extension 'python_setup_py'
[0.380s] Level 1:colcon.colcon_core.package_identification:_identify(src/libcamera/utils/tuning/libtuning/modules/awb) by extensions ['ignore', 'ignore_ament_install']
[0.380s] Level 1:colcon.colcon_core.package_identification:_identify(src/libcamera/utils/tuning/libtuning/modules/awb) by extension 'ignore'
[0.380s] Level 1:colcon.colcon_core.package_identification:_identify(src/libcamera/utils/tuning/libtuning/modules/awb) by extension 'ignore_ament_install'
[0.380s] Level 1:colcon.colcon_core.package_identification:_identify(src/libcamera/utils/tuning/libtuning/modules/awb) by extensions ['colcon_pkg']
[0.380s] Level 1:colcon.colcon_core.package_identification:_identify(src/libcamera/utils/tuning/libtuning/modules/awb) by extension 'colcon_pkg'
[0.380s] Level 1:colcon.colcon_core.package_identification:_identify(src/libcamera/utils/tuning/libtuning/modules/awb) by extensions ['colcon_meta']
[0.380s] Level 1:colcon.colcon_core.package_identification:_identify(src/libcamera/utils/tuning/libtuning/modules/awb) by extension 'colcon_meta'
[0.380s] Level 1:colcon.colcon_core.package_identification:_identify(src/libcamera/utils/tuning/libtuning/modules/awb) by extensions ['ros']
[0.380s] Level 1:colcon.colcon_core.package_identification:_identify(src/libcamera/utils/tuning/libtuning/modules/awb) by extension 'ros'
[0.380s] Level 1:colcon.colcon_core.package_identification:_identify(src/libcamera/utils/tuning/libtuning/modules/awb) by extensions ['cmake', 'python']
[0.380s] Level 1:colcon.colcon_core.package_identification:_identify(src/libcamera/utils/tuning/libtuning/modules/awb) by extension 'cmake'
[0.380s] Level 1:colcon.colcon_core.package_identification:_identify(src/libcamera/utils/tuning/libtuning/modules/awb) by extension 'python'
[0.380s] Level 1:colcon.colcon_core.package_identification:_identify(src/libcamera/utils/tuning/libtuning/modules/awb) by extensions ['python_setup_py']
[0.380s] Level 1:colcon.colcon_core.package_identification:_identify(src/libcamera/utils/tuning/libtuning/modules/awb) by extension 'python_setup_py'
[0.381s] Level 1:colcon.colcon_core.package_identification:_identify(src/libcamera/utils/tuning/libtuning/modules/ccm) by extensions ['ignore', 'ignore_ament_install']
[0.381s] Level 1:colcon.colcon_core.package_identification:_identify(src/libcamera/utils/tuning/libtuning/modules/ccm) by extension 'ignore'
[0.381s] Level 1:colcon.colcon_core.package_identification:_identify(src/libcamera/utils/tuning/libtuning/modules/ccm) by extension 'ignore_ament_install'
[0.381s] Level 1:colcon.colcon_core.package_identification:_identify(src/libcamera/utils/tuning/libtuning/modules/ccm) by extensions ['colcon_pkg']
[0.381s] Level 1:colcon.colcon_core.package_identification:_identify(src/libcamera/utils/tuning/libtuning/modules/ccm) by extension 'colcon_pkg'
[0.381s] Level 1:colcon.colcon_core.package_identification:_identify(src/libcamera/utils/tuning/libtuning/modules/ccm) by extensions ['colcon_meta']
[0.381s] Level 1:colcon.colcon_core.package_identification:_identify(src/libcamera/utils/tuning/libtuning/modules/ccm) by extension 'colcon_meta'
[0.381s] Level 1:colcon.colcon_core.package_identification:_identify(src/libcamera/utils/tuning/libtuning/modules/ccm) by extensions ['ros']
[0.381s] Level 1:colcon.colcon_core.package_identification:_identify(src/libcamera/utils/tuning/libtuning/modules/ccm) by extension 'ros'
[0.381s] Level 1:colcon.colcon_core.package_identification:_identify(src/libcamera/utils/tuning/libtuning/modules/ccm) by extensions ['cmake', 'python']
[0.381s] Level 1:colcon.colcon_core.package_identification:_identify(src/libcamera/utils/tuning/libtuning/modules/ccm) by extension 'cmake'
[0.381s] Level 1:colcon.colcon_core.package_identification:_identify(src/libcamera/utils/tuning/libtuning/modules/ccm) by extension 'python'
[0.381s] Level 1:colcon.colcon_core.package_identification:_identify(src/libcamera/utils/tuning/libtuning/modules/ccm) by extensions ['python_setup_py']
[0.381s] Level 1:colcon.colcon_core.package_identification:_identify(src/libcamera/utils/tuning/libtuning/modules/ccm) by extension 'python_setup_py'
[0.381s] Level 1:colcon.colcon_core.package_identification:_identify(src/libcamera/utils/tuning/libtuning/modules/lsc) by extensions ['ignore', 'ignore_ament_install']
[0.381s] Level 1:colcon.colcon_core.package_identification:_identify(src/libcamera/utils/tuning/libtuning/modules/lsc) by extension 'ignore'
[0.381s] Level 1:colcon.colcon_core.package_identification:_identify(src/libcamera/utils/tuning/libtuning/modules/lsc) by extension 'ignore_ament_install'
[0.381s] Level 1:colcon.colcon_core.package_identification:_identify(src/libcamera/utils/tuning/libtuning/modules/lsc) by extensions ['colcon_pkg']
[0.381s] Level 1:colcon.colcon_core.package_identification:_identify(src/libcamera/utils/tuning/libtuning/modules/lsc) by extension 'colcon_pkg'
[0.381s] Level 1:colcon.colcon_core.package_identification:_identify(src/libcamera/utils/tuning/libtuning/modules/lsc) by extensions ['colcon_meta']
[0.381s] Level 1:colcon.colcon_core.package_identification:_identify(src/libcamera/utils/tuning/libtuning/modules/lsc) by extension 'colcon_meta'
[0.381s] Level 1:colcon.colcon_core.package_identification:_identify(src/libcamera/utils/tuning/libtuning/modules/lsc) by extensions ['ros']
[0.381s] Level 1:colcon.colcon_core.package_identification:_identify(src/libcamera/utils/tuning/libtuning/modules/lsc) by extension 'ros'
[0.382s] Level 1:colcon.colcon_core.package_identification:_identify(src/libcamera/utils/tuning/libtuning/modules/lsc) by extensions ['cmake', 'python']
[0.382s] Level 1:colcon.colcon_core.package_identification:_identify(src/libcamera/utils/tuning/libtuning/modules/lsc) by extension 'cmake'
[0.382s] Level 1:colcon.colcon_core.package_identification:_identify(src/libcamera/utils/tuning/libtuning/modules/lsc) by extension 'python'
[0.382s] Level 1:colcon.colcon_core.package_identification:_identify(src/libcamera/utils/tuning/libtuning/modules/lsc) by extensions ['python_setup_py']
[0.382s] Level 1:colcon.colcon_core.package_identification:_identify(src/libcamera/utils/tuning/libtuning/modules/lsc) by extension 'python_setup_py'
[0.382s] Level 1:colcon.colcon_core.package_identification:_identify(src/libcamera/utils/tuning/libtuning/modules/lux) by extensions ['ignore', 'ignore_ament_install']
[0.382s] Level 1:colcon.colcon_core.package_identification:_identify(src/libcamera/utils/tuning/libtuning/modules/lux) by extension 'ignore'
[0.382s] Level 1:colcon.colcon_core.package_identification:_identify(src/libcamera/utils/tuning/libtuning/modules/lux) by extension 'ignore_ament_install'
[0.382s] Level 1:colcon.colcon_core.package_identification:_identify(src/libcamera/utils/tuning/libtuning/modules/lux) by extensions ['colcon_pkg']
[0.382s] Level 1:colcon.colcon_core.package_identification:_identify(src/libcamera/utils/tuning/libtuning/modules/lux) by extension 'colcon_pkg'
[0.382s] Level 1:colcon.colcon_core.package_identification:_identify(src/libcamera/utils/tuning/libtuning/modules/lux) by extensions ['colcon_meta']
[0.382s] Level 1:colcon.colcon_core.package_identification:_identify(src/libcamera/utils/tuning/libtuning/modules/lux) by extension 'colcon_meta'
[0.382s] Level 1:colcon.colcon_core.package_identification:_identify(src/libcamera/utils/tuning/libtuning/modules/lux) by extensions ['ros']
[0.382s] Level 1:colcon.colcon_core.package_identification:_identify(src/libcamera/utils/tuning/libtuning/modules/lux) by extension 'ros'
[0.382s] Level 1:colcon.colcon_core.package_identification:_identify(src/libcamera/utils/tuning/libtuning/modules/lux) by extensions ['cmake', 'python']
[0.382s] Level 1:colcon.colcon_core.package_identification:_identify(src/libcamera/utils/tuning/libtuning/modules/lux) by extension 'cmake'
[0.382s] Level 1:colcon.colcon_core.package_identification:_identify(src/libcamera/utils/tuning/libtuning/modules/lux) by extension 'python'
[0.382s] Level 1:colcon.colcon_core.package_identification:_identify(src/libcamera/utils/tuning/libtuning/modules/lux) by extensions ['python_setup_py']
[0.382s] Level 1:colcon.colcon_core.package_identification:_identify(src/libcamera/utils/tuning/libtuning/modules/lux) by extension 'python_setup_py'
[0.382s] Level 1:colcon.colcon_core.package_identification:_identify(src/libcamera/utils/tuning/libtuning/parsers) by extensions ['ignore', 'ignore_ament_install']
[0.382s] Level 1:colcon.colcon_core.package_identification:_identify(src/libcamera/utils/tuning/libtuning/parsers) by extension 'ignore'
[0.382s] Level 1:colcon.colcon_core.package_identification:_identify(src/libcamera/utils/tuning/libtuning/parsers) by extension 'ignore_ament_install'
[0.383s] Level 1:colcon.colcon_core.package_identification:_identify(src/libcamera/utils/tuning/libtuning/parsers) by extensions ['colcon_pkg']
[0.383s] Level 1:colcon.colcon_core.package_identification:_identify(src/libcamera/utils/tuning/libtuning/parsers) by extension 'colcon_pkg'
[0.383s] Level 1:colcon.colcon_core.package_identification:_identify(src/libcamera/utils/tuning/libtuning/parsers) by extensions ['colcon_meta']
[0.383s] Level 1:colcon.colcon_core.package_identification:_identify(src/libcamera/utils/tuning/libtuning/parsers) by extension 'colcon_meta'
[0.383s] Level 1:colcon.colcon_core.package_identification:_identify(src/libcamera/utils/tuning/libtuning/parsers) by extensions ['ros']
[0.383s] Level 1:colcon.colcon_core.package_identification:_identify(src/libcamera/utils/tuning/libtuning/parsers) by extension 'ros'
[0.383s] Level 1:colcon.colcon_core.package_identification:_identify(src/libcamera/utils/tuning/libtuning/parsers) by extensions ['cmake', 'python']
[0.383s] Level 1:colcon.colcon_core.package_identification:_identify(src/libcamera/utils/tuning/libtuning/parsers) by extension 'cmake'
[0.383s] Level 1:colcon.colcon_core.package_identification:_identify(src/libcamera/utils/tuning/libtuning/parsers) by extension 'python'
[0.383s] Level 1:colcon.colcon_core.package_identification:_identify(src/libcamera/utils/tuning/libtuning/parsers) by extensions ['python_setup_py']
[0.383s] Level 1:colcon.colcon_core.package_identification:_identify(src/libcamera/utils/tuning/libtuning/parsers) by extension 'python_setup_py'
[0.383s] Level 1:colcon.colcon_core.package_identification:_identify(src/libcamera/utils/tuning/raspberrypi) by extensions ['ignore', 'ignore_ament_install']
[0.383s] Level 1:colcon.colcon_core.package_identification:_identify(src/libcamera/utils/tuning/raspberrypi) by extension 'ignore'
[0.383s] Level 1:colcon.colcon_core.package_identification:_identify(src/libcamera/utils/tuning/raspberrypi) by extension 'ignore_ament_install'
[0.383s] Level 1:colcon.colcon_core.package_identification:_identify(src/libcamera/utils/tuning/raspberrypi) by extensions ['colcon_pkg']
[0.383s] Level 1:colcon.colcon_core.package_identification:_identify(src/libcamera/utils/tuning/raspberrypi) by extension 'colcon_pkg'
[0.384s] Level 1:colcon.colcon_core.package_identification:_identify(src/libcamera/utils/tuning/raspberrypi) by extensions ['colcon_meta']
[0.384s] Level 1:colcon.colcon_core.package_identification:_identify(src/libcamera/utils/tuning/raspberrypi) by extension 'colcon_meta'
[0.384s] Level 1:colcon.colcon_core.package_identification:_identify(src/libcamera/utils/tuning/raspberrypi) by extensions ['ros']
[0.384s] Level 1:colcon.colcon_core.package_identification:_identify(src/libcamera/utils/tuning/raspberrypi) by extension 'ros'
[0.384s] Level 1:colcon.colcon_core.package_identification:_identify(src/libcamera/utils/tuning/raspberrypi) by extensions ['cmake', 'python']
[0.384s] Level 1:colcon.colcon_core.package_identification:_identify(src/libcamera/utils/tuning/raspberrypi) by extension 'cmake'
[0.384s] Level 1:colcon.colcon_core.package_identification:_identify(src/libcamera/utils/tuning/raspberrypi) by extension 'python'
[0.384s] Level 1:colcon.colcon_core.package_identification:_identify(src/libcamera/utils/tuning/raspberrypi) by extensions ['python_setup_py']
[0.384s] Level 1:colcon.colcon_core.package_identification:_identify(src/libcamera/utils/tuning/raspberrypi) by extension 'python_setup_py'
[0.384s] Level 1:colcon.colcon_core.package_identification:_identify(src/navigation2) by extensions ['ignore', 'ignore_ament_install']
[0.384s] Level 1:colcon.colcon_core.package_identification:_identify(src/navigation2) by extension 'ignore'
[0.384s] Level 1:colcon.colcon_core.package_identification:_identify(src/navigation2) by extension 'ignore_ament_install'
[0.384s] Level 1:colcon.colcon_core.package_identification:_identify(src/navigation2) by extensions ['colcon_pkg']
[0.384s] Level 1:colcon.colcon_core.package_identification:_identify(src/navigation2) by extension 'colcon_pkg'
[0.384s] Level 1:colcon.colcon_core.package_identification:_identify(src/navigation2) by extensions ['colcon_meta']
[0.384s] Level 1:colcon.colcon_core.package_identification:_identify(src/navigation2) by extension 'colcon_meta'
[0.384s] Level 1:colcon.colcon_core.package_identification:_identify(src/navigation2) by extensions ['ros']
[0.384s] Level 1:colcon.colcon_core.package_identification:_identify(src/navigation2) by extension 'ros'
[0.385s] Level 1:colcon.colcon_core.package_identification:_identify(src/navigation2) by extensions ['cmake', 'python']
[0.385s] Level 1:colcon.colcon_core.package_identification:_identify(src/navigation2) by extension 'cmake'
[0.385s] Level 1:colcon.colcon_core.package_identification:_identify(src/navigation2) by extension 'python'
[0.385s] Level 1:colcon.colcon_core.package_identification:_identify(src/navigation2) by extensions ['python_setup_py']
[0.385s] Level 1:colcon.colcon_core.package_identification:_identify(src/navigation2) by extension 'python_setup_py'
[0.385s] Level 1:colcon.colcon_core.package_identification:_identify(src/navigation2/doc) by extensions ['ignore', 'ignore_ament_install']
[0.385s] Level 1:colcon.colcon_core.package_identification:_identify(src/navigation2/doc) by extension 'ignore'
[0.385s] Level 1:colcon.colcon_core.package_identification:_identify(src/navigation2/doc) by extension 'ignore_ament_install'
[0.385s] Level 1:colcon.colcon_core.package_identification:_identify(src/navigation2/doc) by extensions ['colcon_pkg']
[0.385s] Level 1:colcon.colcon_core.package_identification:_identify(src/navigation2/doc) by extension 'colcon_pkg'
[0.385s] Level 1:colcon.colcon_core.package_identification:_identify(src/navigation2/doc) by extensions ['colcon_meta']
[0.385s] Level 1:colcon.colcon_core.package_identification:_identify(src/navigation2/doc) by extension 'colcon_meta'
[0.385s] Level 1:colcon.colcon_core.package_identification:_identify(src/navigation2/doc) by extensions ['ros']
[0.385s] Level 1:colcon.colcon_core.package_identification:_identify(src/navigation2/doc) by extension 'ros'
[0.385s] Level 1:colcon.colcon_core.package_identification:_identify(src/navigation2/doc) by extensions ['cmake', 'python']
[0.385s] Level 1:colcon.colcon_core.package_identification:_identify(src/navigation2/doc) by extension 'cmake'
[0.385s] Level 1:colcon.colcon_core.package_identification:_identify(src/navigation2/doc) by extension 'python'
[0.385s] Level 1:colcon.colcon_core.package_identification:_identify(src/navigation2/doc) by extensions ['python_setup_py']
[0.385s] Level 1:colcon.colcon_core.package_identification:_identify(src/navigation2/doc) by extension 'python_setup_py'
[0.385s] Level 1:colcon.colcon_core.package_identification:_identify(src/navigation2/doc/architecture) by extensions ['ignore', 'ignore_ament_install']
[0.385s] Level 1:colcon.colcon_core.package_identification:_identify(src/navigation2/doc/architecture) by extension 'ignore'
[0.385s] Level 1:colcon.colcon_core.package_identification:_identify(src/navigation2/doc/architecture) by extension 'ignore_ament_install'
[0.385s] Level 1:colcon.colcon_core.package_identification:_identify(src/navigation2/doc/architecture) by extensions ['colcon_pkg']
[0.385s] Level 1:colcon.colcon_core.package_identification:_identify(src/navigation2/doc/architecture) by extension 'colcon_pkg'
[0.386s] Level 1:colcon.colcon_core.package_identification:_identify(src/navigation2/doc/architecture) by extensions ['colcon_meta']
[0.386s] Level 1:colcon.colcon_core.package_identification:_identify(src/navigation2/doc/architecture) by extension 'colcon_meta'
[0.386s] Level 1:colcon.colcon_core.package_identification:_identify(src/navigation2/doc/architecture) by extensions ['ros']
[0.386s] Level 1:colcon.colcon_core.package_identification:_identify(src/navigation2/doc/architecture) by extension 'ros'
[0.386s] Level 1:colcon.colcon_core.package_identification:_identify(src/navigation2/doc/architecture) by extensions ['cmake', 'python']
[0.386s] Level 1:colcon.colcon_core.package_identification:_identify(src/navigation2/doc/architecture) by extension 'cmake'
[0.386s] Level 1:colcon.colcon_core.package_identification:_identify(src/navigation2/doc/architecture) by extension 'python'
[0.386s] Level 1:colcon.colcon_core.package_identification:_identify(src/navigation2/doc/architecture) by extensions ['python_setup_py']
[0.386s] Level 1:colcon.colcon_core.package_identification:_identify(src/navigation2/doc/architecture) by extension 'python_setup_py'
[0.386s] Level 1:colcon.colcon_core.package_identification:_identify(src/navigation2/doc/design) by extensions ['ignore', 'ignore_ament_install']
[0.386s] Level 1:colcon.colcon_core.package_identification:_identify(src/navigation2/doc/design) by extension 'ignore'
[0.386s] Level 1:colcon.colcon_core.package_identification:_identify(src/navigation2/doc/design) by extension 'ignore_ament_install'
[0.386s] Level 1:colcon.colcon_core.package_identification:_identify(src/navigation2/doc/design) by extensions ['colcon_pkg']
[0.386s] Level 1:colcon.colcon_core.package_identification:_identify(src/navigation2/doc/design) by extension 'colcon_pkg'
[0.386s] Level 1:colcon.colcon_core.package_identification:_identify(src/navigation2/doc/design) by extensions ['colcon_meta']
[0.386s] Level 1:colcon.colcon_core.package_identification:_identify(src/navigation2/doc/design) by extension 'colcon_meta'
[0.386s] Level 1:colcon.colcon_core.package_identification:_identify(src/navigation2/doc/design) by extensions ['ros']
[0.386s] Level 1:colcon.colcon_core.package_identification:_identify(src/navigation2/doc/design) by extension 'ros'
[0.386s] Level 1:colcon.colcon_core.package_identification:_identify(src/navigation2/doc/design) by extensions ['cmake', 'python']
[0.386s] Level 1:colcon.colcon_core.package_identification:_identify(src/navigation2/doc/design) by extension 'cmake'
[0.386s] Level 1:colcon.colcon_core.package_identification:_identify(src/navigation2/doc/design) by extension 'python'
[0.386s] Level 1:colcon.colcon_core.package_identification:_identify(src/navigation2/doc/design) by extensions ['python_setup_py']
[0.386s] Level 1:colcon.colcon_core.package_identification:_identify(src/navigation2/doc/design) by extension 'python_setup_py'
[0.386s] Level 1:colcon.colcon_core.package_identification:_identify(src/navigation2/doc/development) by extensions ['ignore', 'ignore_ament_install']
[0.386s] Level 1:colcon.colcon_core.package_identification:_identify(src/navigation2/doc/development) by extension 'ignore'
[0.386s] Level 1:colcon.colcon_core.package_identification:_identify(src/navigation2/doc/development) by extension 'ignore_ament_install'
[0.386s] Level 1:colcon.colcon_core.package_identification:_identify(src/navigation2/doc/development) by extensions ['colcon_pkg']
[0.386s] Level 1:colcon.colcon_core.package_identification:_identify(src/navigation2/doc/development) by extension 'colcon_pkg'
[0.386s] Level 1:colcon.colcon_core.package_identification:_identify(src/navigation2/doc/development) by extensions ['colcon_meta']
[0.387s] Level 1:colcon.colcon_core.package_identification:_identify(src/navigation2/doc/development) by extension 'colcon_meta'
[0.387s] Level 1:colcon.colcon_core.package_identification:_identify(src/navigation2/doc/development) by extensions ['ros']
[0.387s] Level 1:colcon.colcon_core.package_identification:_identify(src/navigation2/doc/development) by extension 'ros'
[0.387s] Level 1:colcon.colcon_core.package_identification:_identify(src/navigation2/doc/development) by extensions ['cmake', 'python']
[0.387s] Level 1:colcon.colcon_core.package_identification:_identify(src/navigation2/doc/development) by extension 'cmake'
[0.387s] Level 1:colcon.colcon_core.package_identification:_identify(src/navigation2/doc/development) by extension 'python'
[0.387s] Level 1:colcon.colcon_core.package_identification:_identify(src/navigation2/doc/development) by extensions ['python_setup_py']
[0.387s] Level 1:colcon.colcon_core.package_identification:_identify(src/navigation2/doc/development) by extension 'python_setup_py'
[0.387s] Level 1:colcon.colcon_core.package_identification:_identify(src/navigation2/doc/process) by extensions ['ignore', 'ignore_ament_install']
[0.387s] Level 1:colcon.colcon_core.package_identification:_identify(src/navigation2/doc/process) by extension 'ignore'
[0.387s] Level 1:colcon.colcon_core.package_identification:_identify(src/navigation2/doc/process) by extension 'ignore_ament_install'
[0.387s] Level 1:colcon.colcon_core.package_identification:_identify(src/navigation2/doc/process) by extensions ['colcon_pkg']
[0.387s] Level 1:colcon.colcon_core.package_identification:_identify(src/navigation2/doc/process) by extension 'colcon_pkg'
[0.387s] Level 1:colcon.colcon_core.package_identification:_identify(src/navigation2/doc/process) by extensions ['colcon_meta']
[0.387s] Level 1:colcon.colcon_core.package_identification:_identify(src/navigation2/doc/process) by extension 'colcon_meta'
[0.387s] Level 1:colcon.colcon_core.package_identification:_identify(src/navigation2/doc/process) by extensions ['ros']
[0.387s] Level 1:colcon.colcon_core.package_identification:_identify(src/navigation2/doc/process) by extension 'ros'
[0.387s] Level 1:colcon.colcon_core.package_identification:_identify(src/navigation2/doc/process) by extensions ['cmake', 'python']
[0.387s] Level 1:colcon.colcon_core.package_identification:_identify(src/navigation2/doc/process) by extension 'cmake'
[0.387s] Level 1:colcon.colcon_core.package_identification:_identify(src/navigation2/doc/process) by extension 'python'
[0.387s] Level 1:colcon.colcon_core.package_identification:_identify(src/navigation2/doc/process) by extensions ['python_setup_py']
[0.387s] Level 1:colcon.colcon_core.package_identification:_identify(src/navigation2/doc/process) by extension 'python_setup_py'
[0.387s] Level 1:colcon.colcon_core.package_identification:_identify(src/navigation2/doc/requirements) by extensions ['ignore', 'ignore_ament_install']
[0.387s] Level 1:colcon.colcon_core.package_identification:_identify(src/navigation2/doc/requirements) by extension 'ignore'
[0.387s] Level 1:colcon.colcon_core.package_identification:_identify(src/navigation2/doc/requirements) by extension 'ignore_ament_install'
[0.387s] Level 1:colcon.colcon_core.package_identification:_identify(src/navigation2/doc/requirements) by extensions ['colcon_pkg']
[0.387s] Level 1:colcon.colcon_core.package_identification:_identify(src/navigation2/doc/requirements) by extension 'colcon_pkg'
[0.387s] Level 1:colcon.colcon_core.package_identification:_identify(src/navigation2/doc/requirements) by extensions ['colcon_meta']
[0.387s] Level 1:colcon.colcon_core.package_identification:_identify(src/navigation2/doc/requirements) by extension 'colcon_meta'
[0.387s] Level 1:colcon.colcon_core.package_identification:_identify(src/navigation2/doc/requirements) by extensions ['ros']
[0.388s] Level 1:colcon.colcon_core.package_identification:_identify(src/navigation2/doc/requirements) by extension 'ros'
[0.388s] Level 1:colcon.colcon_core.package_identification:_identify(src/navigation2/doc/requirements) by extensions ['cmake', 'python']
[0.388s] Level 1:colcon.colcon_core.package_identification:_identify(src/navigation2/doc/requirements) by extension 'cmake'
[0.388s] Level 1:colcon.colcon_core.package_identification:_identify(src/navigation2/doc/requirements) by extension 'python'
[0.388s] Level 1:colcon.colcon_core.package_identification:_identify(src/navigation2/doc/requirements) by extensions ['python_setup_py']
[0.388s] Level 1:colcon.colcon_core.package_identification:_identify(src/navigation2/doc/requirements) by extension 'python_setup_py'
[0.388s] Level 1:colcon.colcon_core.package_identification:_identify(src/navigation2/doc/requirements/images) by extensions ['ignore', 'ignore_ament_install']
[0.388s] Level 1:colcon.colcon_core.package_identification:_identify(src/navigation2/doc/requirements/images) by extension 'ignore'
[0.388s] Level 1:colcon.colcon_core.package_identification:_identify(src/navigation2/doc/requirements/images) by extension 'ignore_ament_install'
[0.388s] Level 1:colcon.colcon_core.package_identification:_identify(src/navigation2/doc/requirements/images) by extensions ['colcon_pkg']
[0.388s] Level 1:colcon.colcon_core.package_identification:_identify(src/navigation2/doc/requirements/images) by extension 'colcon_pkg'
[0.388s] Level 1:colcon.colcon_core.package_identification:_identify(src/navigation2/doc/requirements/images) by extensions ['colcon_meta']
[0.388s] Level 1:colcon.colcon_core.package_identification:_identify(src/navigation2/doc/requirements/images) by extension 'colcon_meta'
[0.388s] Level 1:colcon.colcon_core.package_identification:_identify(src/navigation2/doc/requirements/images) by extensions ['ros']
[0.388s] Level 1:colcon.colcon_core.package_identification:_identify(src/navigation2/doc/requirements/images) by extension 'ros'
[0.388s] Level 1:colcon.colcon_core.package_identification:_identify(src/navigation2/doc/requirements/images) by extensions ['cmake', 'python']
[0.388s] Level 1:colcon.colcon_core.package_identification:_identify(src/navigation2/doc/requirements/images) by extension 'cmake'
[0.388s] Level 1:colcon.colcon_core.package_identification:_identify(src/navigation2/doc/requirements/images) by extension 'python'
[0.388s] Level 1:colcon.colcon_core.package_identification:_identify(src/navigation2/doc/requirements/images) by extensions ['python_setup_py']
[0.388s] Level 1:colcon.colcon_core.package_identification:_identify(src/navigation2/doc/requirements/images) by extension 'python_setup_py'
[0.388s] Level 1:colcon.colcon_core.package_identification:_identify(src/navigation2/doc/use_cases) by extensions ['ignore', 'ignore_ament_install']
[0.388s] Level 1:colcon.colcon_core.package_identification:_identify(src/navigation2/doc/use_cases) by extension 'ignore'
[0.388s] Level 1:colcon.colcon_core.package_identification:_identify(src/navigation2/doc/use_cases) by extension 'ignore_ament_install'
[0.388s] Level 1:colcon.colcon_core.package_identification:_identify(src/navigation2/doc/use_cases) by extensions ['colcon_pkg']
[0.388s] Level 1:colcon.colcon_core.package_identification:_identify(src/navigation2/doc/use_cases) by extension 'colcon_pkg'
[0.388s] Level 1:colcon.colcon_core.package_identification:_identify(src/navigation2/doc/use_cases) by extensions ['colcon_meta']
[0.388s] Level 1:colcon.colcon_core.package_identification:_identify(src/navigation2/doc/use_cases) by extension 'colcon_meta'
[0.389s] Level 1:colcon.colcon_core.package_identification:_identify(src/navigation2/doc/use_cases) by extensions ['ros']
[0.389s] Level 1:colcon.colcon_core.package_identification:_identify(src/navigation2/doc/use_cases) by extension 'ros'
[0.389s] Level 1:colcon.colcon_core.package_identification:_identify(src/navigation2/doc/use_cases) by extensions ['cmake', 'python']
[0.389s] Level 1:colcon.colcon_core.package_identification:_identify(src/navigation2/doc/use_cases) by extension 'cmake'
[0.389s] Level 1:colcon.colcon_core.package_identification:_identify(src/navigation2/doc/use_cases) by extension 'python'
[0.389s] Level 1:colcon.colcon_core.package_identification:_identify(src/navigation2/doc/use_cases) by extensions ['python_setup_py']
[0.389s] Level 1:colcon.colcon_core.package_identification:_identify(src/navigation2/doc/use_cases) by extension 'python_setup_py'
[0.389s] Level 1:colcon.colcon_core.package_identification:_identify(src/navigation2/nav2_amcl) by extensions ['ignore', 'ignore_ament_install']
[0.389s] Level 1:colcon.colcon_core.package_identification:_identify(src/navigation2/nav2_amcl) by extension 'ignore'
[0.389s] Level 1:colcon.colcon_core.package_identification:_identify(src/navigation2/nav2_amcl) by extension 'ignore_ament_install'
[0.389s] Level 1:colcon.colcon_core.package_identification:_identify(src/navigation2/nav2_amcl) by extensions ['colcon_pkg']
[0.389s] Level 1:colcon.colcon_core.package_identification:_identify(src/navigation2/nav2_amcl) by extension 'colcon_pkg'
[0.389s] Level 1:colcon.colcon_core.package_identification:_identify(src/navigation2/nav2_amcl) by extensions ['colcon_meta']
[0.389s] Level 1:colcon.colcon_core.package_identification:_identify(src/navigation2/nav2_amcl) by extension 'colcon_meta'
[0.389s] Level 1:colcon.colcon_core.package_identification:_identify(src/navigation2/nav2_amcl) by extensions ['ros']
[0.389s] Level 1:colcon.colcon_core.package_identification:_identify(src/navigation2/nav2_amcl) by extension 'ros'
[0.390s] DEBUG:colcon.colcon_core.package_identification:Package 'src/navigation2/nav2_amcl' with type 'ros.ament_cmake' and name 'nav2_amcl'
[0.391s] Level 1:colcon.colcon_core.package_identification:_identify(src/navigation2/nav2_behavior_tree) by extensions ['ignore', 'ignore_ament_install']
[0.391s] Level 1:colcon.colcon_core.package_identification:_identify(src/navigation2/nav2_behavior_tree) by extension 'ignore'
[0.391s] Level 1:colcon.colcon_core.package_identification:_identify(src/navigation2/nav2_behavior_tree) by extension 'ignore_ament_install'
[0.391s] Level 1:colcon.colcon_core.package_identification:_identify(src/navigation2/nav2_behavior_tree) by extensions ['colcon_pkg']
[0.391s] Level 1:colcon.colcon_core.package_identification:_identify(src/navigation2/nav2_behavior_tree) by extension 'colcon_pkg'
[0.391s] Level 1:colcon.colcon_core.package_identification:_identify(src/navigation2/nav2_behavior_tree) by extensions ['colcon_meta']
[0.391s] Level 1:colcon.colcon_core.package_identification:_identify(src/navigation2/nav2_behavior_tree) by extension 'colcon_meta'
[0.391s] Level 1:colcon.colcon_core.package_identification:_identify(src/navigation2/nav2_behavior_tree) by extensions ['ros']
[0.391s] Level 1:colcon.colcon_core.package_identification:_identify(src/navigation2/nav2_behavior_tree) by extension 'ros'
[0.392s] DEBUG:colcon.colcon_core.package_identification:Package 'src/navigation2/nav2_behavior_tree' with type 'ros.ament_cmake' and name 'nav2_behavior_tree'
[0.392s] Level 1:colcon.colcon_core.package_identification:_identify(src/navigation2/nav2_behaviors) by extensions ['ignore', 'ignore_ament_install']
[0.392s] Level 1:colcon.colcon_core.package_identification:_identify(src/navigation2/nav2_behaviors) by extension 'ignore'
[0.392s] Level 1:colcon.colcon_core.package_identification:_identify(src/navigation2/nav2_behaviors) by extension 'ignore_ament_install'
[0.392s] Level 1:colcon.colcon_core.package_identification:_identify(src/navigation2/nav2_behaviors) by extensions ['colcon_pkg']
[0.392s] Level 1:colcon.colcon_core.package_identification:_identify(src/navigation2/nav2_behaviors) by extension 'colcon_pkg'
[0.392s] Level 1:colcon.colcon_core.package_identification:_identify(src/navigation2/nav2_behaviors) by extensions ['colcon_meta']
[0.392s] Level 1:colcon.colcon_core.package_identification:_identify(src/navigation2/nav2_behaviors) by extension 'colcon_meta'
[0.392s] Level 1:colcon.colcon_core.package_identification:_identify(src/navigation2/nav2_behaviors) by extensions ['ros']
[0.392s] Level 1:colcon.colcon_core.package_identification:_identify(src/navigation2/nav2_behaviors) by extension 'ros'
[0.393s] DEBUG:colcon.colcon_core.package_identification:Package 'src/navigation2/nav2_behaviors' with type 'ros.ament_cmake' and name 'nav2_behaviors'
[0.393s] Level 1:colcon.colcon_core.package_identification:_identify(src/navigation2/nav2_bringup) by extensions ['ignore', 'ignore_ament_install']
[0.393s] Level 1:colcon.colcon_core.package_identification:_identify(src/navigation2/nav2_bringup) by extension 'ignore'
[0.393s] Level 1:colcon.colcon_core.package_identification:_identify(src/navigation2/nav2_bringup) by extension 'ignore_ament_install'
[0.393s] Level 1:colcon.colcon_core.package_identification:_identify(src/navigation2/nav2_bringup) by extensions ['colcon_pkg']
[0.393s] Level 1:colcon.colcon_core.package_identification:_identify(src/navigation2/nav2_bringup) by extension 'colcon_pkg'
[0.393s] Level 1:colcon.colcon_core.package_identification:_identify(src/navigation2/nav2_bringup) by extensions ['colcon_meta']
[0.393s] Level 1:colcon.colcon_core.package_identification:_identify(src/navigation2/nav2_bringup) by extension 'colcon_meta'
[0.393s] Level 1:colcon.colcon_core.package_identification:_identify(src/navigation2/nav2_bringup) by extensions ['ros']
[0.393s] Level 1:colcon.colcon_core.package_identification:_identify(src/navigation2/nav2_bringup) by extension 'ros'
[0.394s] DEBUG:colcon.colcon_core.package_identification:Package 'src/navigation2/nav2_bringup' with type 'ros.ament_cmake' and name 'nav2_bringup'
[0.394s] Level 1:colcon.colcon_core.package_identification:_identify(src/navigation2/nav2_bt_navigator) by extensions ['ignore', 'ignore_ament_install']
[0.394s] Level 1:colcon.colcon_core.package_identification:_identify(src/navigation2/nav2_bt_navigator) by extension 'ignore'
[0.394s] Level 1:colcon.colcon_core.package_identification:_identify(src/navigation2/nav2_bt_navigator) by extension 'ignore_ament_install'
[0.394s] Level 1:colcon.colcon_core.package_identification:_identify(src/navigation2/nav2_bt_navigator) by extensions ['colcon_pkg']
[0.394s] Level 1:colcon.colcon_core.package_identification:_identify(src/navigation2/nav2_bt_navigator) by extension 'colcon_pkg'
[0.394s] Level 1:colcon.colcon_core.package_identification:_identify(src/navigation2/nav2_bt_navigator) by extensions ['colcon_meta']
[0.394s] Level 1:colcon.colcon_core.package_identification:_identify(src/navigation2/nav2_bt_navigator) by extension 'colcon_meta'
[0.394s] Level 1:colcon.colcon_core.package_identification:_identify(src/navigation2/nav2_bt_navigator) by extensions ['ros']
[0.394s] Level 1:colcon.colcon_core.package_identification:_identify(src/navigation2/nav2_bt_navigator) by extension 'ros'
[0.395s] DEBUG:colcon.colcon_core.package_identification:Package 'src/navigation2/nav2_bt_navigator' with type 'ros.ament_cmake' and name 'nav2_bt_navigator'
[0.395s] Level 1:colcon.colcon_core.package_identification:_identify(src/navigation2/nav2_collision_monitor) by extensions ['ignore', 'ignore_ament_install']
[0.395s] Level 1:colcon.colcon_core.package_identification:_identify(src/navigation2/nav2_collision_monitor) by extension 'ignore'
[0.395s] Level 1:colcon.colcon_core.package_identification:_identify(src/navigation2/nav2_collision_monitor) by extension 'ignore_ament_install'
[0.395s] Level 1:colcon.colcon_core.package_identification:_identify(src/navigation2/nav2_collision_monitor) by extensions ['colcon_pkg']
[0.395s] Level 1:colcon.colcon_core.package_identification:_identify(src/navigation2/nav2_collision_monitor) by extension 'colcon_pkg'
[0.395s] Level 1:colcon.colcon_core.package_identification:_identify(src/navigation2/nav2_collision_monitor) by extensions ['colcon_meta']
[0.395s] Level 1:colcon.colcon_core.package_identification:_identify(src/navigation2/nav2_collision_monitor) by extension 'colcon_meta'
[0.395s] Level 1:colcon.colcon_core.package_identification:_identify(src/navigation2/nav2_collision_monitor) by extensions ['ros']
[0.395s] Level 1:colcon.colcon_core.package_identification:_identify(src/navigation2/nav2_collision_monitor) by extension 'ros'
[0.396s] DEBUG:colcon.colcon_core.package_identification:Package 'src/navigation2/nav2_collision_monitor' with type 'ros.ament_cmake' and name 'nav2_collision_monitor'
[0.396s] Level 1:colcon.colcon_core.package_identification:_identify(src/navigation2/nav2_common) by extensions ['ignore', 'ignore_ament_install']
[0.396s] Level 1:colcon.colcon_core.package_identification:_identify(src/navigation2/nav2_common) by extension 'ignore'
[0.396s] Level 1:colcon.colcon_core.package_identification:_identify(src/navigation2/nav2_common) by extension 'ignore_ament_install'
[0.397s] Level 1:colcon.colcon_core.package_identification:_identify(src/navigation2/nav2_common) by extensions ['colcon_pkg']
[0.397s] Level 1:colcon.colcon_core.package_identification:_identify(src/navigation2/nav2_common) by extension 'colcon_pkg'
[0.397s] Level 1:colcon.colcon_core.package_identification:_identify(src/navigation2/nav2_common) by extensions ['colcon_meta']
[0.397s] Level 1:colcon.colcon_core.package_identification:_identify(src/navigation2/nav2_common) by extension 'colcon_meta'
[0.397s] Level 1:colcon.colcon_core.package_identification:_identify(src/navigation2/nav2_common) by extensions ['ros']
[0.397s] Level 1:colcon.colcon_core.package_identification:_identify(src/navigation2/nav2_common) by extension 'ros'
[0.397s] DEBUG:colcon.colcon_core.package_identification:Package 'src/navigation2/nav2_common' with type 'ros.ament_cmake' and name 'nav2_common'
[0.397s] Level 1:colcon.colcon_core.package_identification:_identify(src/navigation2/nav2_constrained_smoother) by extensions ['ignore', 'ignore_ament_install']
[0.397s] Level 1:colcon.colcon_core.package_identification:_identify(src/navigation2/nav2_constrained_smoother) by extension 'ignore'
[0.397s] Level 1:colcon.colcon_core.package_identification:_identify(src/navigation2/nav2_constrained_smoother) by extension 'ignore_ament_install'
[0.397s] Level 1:colcon.colcon_core.package_identification:_identify(src/navigation2/nav2_constrained_smoother) by extensions ['colcon_pkg']
[0.397s] Level 1:colcon.colcon_core.package_identification:_identify(src/navigation2/nav2_constrained_smoother) by extension 'colcon_pkg'
[0.398s] Level 1:colcon.colcon_core.package_identification:_identify(src/navigation2/nav2_constrained_smoother) by extensions ['colcon_meta']
[0.398s] Level 1:colcon.colcon_core.package_identification:_identify(src/navigation2/nav2_constrained_smoother) by extension 'colcon_meta'
[0.398s] Level 1:colcon.colcon_core.package_identification:_identify(src/navigation2/nav2_constrained_smoother) by extensions ['ros']
[0.398s] Level 1:colcon.colcon_core.package_identification:_identify(src/navigation2/nav2_constrained_smoother) by extension 'ros'
[0.398s] DEBUG:colcon.colcon_core.package_identification:Package 'src/navigation2/nav2_constrained_smoother' with type 'ros.ament_cmake' and name 'nav2_constrained_smoother'
[0.398s] Level 1:colcon.colcon_core.package_identification:_identify(src/navigation2/nav2_controller) by extensions ['ignore', 'ignore_ament_install']
[0.398s] Level 1:colcon.colcon_core.package_identification:_identify(src/navigation2/nav2_controller) by extension 'ignore'
[0.398s] Level 1:colcon.colcon_core.package_identification:_identify(src/navigation2/nav2_controller) by extension 'ignore_ament_install'
[0.399s] Level 1:colcon.colcon_core.package_identification:_identify(src/navigation2/nav2_controller) by extensions ['colcon_pkg']
[0.399s] Level 1:colcon.colcon_core.package_identification:_identify(src/navigation2/nav2_controller) by extension 'colcon_pkg'
[0.399s] Level 1:colcon.colcon_core.package_identification:_identify(src/navigation2/nav2_controller) by extensions ['colcon_meta']
[0.399s] Level 1:colcon.colcon_core.package_identification:_identify(src/navigation2/nav2_controller) by extension 'colcon_meta'
[0.399s] Level 1:colcon.colcon_core.package_identification:_identify(src/navigation2/nav2_controller) by extensions ['ros']
[0.399s] Level 1:colcon.colcon_core.package_identification:_identify(src/navigation2/nav2_controller) by extension 'ros'
[0.400s] DEBUG:colcon.colcon_core.package_identification:Package 'src/navigation2/nav2_controller' with type 'ros.ament_cmake' and name 'nav2_controller'
[0.400s] Level 1:colcon.colcon_core.package_identification:_identify(src/navigation2/nav2_core) by extensions ['ignore', 'ignore_ament_install']
[0.400s] Level 1:colcon.colcon_core.package_identification:_identify(src/navigation2/nav2_core) by extension 'ignore'
[0.400s] Level 1:colcon.colcon_core.package_identification:_identify(src/navigation2/nav2_core) by extension 'ignore_ament_install'
[0.400s] Level 1:colcon.colcon_core.package_identification:_identify(src/navigation2/nav2_core) by extensions ['colcon_pkg']
[0.400s] Level 1:colcon.colcon_core.package_identification:_identify(src/navigation2/nav2_core) by extension 'colcon_pkg'
[0.400s] Level 1:colcon.colcon_core.package_identification:_identify(src/navigation2/nav2_core) by extensions ['colcon_meta']
[0.400s] Level 1:colcon.colcon_core.package_identification:_identify(src/navigation2/nav2_core) by extension 'colcon_meta'
[0.400s] Level 1:colcon.colcon_core.package_identification:_identify(src/navigation2/nav2_core) by extensions ['ros']
[0.400s] Level 1:colcon.colcon_core.package_identification:_identify(src/navigation2/nav2_core) by extension 'ros'
[0.401s] DEBUG:colcon.colcon_core.package_identification:Package 'src/navigation2/nav2_core' with type 'ros.ament_cmake' and name 'nav2_core'
[0.401s] Level 1:colcon.colcon_core.package_identification:_identify(src/navigation2/nav2_costmap_2d) by extensions ['ignore', 'ignore_ament_install']
[0.401s] Level 1:colcon.colcon_core.package_identification:_identify(src/navigation2/nav2_costmap_2d) by extension 'ignore'
[0.401s] Level 1:colcon.colcon_core.package_identification:_identify(src/navigation2/nav2_costmap_2d) by extension 'ignore_ament_install'
[0.401s] Level 1:colcon.colcon_core.package_identification:_identify(src/navigation2/nav2_costmap_2d) by extensions ['colcon_pkg']
[0.401s] Level 1:colcon.colcon_core.package_identification:_identify(src/navigation2/nav2_costmap_2d) by extension 'colcon_pkg'
[0.401s] Level 1:colcon.colcon_core.package_identification:_identify(src/navigation2/nav2_costmap_2d) by extensions ['colcon_meta']
[0.401s] Level 1:colcon.colcon_core.package_identification:_identify(src/navigation2/nav2_costmap_2d) by extension 'colcon_meta'
[0.401s] Level 1:colcon.colcon_core.package_identification:_identify(src/navigation2/nav2_costmap_2d) by extensions ['ros']
[0.401s] Level 1:colcon.colcon_core.package_identification:_identify(src/navigation2/nav2_costmap_2d) by extension 'ros'
[0.403s] DEBUG:colcon.colcon_core.package_identification:Package 'src/navigation2/nav2_costmap_2d' with type 'ros.ament_cmake' and name 'nav2_costmap_2d'
[0.403s] Level 1:colcon.colcon_core.package_identification:_identify(src/navigation2/nav2_docking) by extensions ['ignore', 'ignore_ament_install']
[0.403s] Level 1:colcon.colcon_core.package_identification:_identify(src/navigation2/nav2_docking) by extension 'ignore'
[0.403s] Level 1:colcon.colcon_core.package_identification:_identify(src/navigation2/nav2_docking) by extension 'ignore_ament_install'
[0.403s] Level 1:colcon.colcon_core.package_identification:_identify(src/navigation2/nav2_docking) by extensions ['colcon_pkg']
[0.403s] Level 1:colcon.colcon_core.package_identification:_identify(src/navigation2/nav2_docking) by extension 'colcon_pkg'
[0.403s] Level 1:colcon.colcon_core.package_identification:_identify(src/navigation2/nav2_docking) by extensions ['colcon_meta']
[0.403s] Level 1:colcon.colcon_core.package_identification:_identify(src/navigation2/nav2_docking) by extension 'colcon_meta'
[0.403s] Level 1:colcon.colcon_core.package_identification:_identify(src/navigation2/nav2_docking) by extensions ['ros']
[0.403s] Level 1:colcon.colcon_core.package_identification:_identify(src/navigation2/nav2_docking) by extension 'ros'
[0.403s] Level 1:colcon.colcon_core.package_identification:_identify(src/navigation2/nav2_docking) by extensions ['cmake', 'python']
[0.403s] Level 1:colcon.colcon_core.package_identification:_identify(src/navigation2/nav2_docking) by extension 'cmake'
[0.403s] Level 1:colcon.colcon_core.package_identification:_identify(src/navigation2/nav2_docking) by extension 'python'
[0.403s] Level 1:colcon.colcon_core.package_identification:_identify(src/navigation2/nav2_docking) by extensions ['python_setup_py']
[0.403s] Level 1:colcon.colcon_core.package_identification:_identify(src/navigation2/nav2_docking) by extension 'python_setup_py'
[0.404s] Level 1:colcon.colcon_core.package_identification:_identify(src/navigation2/nav2_docking/docs) by extensions ['ignore', 'ignore_ament_install']
[0.404s] Level 1:colcon.colcon_core.package_identification:_identify(src/navigation2/nav2_docking/docs) by extension 'ignore'
[0.404s] Level 1:colcon.colcon_core.package_identification:_identify(src/navigation2/nav2_docking/docs) by extension 'ignore_ament_install'
[0.404s] Level 1:colcon.colcon_core.package_identification:_identify(src/navigation2/nav2_docking/docs) by extensions ['colcon_pkg']
[0.404s] Level 1:colcon.colcon_core.package_identification:_identify(src/navigation2/nav2_docking/docs) by extension 'colcon_pkg'
[0.404s] Level 1:colcon.colcon_core.package_identification:_identify(src/navigation2/nav2_docking/docs) by extensions ['colcon_meta']
[0.404s] Level 1:colcon.colcon_core.package_identification:_identify(src/navigation2/nav2_docking/docs) by extension 'colcon_meta'
[0.404s] Level 1:colcon.colcon_core.package_identification:_identify(src/navigation2/nav2_docking/docs) by extensions ['ros']
[0.404s] Level 1:colcon.colcon_core.package_identification:_identify(src/navigation2/nav2_docking/docs) by extension 'ros'
[0.404s] Level 1:colcon.colcon_core.package_identification:_identify(src/navigation2/nav2_docking/docs) by extensions ['cmake', 'python']
[0.404s] Level 1:colcon.colcon_core.package_identification:_identify(src/navigation2/nav2_docking/docs) by extension 'cmake'
[0.404s] Level 1:colcon.colcon_core.package_identification:_identify(src/navigation2/nav2_docking/docs) by extension 'python'
[0.404s] Level 1:colcon.colcon_core.package_identification:_identify(src/navigation2/nav2_docking/docs) by extensions ['python_setup_py']
[0.404s] Level 1:colcon.colcon_core.package_identification:_identify(src/navigation2/nav2_docking/docs) by extension 'python_setup_py'
[0.404s] Level 1:colcon.colcon_core.package_identification:_identify(src/navigation2/nav2_docking/opennav_docking) by extensions ['ignore', 'ignore_ament_install']
[0.404s] Level 1:colcon.colcon_core.package_identification:_identify(src/navigation2/nav2_docking/opennav_docking) by extension 'ignore'
[0.404s] Level 1:colcon.colcon_core.package_identification:_identify(src/navigation2/nav2_docking/opennav_docking) by extension 'ignore_ament_install'
[0.404s] Level 1:colcon.colcon_core.package_identification:_identify(src/navigation2/nav2_docking/opennav_docking) by extensions ['colcon_pkg']
[0.404s] Level 1:colcon.colcon_core.package_identification:_identify(src/navigation2/nav2_docking/opennav_docking) by extension 'colcon_pkg'
[0.404s] Level 1:colcon.colcon_core.package_identification:_identify(src/navigation2/nav2_docking/opennav_docking) by extensions ['colcon_meta']
[0.404s] Level 1:colcon.colcon_core.package_identification:_identify(src/navigation2/nav2_docking/opennav_docking) by extension 'colcon_meta'
[0.404s] Level 1:colcon.colcon_core.package_identification:_identify(src/navigation2/nav2_docking/opennav_docking) by extensions ['ros']
[0.404s] Level 1:colcon.colcon_core.package_identification:_identify(src/navigation2/nav2_docking/opennav_docking) by extension 'ros'
[0.405s] DEBUG:colcon.colcon_core.package_identification:Package 'src/navigation2/nav2_docking/opennav_docking' with type 'ros.ament_cmake' and name 'opennav_docking'
[0.405s] Level 1:colcon.colcon_core.package_identification:_identify(src/navigation2/nav2_docking/opennav_docking_bt) by extensions ['ignore', 'ignore_ament_install']
[0.405s] Level 1:colcon.colcon_core.package_identification:_identify(src/navigation2/nav2_docking/opennav_docking_bt) by extension 'ignore'
[0.406s] Level 1:colcon.colcon_core.package_identification:_identify(src/navigation2/nav2_docking/opennav_docking_bt) by extension 'ignore_ament_install'
[0.406s] Level 1:colcon.colcon_core.package_identification:_identify(src/navigation2/nav2_docking/opennav_docking_bt) by extensions ['colcon_pkg']
[0.406s] Level 1:colcon.colcon_core.package_identification:_identify(src/navigation2/nav2_docking/opennav_docking_bt) by extension 'colcon_pkg'
[0.406s] Level 1:colcon.colcon_core.package_identification:_identify(src/navigation2/nav2_docking/opennav_docking_bt) by extensions ['colcon_meta']
[0.406s] Level 1:colcon.colcon_core.package_identification:_identify(src/navigation2/nav2_docking/opennav_docking_bt) by extension 'colcon_meta'
[0.406s] Level 1:colcon.colcon_core.package_identification:_identify(src/navigation2/nav2_docking/opennav_docking_bt) by extensions ['ros']
[0.406s] Level 1:colcon.colcon_core.package_identification:_identify(src/navigation2/nav2_docking/opennav_docking_bt) by extension 'ros'
[0.406s] DEBUG:colcon.colcon_core.package_identification:Package 'src/navigation2/nav2_docking/opennav_docking_bt' with type 'ros.ament_cmake' and name 'opennav_docking_bt'
[0.406s] Level 1:colcon.colcon_core.package_identification:_identify(src/navigation2/nav2_docking/opennav_docking_core) by extensions ['ignore', 'ignore_ament_install']
[0.407s] Level 1:colcon.colcon_core.package_identification:_identify(src/navigation2/nav2_docking/opennav_docking_core) by extension 'ignore'
[0.407s] Level 1:colcon.colcon_core.package_identification:_identify(src/navigation2/nav2_docking/opennav_docking_core) by extension 'ignore_ament_install'
[0.407s] Level 1:colcon.colcon_core.package_identification:_identify(src/navigation2/nav2_docking/opennav_docking_core) by extensions ['colcon_pkg']
[0.407s] Level 1:colcon.colcon_core.package_identification:_identify(src/navigation2/nav2_docking/opennav_docking_core) by extension 'colcon_pkg'
[0.407s] Level 1:colcon.colcon_core.package_identification:_identify(src/navigation2/nav2_docking/opennav_docking_core) by extensions ['colcon_meta']
[0.407s] Level 1:colcon.colcon_core.package_identification:_identify(src/navigation2/nav2_docking/opennav_docking_core) by extension 'colcon_meta'
[0.407s] Level 1:colcon.colcon_core.package_identification:_identify(src/navigation2/nav2_docking/opennav_docking_core) by extensions ['ros']
[0.407s] Level 1:colcon.colcon_core.package_identification:_identify(src/navigation2/nav2_docking/opennav_docking_core) by extension 'ros'
[0.407s] DEBUG:colcon.colcon_core.package_identification:Package 'src/navigation2/nav2_docking/opennav_docking_core' with type 'ros.ament_cmake' and name 'opennav_docking_core'
[0.407s] Level 1:colcon.colcon_core.package_identification:_identify(src/navigation2/nav2_dwb_controller) by extensions ['ignore', 'ignore_ament_install']
[0.407s] Level 1:colcon.colcon_core.package_identification:_identify(src/navigation2/nav2_dwb_controller) by extension 'ignore'
[0.407s] Level 1:colcon.colcon_core.package_identification:_identify(src/navigation2/nav2_dwb_controller) by extension 'ignore_ament_install'
[0.407s] Level 1:colcon.colcon_core.package_identification:_identify(src/navigation2/nav2_dwb_controller) by extensions ['colcon_pkg']
[0.407s] Level 1:colcon.colcon_core.package_identification:_identify(src/navigation2/nav2_dwb_controller) by extension 'colcon_pkg'
[0.408s] Level 1:colcon.colcon_core.package_identification:_identify(src/navigation2/nav2_dwb_controller) by extensions ['colcon_meta']
[0.408s] Level 1:colcon.colcon_core.package_identification:_identify(src/navigation2/nav2_dwb_controller) by extension 'colcon_meta'
[0.408s] Level 1:colcon.colcon_core.package_identification:_identify(src/navigation2/nav2_dwb_controller) by extensions ['ros']
[0.408s] Level 1:colcon.colcon_core.package_identification:_identify(src/navigation2/nav2_dwb_controller) by extension 'ros'
[0.408s] Level 1:colcon.colcon_core.package_identification:_identify(src/navigation2/nav2_dwb_controller) by extensions ['cmake', 'python']
[0.408s] Level 1:colcon.colcon_core.package_identification:_identify(src/navigation2/nav2_dwb_controller) by extension 'cmake'
[0.408s] Level 1:colcon.colcon_core.package_identification:_identify(src/navigation2/nav2_dwb_controller) by extension 'python'
[0.408s] Level 1:colcon.colcon_core.package_identification:_identify(src/navigation2/nav2_dwb_controller) by extensions ['python_setup_py']
[0.408s] Level 1:colcon.colcon_core.package_identification:_identify(src/navigation2/nav2_dwb_controller) by extension 'python_setup_py'
[0.408s] Level 1:colcon.colcon_core.package_identification:_identify(src/navigation2/nav2_dwb_controller/costmap_queue) by extensions ['ignore', 'ignore_ament_install']
[0.408s] Level 1:colcon.colcon_core.package_identification:_identify(src/navigation2/nav2_dwb_controller/costmap_queue) by extension 'ignore'
[0.408s] Level 1:colcon.colcon_core.package_identification:_identify(src/navigation2/nav2_dwb_controller/costmap_queue) by extension 'ignore_ament_install'
[0.408s] Level 1:colcon.colcon_core.package_identification:_identify(src/navigation2/nav2_dwb_controller/costmap_queue) by extensions ['colcon_pkg']
[0.408s] Level 1:colcon.colcon_core.package_identification:_identify(src/navigation2/nav2_dwb_controller/costmap_queue) by extension 'colcon_pkg'
[0.408s] Level 1:colcon.colcon_core.package_identification:_identify(src/navigation2/nav2_dwb_controller/costmap_queue) by extensions ['colcon_meta']
[0.408s] Level 1:colcon.colcon_core.package_identification:_identify(src/navigation2/nav2_dwb_controller/costmap_queue) by extension 'colcon_meta'
[0.408s] Level 1:colcon.colcon_core.package_identification:_identify(src/navigation2/nav2_dwb_controller/costmap_queue) by extensions ['ros']
[0.408s] Level 1:colcon.colcon_core.package_identification:_identify(src/navigation2/nav2_dwb_controller/costmap_queue) by extension 'ros'
[0.408s] DEBUG:colcon.colcon_core.package_identification:Package 'src/navigation2/nav2_dwb_controller/costmap_queue' with type 'ros.ament_cmake' and name 'costmap_queue'
[0.409s] Level 1:colcon.colcon_core.package_identification:_identify(src/navigation2/nav2_dwb_controller/dwb_core) by extensions ['ignore', 'ignore_ament_install']
[0.409s] Level 1:colcon.colcon_core.package_identification:_identify(src/navigation2/nav2_dwb_controller/dwb_core) by extension 'ignore'
[0.409s] Level 1:colcon.colcon_core.package_identification:_identify(src/navigation2/nav2_dwb_controller/dwb_core) by extension 'ignore_ament_install'
[0.409s] Level 1:colcon.colcon_core.package_identification:_identify(src/navigation2/nav2_dwb_controller/dwb_core) by extensions ['colcon_pkg']
[0.409s] Level 1:colcon.colcon_core.package_identification:_identify(src/navigation2/nav2_dwb_controller/dwb_core) by extension 'colcon_pkg'
[0.409s] Level 1:colcon.colcon_core.package_identification:_identify(src/navigation2/nav2_dwb_controller/dwb_core) by extensions ['colcon_meta']
[0.409s] Level 1:colcon.colcon_core.package_identification:_identify(src/navigation2/nav2_dwb_controller/dwb_core) by extension 'colcon_meta'
[0.409s] Level 1:colcon.colcon_core.package_identification:_identify(src/navigation2/nav2_dwb_controller/dwb_core) by extensions ['ros']
[0.409s] Level 1:colcon.colcon_core.package_identification:_identify(src/navigation2/nav2_dwb_controller/dwb_core) by extension 'ros'
[0.410s] DEBUG:colcon.colcon_core.package_identification:Package 'src/navigation2/nav2_dwb_controller/dwb_core' with type 'ros.ament_cmake' and name 'dwb_core'
[0.410s] Level 1:colcon.colcon_core.package_identification:_identify(src/navigation2/nav2_dwb_controller/dwb_critics) by extensions ['ignore', 'ignore_ament_install']
[0.410s] Level 1:colcon.colcon_core.package_identification:_identify(src/navigation2/nav2_dwb_controller/dwb_critics) by extension 'ignore'
[0.410s] Level 1:colcon.colcon_core.package_identification:_identify(src/navigation2/nav2_dwb_controller/dwb_critics) by extension 'ignore_ament_install'
[0.410s] Level 1:colcon.colcon_core.package_identification:_identify(src/navigation2/nav2_dwb_controller/dwb_critics) by extensions ['colcon_pkg']
[0.410s] Level 1:colcon.colcon_core.package_identification:_identify(src/navigation2/nav2_dwb_controller/dwb_critics) by extension 'colcon_pkg'
[0.410s] Level 1:colcon.colcon_core.package_identification:_identify(src/navigation2/nav2_dwb_controller/dwb_critics) by extensions ['colcon_meta']
[0.410s] Level 1:colcon.colcon_core.package_identification:_identify(src/navigation2/nav2_dwb_controller/dwb_critics) by extension 'colcon_meta'
[0.410s] Level 1:colcon.colcon_core.package_identification:_identify(src/navigation2/nav2_dwb_controller/dwb_critics) by extensions ['ros']
[0.410s] Level 1:colcon.colcon_core.package_identification:_identify(src/navigation2/nav2_dwb_controller/dwb_critics) by extension 'ros'
[0.411s] DEBUG:colcon.colcon_core.package_identification:Package 'src/navigation2/nav2_dwb_controller/dwb_critics' with type 'ros.ament_cmake' and name 'dwb_critics'
[0.411s] Level 1:colcon.colcon_core.package_identification:_identify(src/navigation2/nav2_dwb_controller/dwb_msgs) by extensions ['ignore', 'ignore_ament_install']
[0.411s] Level 1:colcon.colcon_core.package_identification:_identify(src/navigation2/nav2_dwb_controller/dwb_msgs) by extension 'ignore'
[0.411s] Level 1:colcon.colcon_core.package_identification:_identify(src/navigation2/nav2_dwb_controller/dwb_msgs) by extension 'ignore_ament_install'
[0.411s] Level 1:colcon.colcon_core.package_identification:_identify(src/navigation2/nav2_dwb_controller/dwb_msgs) by extensions ['colcon_pkg']
[0.411s] Level 1:colcon.colcon_core.package_identification:_identify(src/navigation2/nav2_dwb_controller/dwb_msgs) by extension 'colcon_pkg'
[0.411s] Level 1:colcon.colcon_core.package_identification:_identify(src/navigation2/nav2_dwb_controller/dwb_msgs) by extensions ['colcon_meta']
[0.411s] Level 1:colcon.colcon_core.package_identification:_identify(src/navigation2/nav2_dwb_controller/dwb_msgs) by extension 'colcon_meta'
[0.411s] Level 1:colcon.colcon_core.package_identification:_identify(src/navigation2/nav2_dwb_controller/dwb_msgs) by extensions ['ros']
[0.411s] Level 1:colcon.colcon_core.package_identification:_identify(src/navigation2/nav2_dwb_controller/dwb_msgs) by extension 'ros'
[0.412s] DEBUG:colcon.colcon_core.package_identification:Package 'src/navigation2/nav2_dwb_controller/dwb_msgs' with type 'ros.ament_cmake' and name 'dwb_msgs'
[0.412s] Level 1:colcon.colcon_core.package_identification:_identify(src/navigation2/nav2_dwb_controller/dwb_plugins) by extensions ['ignore', 'ignore_ament_install']
[0.412s] Level 1:colcon.colcon_core.package_identification:_identify(src/navigation2/nav2_dwb_controller/dwb_plugins) by extension 'ignore'
[0.412s] Level 1:colcon.colcon_core.package_identification:_identify(src/navigation2/nav2_dwb_controller/dwb_plugins) by extension 'ignore_ament_install'
[0.412s] Level 1:colcon.colcon_core.package_identification:_identify(src/navigation2/nav2_dwb_controller/dwb_plugins) by extensions ['colcon_pkg']
[0.412s] Level 1:colcon.colcon_core.package_identification:_identify(src/navigation2/nav2_dwb_controller/dwb_plugins) by extension 'colcon_pkg'
[0.412s] Level 1:colcon.colcon_core.package_identification:_identify(src/navigation2/nav2_dwb_controller/dwb_plugins) by extensions ['colcon_meta']
[0.412s] Level 1:colcon.colcon_core.package_identification:_identify(src/navigation2/nav2_dwb_controller/dwb_plugins) by extension 'colcon_meta'
[0.412s] Level 1:colcon.colcon_core.package_identification:_identify(src/navigation2/nav2_dwb_controller/dwb_plugins) by extensions ['ros']
[0.412s] Level 1:colcon.colcon_core.package_identification:_identify(src/navigation2/nav2_dwb_controller/dwb_plugins) by extension 'ros'
[0.413s] DEBUG:colcon.colcon_core.package_identification:Package 'src/navigation2/nav2_dwb_controller/dwb_plugins' with type 'ros.ament_cmake' and name 'dwb_plugins'
[0.413s] Level 1:colcon.colcon_core.package_identification:_identify(src/navigation2/nav2_dwb_controller/images) by extensions ['ignore', 'ignore_ament_install']
[0.413s] Level 1:colcon.colcon_core.package_identification:_identify(src/navigation2/nav2_dwb_controller/images) by extension 'ignore'
[0.413s] Level 1:colcon.colcon_core.package_identification:_identify(src/navigation2/nav2_dwb_controller/images) by extension 'ignore_ament_install'
[0.413s] Level 1:colcon.colcon_core.package_identification:_identify(src/navigation2/nav2_dwb_controller/images) by extensions ['colcon_pkg']
[0.413s] Level 1:colcon.colcon_core.package_identification:_identify(src/navigation2/nav2_dwb_controller/images) by extension 'colcon_pkg'
[0.413s] Level 1:colcon.colcon_core.package_identification:_identify(src/navigation2/nav2_dwb_controller/images) by extensions ['colcon_meta']
[0.413s] Level 1:colcon.colcon_core.package_identification:_identify(src/navigation2/nav2_dwb_controller/images) by extension 'colcon_meta'
[0.413s] Level 1:colcon.colcon_core.package_identification:_identify(src/navigation2/nav2_dwb_controller/images) by extensions ['ros']
[0.413s] Level 1:colcon.colcon_core.package_identification:_identify(src/navigation2/nav2_dwb_controller/images) by extension 'ros'
[0.413s] Level 1:colcon.colcon_core.package_identification:_identify(src/navigation2/nav2_dwb_controller/images) by extensions ['cmake', 'python']
[0.413s] Level 1:colcon.colcon_core.package_identification:_identify(src/navigation2/nav2_dwb_controller/images) by extension 'cmake'
[0.413s] Level 1:colcon.colcon_core.package_identification:_identify(src/navigation2/nav2_dwb_controller/images) by extension 'python'
[0.413s] Level 1:colcon.colcon_core.package_identification:_identify(src/navigation2/nav2_dwb_controller/images) by extensions ['python_setup_py']
[0.413s] Level 1:colcon.colcon_core.package_identification:_identify(src/navigation2/nav2_dwb_controller/images) by extension 'python_setup_py'
[0.414s] Level 1:colcon.colcon_core.package_identification:_identify(src/navigation2/nav2_dwb_controller/nav2_dwb_controller) by extensions ['ignore', 'ignore_ament_install']
[0.414s] Level 1:colcon.colcon_core.package_identification:_identify(src/navigation2/nav2_dwb_controller/nav2_dwb_controller) by extension 'ignore'
[0.414s] Level 1:colcon.colcon_core.package_identification:_identify(src/navigation2/nav2_dwb_controller/nav2_dwb_controller) by extension 'ignore_ament_install'
[0.414s] Level 1:colcon.colcon_core.package_identification:_identify(src/navigation2/nav2_dwb_controller/nav2_dwb_controller) by extensions ['colcon_pkg']
[0.414s] Level 1:colcon.colcon_core.package_identification:_identify(src/navigation2/nav2_dwb_controller/nav2_dwb_controller) by extension 'colcon_pkg'
[0.414s] Level 1:colcon.colcon_core.package_identification:_identify(src/navigation2/nav2_dwb_controller/nav2_dwb_controller) by extensions ['colcon_meta']
[0.414s] Level 1:colcon.colcon_core.package_identification:_identify(src/navigation2/nav2_dwb_controller/nav2_dwb_controller) by extension 'colcon_meta'
[0.414s] Level 1:colcon.colcon_core.package_identification:_identify(src/navigation2/nav2_dwb_controller/nav2_dwb_controller) by extensions ['ros']
[0.414s] Level 1:colcon.colcon_core.package_identification:_identify(src/navigation2/nav2_dwb_controller/nav2_dwb_controller) by extension 'ros'
[0.414s] DEBUG:colcon.colcon_core.package_identification:Package 'src/navigation2/nav2_dwb_controller/nav2_dwb_controller' with type 'ros.ament_cmake' and name 'nav2_dwb_controller'
[0.414s] Level 1:colcon.colcon_core.package_identification:_identify(src/navigation2/nav2_dwb_controller/nav_2d_msgs) by extensions ['ignore', 'ignore_ament_install']
[0.414s] Level 1:colcon.colcon_core.package_identification:_identify(src/navigation2/nav2_dwb_controller/nav_2d_msgs) by extension 'ignore'
[0.415s] Level 1:colcon.colcon_core.package_identification:_identify(src/navigation2/nav2_dwb_controller/nav_2d_msgs) by extension 'ignore_ament_install'
[0.415s] Level 1:colcon.colcon_core.package_identification:_identify(src/navigation2/nav2_dwb_controller/nav_2d_msgs) by extensions ['colcon_pkg']
[0.415s] Level 1:colcon.colcon_core.package_identification:_identify(src/navigation2/nav2_dwb_controller/nav_2d_msgs) by extension 'colcon_pkg'
[0.415s] Level 1:colcon.colcon_core.package_identification:_identify(src/navigation2/nav2_dwb_controller/nav_2d_msgs) by extensions ['colcon_meta']
[0.415s] Level 1:colcon.colcon_core.package_identification:_identify(src/navigation2/nav2_dwb_controller/nav_2d_msgs) by extension 'colcon_meta'
[0.415s] Level 1:colcon.colcon_core.package_identification:_identify(src/navigation2/nav2_dwb_controller/nav_2d_msgs) by extensions ['ros']
[0.415s] Level 1:colcon.colcon_core.package_identification:_identify(src/navigation2/nav2_dwb_controller/nav_2d_msgs) by extension 'ros'
[0.415s] DEBUG:colcon.colcon_core.package_identification:Package 'src/navigation2/nav2_dwb_controller/nav_2d_msgs' with type 'ros.ament_cmake' and name 'nav_2d_msgs'
[0.415s] Level 1:colcon.colcon_core.package_identification:_identify(src/navigation2/nav2_dwb_controller/nav_2d_utils) by extensions ['ignore', 'ignore_ament_install']
[0.415s] Level 1:colcon.colcon_core.package_identification:_identify(src/navigation2/nav2_dwb_controller/nav_2d_utils) by extension 'ignore'
[0.415s] Level 1:colcon.colcon_core.package_identification:_identify(src/navigation2/nav2_dwb_controller/nav_2d_utils) by extension 'ignore_ament_install'
[0.416s] Level 1:colcon.colcon_core.package_identification:_identify(src/navigation2/nav2_dwb_controller/nav_2d_utils) by extensions ['colcon_pkg']
[0.416s] Level 1:colcon.colcon_core.package_identification:_identify(src/navigation2/nav2_dwb_controller/nav_2d_utils) by extension 'colcon_pkg'
[0.416s] Level 1:colcon.colcon_core.package_identification:_identify(src/navigation2/nav2_dwb_controller/nav_2d_utils) by extensions ['colcon_meta']
[0.416s] Level 1:colcon.colcon_core.package_identification:_identify(src/navigation2/nav2_dwb_controller/nav_2d_utils) by extension 'colcon_meta'
[0.416s] Level 1:colcon.colcon_core.package_identification:_identify(src/navigation2/nav2_dwb_controller/nav_2d_utils) by extensions ['ros']
[0.416s] Level 1:colcon.colcon_core.package_identification:_identify(src/navigation2/nav2_dwb_controller/nav_2d_utils) by extension 'ros'
[0.416s] DEBUG:colcon.colcon_core.package_identification:Package 'src/navigation2/nav2_dwb_controller/nav_2d_utils' with type 'ros.ament_cmake' and name 'nav_2d_utils'
[0.416s] Level 1:colcon.colcon_core.package_identification:_identify(src/navigation2/nav2_graceful_controller) by extensions ['ignore', 'ignore_ament_install']
[0.417s] Level 1:colcon.colcon_core.package_identification:_identify(src/navigation2/nav2_graceful_controller) by extension 'ignore'
[0.417s] Level 1:colcon.colcon_core.package_identification:_identify(src/navigation2/nav2_graceful_controller) by extension 'ignore_ament_install'
[0.417s] Level 1:colcon.colcon_core.package_identification:_identify(src/navigation2/nav2_graceful_controller) by extensions ['colcon_pkg']
[0.417s] Level 1:colcon.colcon_core.package_identification:_identify(src/navigation2/nav2_graceful_controller) by extension 'colcon_pkg'
[0.417s] Level 1:colcon.colcon_core.package_identification:_identify(src/navigation2/nav2_graceful_controller) by extensions ['colcon_meta']
[0.417s] Level 1:colcon.colcon_core.package_identification:_identify(src/navigation2/nav2_graceful_controller) by extension 'colcon_meta'
[0.417s] Level 1:colcon.colcon_core.package_identification:_identify(src/navigation2/nav2_graceful_controller) by extensions ['ros']
[0.417s] Level 1:colcon.colcon_core.package_identification:_identify(src/navigation2/nav2_graceful_controller) by extension 'ros'
[0.418s] DEBUG:colcon.colcon_core.package_identification:Package 'src/navigation2/nav2_graceful_controller' with type 'ros.ament_cmake' and name 'nav2_graceful_controller'
[0.418s] Level 1:colcon.colcon_core.package_identification:_identify(src/navigation2/nav2_lifecycle_manager) by extensions ['ignore', 'ignore_ament_install']
[0.418s] Level 1:colcon.colcon_core.package_identification:_identify(src/navigation2/nav2_lifecycle_manager) by extension 'ignore'
[0.418s] Level 1:colcon.colcon_core.package_identification:_identify(src/navigation2/nav2_lifecycle_manager) by extension 'ignore_ament_install'
[0.418s] Level 1:colcon.colcon_core.package_identification:_identify(src/navigation2/nav2_lifecycle_manager) by extensions ['colcon_pkg']
[0.418s] Level 1:colcon.colcon_core.package_identification:_identify(src/navigation2/nav2_lifecycle_manager) by extension 'colcon_pkg'
[0.418s] Level 1:colcon.colcon_core.package_identification:_identify(src/navigation2/nav2_lifecycle_manager) by extensions ['colcon_meta']
[0.418s] Level 1:colcon.colcon_core.package_identification:_identify(src/navigation2/nav2_lifecycle_manager) by extension 'colcon_meta'
[0.418s] Level 1:colcon.colcon_core.package_identification:_identify(src/navigation2/nav2_lifecycle_manager) by extensions ['ros']
[0.418s] Level 1:colcon.colcon_core.package_identification:_identify(src/navigation2/nav2_lifecycle_manager) by extension 'ros'
[0.419s] DEBUG:colcon.colcon_core.package_identification:Package 'src/navigation2/nav2_lifecycle_manager' with type 'ros.ament_cmake' and name 'nav2_lifecycle_manager'
[0.419s] Level 1:colcon.colcon_core.package_identification:_identify(src/navigation2/nav2_loopback_sim) by extensions ['ignore', 'ignore_ament_install']
[0.419s] Level 1:colcon.colcon_core.package_identification:_identify(src/navigation2/nav2_loopback_sim) by extension 'ignore'
[0.419s] Level 1:colcon.colcon_core.package_identification:_identify(src/navigation2/nav2_loopback_sim) by extension 'ignore_ament_install'
[0.419s] Level 1:colcon.colcon_core.package_identification:_identify(src/navigation2/nav2_loopback_sim) by extensions ['colcon_pkg']
[0.419s] Level 1:colcon.colcon_core.package_identification:_identify(src/navigation2/nav2_loopback_sim) by extension 'colcon_pkg'
[0.419s] Level 1:colcon.colcon_core.package_identification:_identify(src/navigation2/nav2_loopback_sim) by extensions ['colcon_meta']
[0.419s] Level 1:colcon.colcon_core.package_identification:_identify(src/navigation2/nav2_loopback_sim) by extension 'colcon_meta'
[0.419s] Level 1:colcon.colcon_core.package_identification:_identify(src/navigation2/nav2_loopback_sim) by extensions ['ros']
[0.419s] Level 1:colcon.colcon_core.package_identification:_identify(src/navigation2/nav2_loopback_sim) by extension 'ros'
[0.420s] DEBUG:colcon.colcon_core.package_identification:Package 'src/navigation2/nav2_loopback_sim' with type 'ros.ament_python' and name 'nav2_loopback_sim'
[0.420s] Level 1:colcon.colcon_core.package_identification:_identify(src/navigation2/nav2_map_server) by extensions ['ignore', 'ignore_ament_install']
[0.420s] Level 1:colcon.colcon_core.package_identification:_identify(src/navigation2/nav2_map_server) by extension 'ignore'
[0.420s] Level 1:colcon.colcon_core.package_identification:_identify(src/navigation2/nav2_map_server) by extension 'ignore_ament_install'
[0.420s] Level 1:colcon.colcon_core.package_identification:_identify(src/navigation2/nav2_map_server) by extensions ['colcon_pkg']
[0.420s] Level 1:colcon.colcon_core.package_identification:_identify(src/navigation2/nav2_map_server) by extension 'colcon_pkg'
[0.420s] Level 1:colcon.colcon_core.package_identification:_identify(src/navigation2/nav2_map_server) by extensions ['colcon_meta']
[0.420s] Level 1:colcon.colcon_core.package_identification:_identify(src/navigation2/nav2_map_server) by extension 'colcon_meta'
[0.420s] Level 1:colcon.colcon_core.package_identification:_identify(src/navigation2/nav2_map_server) by extensions ['ros']
[0.420s] Level 1:colcon.colcon_core.package_identification:_identify(src/navigation2/nav2_map_server) by extension 'ros'
[0.421s] DEBUG:colcon.colcon_core.package_identification:Package 'src/navigation2/nav2_map_server' with type 'ros.ament_cmake' and name 'nav2_map_server'
[0.421s] Level 1:colcon.colcon_core.package_identification:_identify(src/navigation2/nav2_mppi_controller) by extensions ['ignore', 'ignore_ament_install']
[0.421s] Level 1:colcon.colcon_core.package_identification:_identify(src/navigation2/nav2_mppi_controller) by extension 'ignore'
[0.421s] Level 1:colcon.colcon_core.package_identification:_identify(src/navigation2/nav2_mppi_controller) by extension 'ignore_ament_install'
[0.421s] Level 1:colcon.colcon_core.package_identification:_identify(src/navigation2/nav2_mppi_controller) by extensions ['colcon_pkg']
[0.421s] Level 1:colcon.colcon_core.package_identification:_identify(src/navigation2/nav2_mppi_controller) by extension 'colcon_pkg'
[0.421s] Level 1:colcon.colcon_core.package_identification:_identify(src/navigation2/nav2_mppi_controller) by extensions ['colcon_meta']
[0.421s] Level 1:colcon.colcon_core.package_identification:_identify(src/navigation2/nav2_mppi_controller) by extension 'colcon_meta'
[0.421s] Level 1:colcon.colcon_core.package_identification:_identify(src/navigation2/nav2_mppi_controller) by extensions ['ros']
[0.421s] Level 1:colcon.colcon_core.package_identification:_identify(src/navigation2/nav2_mppi_controller) by extension 'ros'
[0.422s] DEBUG:colcon.colcon_core.package_identification:Package 'src/navigation2/nav2_mppi_controller' with type 'ros.ament_cmake' and name 'nav2_mppi_controller'
[0.422s] Level 1:colcon.colcon_core.package_identification:_identify(src/navigation2/nav2_msgs) by extensions ['ignore', 'ignore_ament_install']
[0.423s] Level 1:colcon.colcon_core.package_identification:_identify(src/navigation2/nav2_msgs) by extension 'ignore'
[0.423s] Level 1:colcon.colcon_core.package_identification:_identify(src/navigation2/nav2_msgs) by extension 'ignore_ament_install'
[0.423s] Level 1:colcon.colcon_core.package_identification:_identify(src/navigation2/nav2_msgs) by extensions ['colcon_pkg']
[0.423s] Level 1:colcon.colcon_core.package_identification:_identify(src/navigation2/nav2_msgs) by extension 'colcon_pkg'
[0.423s] Level 1:colcon.colcon_core.package_identification:_identify(src/navigation2/nav2_msgs) by extensions ['colcon_meta']
[0.423s] Level 1:colcon.colcon_core.package_identification:_identify(src/navigation2/nav2_msgs) by extension 'colcon_meta'
[0.423s] Level 1:colcon.colcon_core.package_identification:_identify(src/navigation2/nav2_msgs) by extensions ['ros']
[0.423s] Level 1:colcon.colcon_core.package_identification:_identify(src/navigation2/nav2_msgs) by extension 'ros'
[0.423s] DEBUG:colcon.colcon_core.package_identification:Package 'src/navigation2/nav2_msgs' with type 'ros.ament_cmake' and name 'nav2_msgs'
[0.423s] Level 1:colcon.colcon_core.package_identification:_identify(src/navigation2/nav2_navfn_planner) by extensions ['ignore', 'ignore_ament_install']
[0.423s] Level 1:colcon.colcon_core.package_identification:_identify(src/navigation2/nav2_navfn_planner) by extension 'ignore'
[0.423s] Level 1:colcon.colcon_core.package_identification:_identify(src/navigation2/nav2_navfn_planner) by extension 'ignore_ament_install'
[0.424s] Level 1:colcon.colcon_core.package_identification:_identify(src/navigation2/nav2_navfn_planner) by extensions ['colcon_pkg']
[0.424s] Level 1:colcon.colcon_core.package_identification:_identify(src/navigation2/nav2_navfn_planner) by extension 'colcon_pkg'
[0.424s] Level 1:colcon.colcon_core.package_identification:_identify(src/navigation2/nav2_navfn_planner) by extensions ['colcon_meta']
[0.424s] Level 1:colcon.colcon_core.package_identification:_identify(src/navigation2/nav2_navfn_planner) by extension 'colcon_meta'
[0.424s] Level 1:colcon.colcon_core.package_identification:_identify(src/navigation2/nav2_navfn_planner) by extensions ['ros']
[0.424s] Level 1:colcon.colcon_core.package_identification:_identify(src/navigation2/nav2_navfn_planner) by extension 'ros'
[0.424s] DEBUG:colcon.colcon_core.package_identification:Package 'src/navigation2/nav2_navfn_planner' with type 'ros.ament_cmake' and name 'nav2_navfn_planner'
[0.425s] Level 1:colcon.colcon_core.package_identification:_identify(src/navigation2/nav2_planner) by extensions ['ignore', 'ignore_ament_install']
[0.425s] Level 1:colcon.colcon_core.package_identification:_identify(src/navigation2/nav2_planner) by extension 'ignore'
[0.425s] Level 1:colcon.colcon_core.package_identification:_identify(src/navigation2/nav2_planner) by extension 'ignore_ament_install'
[0.425s] Level 1:colcon.colcon_core.package_identification:_identify(src/navigation2/nav2_planner) by extensions ['colcon_pkg']
[0.425s] Level 1:colcon.colcon_core.package_identification:_identify(src/navigation2/nav2_planner) by extension 'colcon_pkg'
[0.425s] Level 1:colcon.colcon_core.package_identification:_identify(src/navigation2/nav2_planner) by extensions ['colcon_meta']
[0.425s] Level 1:colcon.colcon_core.package_identification:_identify(src/navigation2/nav2_planner) by extension 'colcon_meta'
[0.425s] Level 1:colcon.colcon_core.package_identification:_identify(src/navigation2/nav2_planner) by extensions ['ros']
[0.425s] Level 1:colcon.colcon_core.package_identification:_identify(src/navigation2/nav2_planner) by extension 'ros'
[0.426s] DEBUG:colcon.colcon_core.package_identification:Package 'src/navigation2/nav2_planner' with type 'ros.ament_cmake' and name 'nav2_planner'
[0.426s] Level 1:colcon.colcon_core.package_identification:_identify(src/navigation2/nav2_regulated_pure_pursuit_controller) by extensions ['ignore', 'ignore_ament_install']
[0.426s] Level 1:colcon.colcon_core.package_identification:_identify(src/navigation2/nav2_regulated_pure_pursuit_controller) by extension 'ignore'
[0.426s] Level 1:colcon.colcon_core.package_identification:_identify(src/navigation2/nav2_regulated_pure_pursuit_controller) by extension 'ignore_ament_install'
[0.426s] Level 1:colcon.colcon_core.package_identification:_identify(src/navigation2/nav2_regulated_pure_pursuit_controller) by extensions ['colcon_pkg']
[0.426s] Level 1:colcon.colcon_core.package_identification:_identify(src/navigation2/nav2_regulated_pure_pursuit_controller) by extension 'colcon_pkg'
[0.426s] Level 1:colcon.colcon_core.package_identification:_identify(src/navigation2/nav2_regulated_pure_pursuit_controller) by extensions ['colcon_meta']
[0.426s] Level 1:colcon.colcon_core.package_identification:_identify(src/navigation2/nav2_regulated_pure_pursuit_controller) by extension 'colcon_meta'
[0.426s] Level 1:colcon.colcon_core.package_identification:_identify(src/navigation2/nav2_regulated_pure_pursuit_controller) by extensions ['ros']
[0.426s] Level 1:colcon.colcon_core.package_identification:_identify(src/navigation2/nav2_regulated_pure_pursuit_controller) by extension 'ros'
[0.427s] DEBUG:colcon.colcon_core.package_identification:Package 'src/navigation2/nav2_regulated_pure_pursuit_controller' with type 'ros.ament_cmake' and name 'nav2_regulated_pure_pursuit_controller'
[0.427s] Level 1:colcon.colcon_core.package_identification:_identify(src/navigation2/nav2_rotation_shim_controller) by extensions ['ignore', 'ignore_ament_install']
[0.427s] Level 1:colcon.colcon_core.package_identification:_identify(src/navigation2/nav2_rotation_shim_controller) by extension 'ignore'
[0.427s] Level 1:colcon.colcon_core.package_identification:_identify(src/navigation2/nav2_rotation_shim_controller) by extension 'ignore_ament_install'
[0.427s] Level 1:colcon.colcon_core.package_identification:_identify(src/navigation2/nav2_rotation_shim_controller) by extensions ['colcon_pkg']
[0.427s] Level 1:colcon.colcon_core.package_identification:_identify(src/navigation2/nav2_rotation_shim_controller) by extension 'colcon_pkg'
[0.427s] Level 1:colcon.colcon_core.package_identification:_identify(src/navigation2/nav2_rotation_shim_controller) by extensions ['colcon_meta']
[0.427s] Level 1:colcon.colcon_core.package_identification:_identify(src/navigation2/nav2_rotation_shim_controller) by extension 'colcon_meta'
[0.427s] Level 1:colcon.colcon_core.package_identification:_identify(src/navigation2/nav2_rotation_shim_controller) by extensions ['ros']
[0.427s] Level 1:colcon.colcon_core.package_identification:_identify(src/navigation2/nav2_rotation_shim_controller) by extension 'ros'
[0.428s] DEBUG:colcon.colcon_core.package_identification:Package 'src/navigation2/nav2_rotation_shim_controller' with type 'ros.ament_cmake' and name 'nav2_rotation_shim_controller'
[0.428s] Level 1:colcon.colcon_core.package_identification:_identify(src/navigation2/nav2_route) by extensions ['ignore', 'ignore_ament_install']
[0.428s] Level 1:colcon.colcon_core.package_identification:_identify(src/navigation2/nav2_route) by extension 'ignore'
[0.428s] Level 1:colcon.colcon_core.package_identification:_identify(src/navigation2/nav2_route) by extension 'ignore_ament_install'
[0.428s] Level 1:colcon.colcon_core.package_identification:_identify(src/navigation2/nav2_route) by extensions ['colcon_pkg']
[0.428s] Level 1:colcon.colcon_core.package_identification:_identify(src/navigation2/nav2_route) by extension 'colcon_pkg'
[0.428s] Level 1:colcon.colcon_core.package_identification:_identify(src/navigation2/nav2_route) by extensions ['colcon_meta']
[0.428s] Level 1:colcon.colcon_core.package_identification:_identify(src/navigation2/nav2_route) by extension 'colcon_meta'
[0.428s] Level 1:colcon.colcon_core.package_identification:_identify(src/navigation2/nav2_route) by extensions ['ros']
[0.428s] Level 1:colcon.colcon_core.package_identification:_identify(src/navigation2/nav2_route) by extension 'ros'
[0.430s] DEBUG:colcon.colcon_core.package_identification:Package 'src/navigation2/nav2_route' with type 'ros.ament_cmake' and name 'nav2_route'
[0.430s] Level 1:colcon.colcon_core.package_identification:_identify(src/navigation2/nav2_rviz_plugins) by extensions ['ignore', 'ignore_ament_install']
[0.430s] Level 1:colcon.colcon_core.package_identification:_identify(src/navigation2/nav2_rviz_plugins) by extension 'ignore'
[0.430s] Level 1:colcon.colcon_core.package_identification:_identify(src/navigation2/nav2_rviz_plugins) by extension 'ignore_ament_install'
[0.430s] Level 1:colcon.colcon_core.package_identification:_identify(src/navigation2/nav2_rviz_plugins) by extensions ['colcon_pkg']
[0.430s] Level 1:colcon.colcon_core.package_identification:_identify(src/navigation2/nav2_rviz_plugins) by extension 'colcon_pkg'
[0.430s] Level 1:colcon.colcon_core.package_identification:_identify(src/navigation2/nav2_rviz_plugins) by extensions ['colcon_meta']
[0.430s] Level 1:colcon.colcon_core.package_identification:_identify(src/navigation2/nav2_rviz_plugins) by extension 'colcon_meta'
[0.430s] Level 1:colcon.colcon_core.package_identification:_identify(src/navigation2/nav2_rviz_plugins) by extensions ['ros']
[0.430s] Level 1:colcon.colcon_core.package_identification:_identify(src/navigation2/nav2_rviz_plugins) by extension 'ros'
[0.431s] DEBUG:colcon.colcon_core.package_identification:Package 'src/navigation2/nav2_rviz_plugins' with type 'ros.ament_cmake' and name 'nav2_rviz_plugins'
[0.431s] Level 1:colcon.colcon_core.package_identification:_identify(src/navigation2/nav2_simple_commander) by extensions ['ignore', 'ignore_ament_install']
[0.431s] Level 1:colcon.colcon_core.package_identification:_identify(src/navigation2/nav2_simple_commander) by extension 'ignore'
[0.431s] Level 1:colcon.colcon_core.package_identification:_identify(src/navigation2/nav2_simple_commander) by extension 'ignore_ament_install'
[0.431s] Level 1:colcon.colcon_core.package_identification:_identify(src/navigation2/nav2_simple_commander) by extensions ['colcon_pkg']
[0.431s] Level 1:colcon.colcon_core.package_identification:_identify(src/navigation2/nav2_simple_commander) by extension 'colcon_pkg'
[0.432s] Level 1:colcon.colcon_core.package_identification:_identify(src/navigation2/nav2_simple_commander) by extensions ['colcon_meta']
[0.432s] Level 1:colcon.colcon_core.package_identification:_identify(src/navigation2/nav2_simple_commander) by extension 'colcon_meta'
[0.432s] Level 1:colcon.colcon_core.package_identification:_identify(src/navigation2/nav2_simple_commander) by extensions ['ros']
[0.432s] Level 1:colcon.colcon_core.package_identification:_identify(src/navigation2/nav2_simple_commander) by extension 'ros'
[0.432s] DEBUG:colcon.colcon_core.package_identification:Package 'src/navigation2/nav2_simple_commander' with type 'ros.ament_python' and name 'nav2_simple_commander'
[0.432s] Level 1:colcon.colcon_core.package_identification:_identify(src/navigation2/nav2_smac_planner) by extensions ['ignore', 'ignore_ament_install']
[0.432s] Level 1:colcon.colcon_core.package_identification:_identify(src/navigation2/nav2_smac_planner) by extension 'ignore'
[0.432s] Level 1:colcon.colcon_core.package_identification:_identify(src/navigation2/nav2_smac_planner) by extension 'ignore_ament_install'
[0.432s] Level 1:colcon.colcon_core.package_identification:_identify(src/navigation2/nav2_smac_planner) by extensions ['colcon_pkg']
[0.432s] Level 1:colcon.colcon_core.package_identification:_identify(src/navigation2/nav2_smac_planner) by extension 'colcon_pkg'
[0.432s] Level 1:colcon.colcon_core.package_identification:_identify(src/navigation2/nav2_smac_planner) by extensions ['colcon_meta']
[0.432s] Level 1:colcon.colcon_core.package_identification:_identify(src/navigation2/nav2_smac_planner) by extension 'colcon_meta'
[0.432s] Level 1:colcon.colcon_core.package_identification:_identify(src/navigation2/nav2_smac_planner) by extensions ['ros']
[0.432s] Level 1:colcon.colcon_core.package_identification:_identify(src/navigation2/nav2_smac_planner) by extension 'ros'
[0.434s] DEBUG:colcon.colcon_core.package_identification:Package 'src/navigation2/nav2_smac_planner' with type 'ros.ament_cmake' and name 'nav2_smac_planner'
[0.434s] Level 1:colcon.colcon_core.package_identification:_identify(src/navigation2/nav2_smoother) by extensions ['ignore', 'ignore_ament_install']
[0.434s] Level 1:colcon.colcon_core.package_identification:_identify(src/navigation2/nav2_smoother) by extension 'ignore'
[0.434s] Level 1:colcon.colcon_core.package_identification:_identify(src/navigation2/nav2_smoother) by extension 'ignore_ament_install'
[0.434s] Level 1:colcon.colcon_core.package_identification:_identify(src/navigation2/nav2_smoother) by extensions ['colcon_pkg']
[0.434s] Level 1:colcon.colcon_core.package_identification:_identify(src/navigation2/nav2_smoother) by extension 'colcon_pkg'
[0.434s] Level 1:colcon.colcon_core.package_identification:_identify(src/navigation2/nav2_smoother) by extensions ['colcon_meta']
[0.434s] Level 1:colcon.colcon_core.package_identification:_identify(src/navigation2/nav2_smoother) by extension 'colcon_meta'
[0.434s] Level 1:colcon.colcon_core.package_identification:_identify(src/navigation2/nav2_smoother) by extensions ['ros']
[0.434s] Level 1:colcon.colcon_core.package_identification:_identify(src/navigation2/nav2_smoother) by extension 'ros'
[0.435s] DEBUG:colcon.colcon_core.package_identification:Package 'src/navigation2/nav2_smoother' with type 'ros.ament_cmake' and name 'nav2_smoother'
[0.436s] Level 1:colcon.colcon_core.package_identification:_identify(src/navigation2/nav2_system_tests) by extensions ['ignore', 'ignore_ament_install']
[0.436s] Level 1:colcon.colcon_core.package_identification:_identify(src/navigation2/nav2_system_tests) by extension 'ignore'
[0.436s] Level 1:colcon.colcon_core.package_identification:_identify(src/navigation2/nav2_system_tests) by extension 'ignore_ament_install'
[0.436s] Level 1:colcon.colcon_core.package_identification:_identify(src/navigation2/nav2_system_tests) by extensions ['colcon_pkg']
[0.436s] Level 1:colcon.colcon_core.package_identification:_identify(src/navigation2/nav2_system_tests) by extension 'colcon_pkg'
[0.436s] Level 1:colcon.colcon_core.package_identification:_identify(src/navigation2/nav2_system_tests) by extensions ['colcon_meta']
[0.436s] Level 1:colcon.colcon_core.package_identification:_identify(src/navigation2/nav2_system_tests) by extension 'colcon_meta'
[0.436s] Level 1:colcon.colcon_core.package_identification:_identify(src/navigation2/nav2_system_tests) by extensions ['ros']
[0.436s] Level 1:colcon.colcon_core.package_identification:_identify(src/navigation2/nav2_system_tests) by extension 'ros'
[0.437s] DEBUG:colcon.colcon_core.package_identification:Package 'src/navigation2/nav2_system_tests' with type 'ros.ament_cmake' and name 'nav2_system_tests'
[0.437s] Level 1:colcon.colcon_core.package_identification:_identify(src/navigation2/nav2_theta_star_planner) by extensions ['ignore', 'ignore_ament_install']
[0.437s] Level 1:colcon.colcon_core.package_identification:_identify(src/navigation2/nav2_theta_star_planner) by extension 'ignore'
[0.437s] Level 1:colcon.colcon_core.package_identification:_identify(src/navigation2/nav2_theta_star_planner) by extension 'ignore_ament_install'
[0.437s] Level 1:colcon.colcon_core.package_identification:_identify(src/navigation2/nav2_theta_star_planner) by extensions ['colcon_pkg']
[0.437s] Level 1:colcon.colcon_core.package_identification:_identify(src/navigation2/nav2_theta_star_planner) by extension 'colcon_pkg'
[0.437s] Level 1:colcon.colcon_core.package_identification:_identify(src/navigation2/nav2_theta_star_planner) by extensions ['colcon_meta']
[0.437s] Level 1:colcon.colcon_core.package_identification:_identify(src/navigation2/nav2_theta_star_planner) by extension 'colcon_meta'
[0.437s] Level 1:colcon.colcon_core.package_identification:_identify(src/navigation2/nav2_theta_star_planner) by extensions ['ros']
[0.437s] Level 1:colcon.colcon_core.package_identification:_identify(src/navigation2/nav2_theta_star_planner) by extension 'ros'
[0.438s] DEBUG:colcon.colcon_core.package_identification:Package 'src/navigation2/nav2_theta_star_planner' with type 'ros.ament_cmake' and name 'nav2_theta_star_planner'
[0.438s] Level 1:colcon.colcon_core.package_identification:_identify(src/navigation2/nav2_util) by extensions ['ignore', 'ignore_ament_install']
[0.438s] Level 1:colcon.colcon_core.package_identification:_identify(src/navigation2/nav2_util) by extension 'ignore'
[0.438s] Level 1:colcon.colcon_core.package_identification:_identify(src/navigation2/nav2_util) by extension 'ignore_ament_install'
[0.438s] Level 1:colcon.colcon_core.package_identification:_identify(src/navigation2/nav2_util) by extensions ['colcon_pkg']
[0.438s] Level 1:colcon.colcon_core.package_identification:_identify(src/navigation2/nav2_util) by extension 'colcon_pkg'
[0.438s] Level 1:colcon.colcon_core.package_identification:_identify(src/navigation2/nav2_util) by extensions ['colcon_meta']
[0.438s] Level 1:colcon.colcon_core.package_identification:_identify(src/navigation2/nav2_util) by extension 'colcon_meta'
[0.438s] Level 1:colcon.colcon_core.package_identification:_identify(src/navigation2/nav2_util) by extensions ['ros']
[0.438s] Level 1:colcon.colcon_core.package_identification:_identify(src/navigation2/nav2_util) by extension 'ros'
[0.440s] DEBUG:colcon.colcon_core.package_identification:Package 'src/navigation2/nav2_util' with type 'ros.ament_cmake' and name 'nav2_util'
[0.440s] Level 1:colcon.colcon_core.package_identification:_identify(src/navigation2/nav2_velocity_smoother) by extensions ['ignore', 'ignore_ament_install']
[0.440s] Level 1:colcon.colcon_core.package_identification:_identify(src/navigation2/nav2_velocity_smoother) by extension 'ignore'
[0.440s] Level 1:colcon.colcon_core.package_identification:_identify(src/navigation2/nav2_velocity_smoother) by extension 'ignore_ament_install'
[0.440s] Level 1:colcon.colcon_core.package_identification:_identify(src/navigation2/nav2_velocity_smoother) by extensions ['colcon_pkg']
[0.440s] Level 1:colcon.colcon_core.package_identification:_identify(src/navigation2/nav2_velocity_smoother) by extension 'colcon_pkg'
[0.440s] Level 1:colcon.colcon_core.package_identification:_identify(src/navigation2/nav2_velocity_smoother) by extensions ['colcon_meta']
[0.440s] Level 1:colcon.colcon_core.package_identification:_identify(src/navigation2/nav2_velocity_smoother) by extension 'colcon_meta'
[0.440s] Level 1:colcon.colcon_core.package_identification:_identify(src/navigation2/nav2_velocity_smoother) by extensions ['ros']
[0.440s] Level 1:colcon.colcon_core.package_identification:_identify(src/navigation2/nav2_velocity_smoother) by extension 'ros'
[0.441s] DEBUG:colcon.colcon_core.package_identification:Package 'src/navigation2/nav2_velocity_smoother' with type 'ros.ament_cmake' and name 'nav2_velocity_smoother'
[0.441s] Level 1:colcon.colcon_core.package_identification:_identify(src/navigation2/nav2_voxel_grid) by extensions ['ignore', 'ignore_ament_install']
[0.441s] Level 1:colcon.colcon_core.package_identification:_identify(src/navigation2/nav2_voxel_grid) by extension 'ignore'
[0.441s] Level 1:colcon.colcon_core.package_identification:_identify(src/navigation2/nav2_voxel_grid) by extension 'ignore_ament_install'
[0.441s] Level 1:colcon.colcon_core.package_identification:_identify(src/navigation2/nav2_voxel_grid) by extensions ['colcon_pkg']
[0.441s] Level 1:colcon.colcon_core.package_identification:_identify(src/navigation2/nav2_voxel_grid) by extension 'colcon_pkg'
[0.441s] Level 1:colcon.colcon_core.package_identification:_identify(src/navigation2/nav2_voxel_grid) by extensions ['colcon_meta']
[0.441s] Level 1:colcon.colcon_core.package_identification:_identify(src/navigation2/nav2_voxel_grid) by extension 'colcon_meta'
[0.441s] Level 1:colcon.colcon_core.package_identification:_identify(src/navigation2/nav2_voxel_grid) by extensions ['ros']
[0.441s] Level 1:colcon.colcon_core.package_identification:_identify(src/navigation2/nav2_voxel_grid) by extension 'ros'
[0.441s] DEBUG:colcon.colcon_core.package_identification:Package 'src/navigation2/nav2_voxel_grid' with type 'ros.ament_cmake' and name 'nav2_voxel_grid'
[0.441s] Level 1:colcon.colcon_core.package_identification:_identify(src/navigation2/nav2_waypoint_follower) by extensions ['ignore', 'ignore_ament_install']
[0.441s] Level 1:colcon.colcon_core.package_identification:_identify(src/navigation2/nav2_waypoint_follower) by extension 'ignore'
[0.441s] Level 1:colcon.colcon_core.package_identification:_identify(src/navigation2/nav2_waypoint_follower) by extension 'ignore_ament_install'
[0.442s] Level 1:colcon.colcon_core.package_identification:_identify(src/navigation2/nav2_waypoint_follower) by extensions ['colcon_pkg']
[0.442s] Level 1:colcon.colcon_core.package_identification:_identify(src/navigation2/nav2_waypoint_follower) by extension 'colcon_pkg'
[0.442s] Level 1:colcon.colcon_core.package_identification:_identify(src/navigation2/nav2_waypoint_follower) by extensions ['colcon_meta']
[0.442s] Level 1:colcon.colcon_core.package_identification:_identify(src/navigation2/nav2_waypoint_follower) by extension 'colcon_meta'
[0.442s] Level 1:colcon.colcon_core.package_identification:_identify(src/navigation2/nav2_waypoint_follower) by extensions ['ros']
[0.442s] Level 1:colcon.colcon_core.package_identification:_identify(src/navigation2/nav2_waypoint_follower) by extension 'ros'
[0.442s] DEBUG:colcon.colcon_core.package_identification:Package 'src/navigation2/nav2_waypoint_follower' with type 'ros.ament_cmake' and name 'nav2_waypoint_follower'
[0.442s] Level 1:colcon.colcon_core.package_identification:_identify(src/navigation2/navigation2) by extensions ['ignore', 'ignore_ament_install']
[0.443s] Level 1:colcon.colcon_core.package_identification:_identify(src/navigation2/navigation2) by extension 'ignore'
[0.443s] Level 1:colcon.colcon_core.package_identification:_identify(src/navigation2/navigation2) by extension 'ignore_ament_install'
[0.443s] Level 1:colcon.colcon_core.package_identification:_identify(src/navigation2/navigation2) by extensions ['colcon_pkg']
[0.443s] Level 1:colcon.colcon_core.package_identification:_identify(src/navigation2/navigation2) by extension 'colcon_pkg'
[0.443s] Level 1:colcon.colcon_core.package_identification:_identify(src/navigation2/navigation2) by extensions ['colcon_meta']
[0.443s] Level 1:colcon.colcon_core.package_identification:_identify(src/navigation2/navigation2) by extension 'colcon_meta'
[0.443s] Level 1:colcon.colcon_core.package_identification:_identify(src/navigation2/navigation2) by extensions ['ros']
[0.443s] Level 1:colcon.colcon_core.package_identification:_identify(src/navigation2/navigation2) by extension 'ros'
[0.443s] DEBUG:colcon.colcon_core.package_identification:Package 'src/navigation2/navigation2' with type 'ros.ament_cmake' and name 'navigation2'
[0.443s] Level 1:colcon.colcon_core.package_identification:_identify(src/navigation2/tools) by extensions ['ignore', 'ignore_ament_install']
[0.443s] Level 1:colcon.colcon_core.package_identification:_identify(src/navigation2/tools) by extension 'ignore'
[0.443s] Level 1:colcon.colcon_core.package_identification:_identify(src/navigation2/tools) by extension 'ignore_ament_install'
[0.444s] Level 1:colcon.colcon_core.package_identification:_identify(src/navigation2/tools) by extensions ['colcon_pkg']
[0.444s] Level 1:colcon.colcon_core.package_identification:_identify(src/navigation2/tools) by extension 'colcon_pkg'
[0.444s] Level 1:colcon.colcon_core.package_identification:_identify(src/navigation2/tools) by extensions ['colcon_meta']
[0.444s] Level 1:colcon.colcon_core.package_identification:_identify(src/navigation2/tools) by extension 'colcon_meta'
[0.444s] Level 1:colcon.colcon_core.package_identification:_identify(src/navigation2/tools) by extensions ['ros']
[0.444s] Level 1:colcon.colcon_core.package_identification:_identify(src/navigation2/tools) by extension 'ros'
[0.444s] Level 1:colcon.colcon_core.package_identification:_identify(src/navigation2/tools) by extensions ['cmake', 'python']
[0.444s] Level 1:colcon.colcon_core.package_identification:_identify(src/navigation2/tools) by extension 'cmake'
[0.444s] Level 1:colcon.colcon_core.package_identification:_identify(src/navigation2/tools) by extension 'python'
[0.444s] Level 1:colcon.colcon_core.package_identification:_identify(src/navigation2/tools) by extensions ['python_setup_py']
[0.444s] Level 1:colcon.colcon_core.package_identification:_identify(src/navigation2/tools) by extension 'python_setup_py'
[0.444s] Level 1:colcon.colcon_core.package_identification:_identify(src/navigation2/tools/planner_benchmarking) by extensions ['ignore', 'ignore_ament_install']
[0.444s] Level 1:colcon.colcon_core.package_identification:_identify(src/navigation2/tools/planner_benchmarking) by extension 'ignore'
[0.444s] Level 1:colcon.colcon_core.package_identification:_identify(src/navigation2/tools/planner_benchmarking) by extension 'ignore_ament_install'
[0.444s] Level 1:colcon.colcon_core.package_identification:_identify(src/navigation2/tools/planner_benchmarking) by extensions ['colcon_pkg']
[0.444s] Level 1:colcon.colcon_core.package_identification:_identify(src/navigation2/tools/planner_benchmarking) by extension 'colcon_pkg'
[0.444s] Level 1:colcon.colcon_core.package_identification:_identify(src/navigation2/tools/planner_benchmarking) by extensions ['colcon_meta']
[0.444s] Level 1:colcon.colcon_core.package_identification:_identify(src/navigation2/tools/planner_benchmarking) by extension 'colcon_meta'
[0.444s] Level 1:colcon.colcon_core.package_identification:_identify(src/navigation2/tools/planner_benchmarking) by extensions ['ros']
[0.444s] Level 1:colcon.colcon_core.package_identification:_identify(src/navigation2/tools/planner_benchmarking) by extension 'ros'
[0.444s] Level 1:colcon.colcon_core.package_identification:_identify(src/navigation2/tools/planner_benchmarking) by extensions ['cmake', 'python']
[0.444s] Level 1:colcon.colcon_core.package_identification:_identify(src/navigation2/tools/planner_benchmarking) by extension 'cmake'
[0.444s] Level 1:colcon.colcon_core.package_identification:_identify(src/navigation2/tools/planner_benchmarking) by extension 'python'
[0.444s] Level 1:colcon.colcon_core.package_identification:_identify(src/navigation2/tools/planner_benchmarking) by extensions ['python_setup_py']
[0.444s] Level 1:colcon.colcon_core.package_identification:_identify(src/navigation2/tools/planner_benchmarking) by extension 'python_setup_py'
[0.444s] Level 1:colcon.colcon_core.package_identification:_identify(src/navigation2/tools/smoother_benchmarking) by extensions ['ignore', 'ignore_ament_install']
[0.444s] Level 1:colcon.colcon_core.package_identification:_identify(src/navigation2/tools/smoother_benchmarking) by extension 'ignore'
[0.445s] Level 1:colcon.colcon_core.package_identification:_identify(src/navigation2/tools/smoother_benchmarking) by extension 'ignore_ament_install'
[0.445s] Level 1:colcon.colcon_core.package_identification:_identify(src/navigation2/tools/smoother_benchmarking) by extensions ['colcon_pkg']
[0.445s] Level 1:colcon.colcon_core.package_identification:_identify(src/navigation2/tools/smoother_benchmarking) by extension 'colcon_pkg'
[0.445s] Level 1:colcon.colcon_core.package_identification:_identify(src/navigation2/tools/smoother_benchmarking) by extensions ['colcon_meta']
[0.445s] Level 1:colcon.colcon_core.package_identification:_identify(src/navigation2/tools/smoother_benchmarking) by extension 'colcon_meta'
[0.445s] Level 1:colcon.colcon_core.package_identification:_identify(src/navigation2/tools/smoother_benchmarking) by extensions ['ros']
[0.445s] Level 1:colcon.colcon_core.package_identification:_identify(src/navigation2/tools/smoother_benchmarking) by extension 'ros'
[0.445s] Level 1:colcon.colcon_core.package_identification:_identify(src/navigation2/tools/smoother_benchmarking) by extensions ['cmake', 'python']
[0.445s] Level 1:colcon.colcon_core.package_identification:_identify(src/navigation2/tools/smoother_benchmarking) by extension 'cmake'
[0.445s] Level 1:colcon.colcon_core.package_identification:_identify(src/navigation2/tools/smoother_benchmarking) by extension 'python'
[0.445s] Level 1:colcon.colcon_core.package_identification:_identify(src/navigation2/tools/smoother_benchmarking) by extensions ['python_setup_py']
[0.445s] Level 1:colcon.colcon_core.package_identification:_identify(src/navigation2/tools/smoother_benchmarking) by extension 'python_setup_py'
[0.445s] Level 1:colcon.colcon_core.package_identification:_identify(src/navigation2/tools/smoother_benchmarking/maps) by extensions ['ignore', 'ignore_ament_install']
[0.445s] Level 1:colcon.colcon_core.package_identification:_identify(src/navigation2/tools/smoother_benchmarking/maps) by extension 'ignore'
[0.445s] Level 1:colcon.colcon_core.package_identification:_identify(src/navigation2/tools/smoother_benchmarking/maps) by extension 'ignore_ament_install'
[0.445s] Level 1:colcon.colcon_core.package_identification:_identify(src/navigation2/tools/smoother_benchmarking/maps) by extensions ['colcon_pkg']
[0.445s] Level 1:colcon.colcon_core.package_identification:_identify(src/navigation2/tools/smoother_benchmarking/maps) by extension 'colcon_pkg'
[0.445s] Level 1:colcon.colcon_core.package_identification:_identify(src/navigation2/tools/smoother_benchmarking/maps) by extensions ['colcon_meta']
[0.445s] Level 1:colcon.colcon_core.package_identification:_identify(src/navigation2/tools/smoother_benchmarking/maps) by extension 'colcon_meta'
[0.445s] Level 1:colcon.colcon_core.package_identification:_identify(src/navigation2/tools/smoother_benchmarking/maps) by extensions ['ros']
[0.445s] Level 1:colcon.colcon_core.package_identification:_identify(src/navigation2/tools/smoother_benchmarking/maps) by extension 'ros'
[0.445s] Level 1:colcon.colcon_core.package_identification:_identify(src/navigation2/tools/smoother_benchmarking/maps) by extensions ['cmake', 'python']
[0.445s] Level 1:colcon.colcon_core.package_identification:_identify(src/navigation2/tools/smoother_benchmarking/maps) by extension 'cmake'
[0.445s] Level 1:colcon.colcon_core.package_identification:_identify(src/navigation2/tools/smoother_benchmarking/maps) by extension 'python'
[0.445s] Level 1:colcon.colcon_core.package_identification:_identify(src/navigation2/tools/smoother_benchmarking/maps) by extensions ['python_setup_py']
[0.445s] Level 1:colcon.colcon_core.package_identification:_identify(src/navigation2/tools/smoother_benchmarking/maps) by extension 'python_setup_py'
[0.445s] Level 1:colcon.colcon_core.package_identification:_identify(src/slam_toolbox) by extensions ['ignore', 'ignore_ament_install']
[0.445s] Level 1:colcon.colcon_core.package_identification:_identify(src/slam_toolbox) by extension 'ignore'
[0.446s] Level 1:colcon.colcon_core.package_identification:_identify(src/slam_toolbox) by extension 'ignore_ament_install'
[0.446s] Level 1:colcon.colcon_core.package_identification:_identify(src/slam_toolbox) by extensions ['colcon_pkg']
[0.446s] Level 1:colcon.colcon_core.package_identification:_identify(src/slam_toolbox) by extension 'colcon_pkg'
[0.446s] Level 1:colcon.colcon_core.package_identification:_identify(src/slam_toolbox) by extensions ['colcon_meta']
[0.446s] Level 1:colcon.colcon_core.package_identification:_identify(src/slam_toolbox) by extension 'colcon_meta'
[0.446s] Level 1:colcon.colcon_core.package_identification:_identify(src/slam_toolbox) by extensions ['ros']
[0.446s] Level 1:colcon.colcon_core.package_identification:_identify(src/slam_toolbox) by extension 'ros'
[0.447s] DEBUG:colcon.colcon_core.package_identification:Package 'src/slam_toolbox' with type 'ros.ament_cmake' and name 'slam_toolbox'
[0.447s] Level 1:colcon.colcon_core.package_discovery:discover_packages(recursive) using defaults
[0.447s] Level 1:colcon.colcon_core.package_discovery:discover_packages(ignore) discover
[0.447s] Level 1:colcon.colcon_core.package_discovery:discover_packages(ignore) using defaults
[0.447s] Level 1:colcon.colcon_core.package_discovery:discover_packages(path) discover
[0.447s] Level 1:colcon.colcon_core.package_discovery:discover_packages(path) using defaults
[0.527s] INFO:colcon.colcon_core.package_selection:Skipping not selected package 'camera_calibration' in 'src/image_pipeline/camera_calibration'
[0.527s] INFO:colcon.colcon_core.package_selection:Skipping not selected package 'depthimage_to_laserscan' in 'src/depthimage_to_laserscan'
[0.527s] INFO:colcon.colcon_core.package_selection:Skipping not selected package 'image_publisher' in 'src/image_pipeline/image_publisher'
[0.527s] INFO:colcon.colcon_core.package_selection:Skipping not selected package 'image_rotate' in 'src/image_pipeline/image_rotate'
[0.527s] INFO:colcon.colcon_core.package_selection:Skipping not selected package 'image_view' in 'src/image_pipeline/image_view'
[0.527s] INFO:colcon.colcon_core.package_selection:Skipping not selected package 'nav2_common' in 'src/navigation2/nav2_common'
[0.527s] INFO:colcon.colcon_core.package_selection:Skipping not selected package 'nav_2d_msgs' in 'src/navigation2/nav2_dwb_controller/nav_2d_msgs'
[0.527s] INFO:colcon.colcon_core.package_selection:Skipping not selected package 'slam_toolbox' in 'src/slam_toolbox'
[0.527s] INFO:colcon.colcon_core.package_selection:Skipping not selected package 'tracetools_image_pipeline' in 'src/image_pipeline/tracetools_image_pipeline'
[0.527s] INFO:colcon.colcon_core.package_selection:Skipping not selected package 'camera_ros' in 'src/camera_ros'
[0.527s] INFO:colcon.colcon_core.package_selection:Skipping not selected package 'dwb_msgs' in 'src/navigation2/nav2_dwb_controller/dwb_msgs'
[0.527s] INFO:colcon.colcon_core.package_selection:Skipping not selected package 'image_proc' in 'src/image_pipeline/image_proc'
[0.527s] INFO:colcon.colcon_core.package_selection:Skipping not selected package 'nav2_msgs' in 'src/navigation2/nav2_msgs'
[0.527s] INFO:colcon.colcon_core.package_selection:Skipping not selected package 'nav2_voxel_grid' in 'src/navigation2/nav2_voxel_grid'
[0.527s] INFO:colcon.colcon_core.package_selection:Skipping not selected package 'cave_cameras' in 'src/cave_cameras'
[0.527s] INFO:colcon.colcon_core.package_selection:Skipping not selected package 'depth_image_proc' in 'src/image_pipeline/depth_image_proc'
[0.527s] INFO:colcon.colcon_core.package_selection:Skipping not selected package 'nav2_simple_commander' in 'src/navigation2/nav2_simple_commander'
[0.527s] INFO:colcon.colcon_core.package_selection:Skipping not selected package 'nav2_util' in 'src/navigation2/nav2_util'
[0.527s] INFO:colcon.colcon_core.package_selection:Skipping not selected package 'stereo_image_proc' in 'src/image_pipeline/stereo_image_proc'
[0.527s] INFO:colcon.colcon_core.package_selection:Skipping not selected package 'image_pipeline' in 'src/image_pipeline/image_pipeline'
[0.527s] INFO:colcon.colcon_core.package_selection:Skipping not selected package 'nav2_amcl' in 'src/navigation2/nav2_amcl'
[0.527s] INFO:colcon.colcon_core.package_selection:Skipping not selected package 'nav2_behavior_tree' in 'src/navigation2/nav2_behavior_tree'
[0.527s] INFO:colcon.colcon_core.package_selection:Skipping not selected package 'nav2_lifecycle_manager' in 'src/navigation2/nav2_lifecycle_manager'
[0.527s] INFO:colcon.colcon_core.package_selection:Skipping not selected package 'nav2_loopback_sim' in 'src/navigation2/nav2_loopback_sim'
[0.527s] INFO:colcon.colcon_core.package_selection:Skipping not selected package 'nav2_map_server' in 'src/navigation2/nav2_map_server'
[0.527s] INFO:colcon.colcon_core.package_selection:Skipping not selected package 'nav2_velocity_smoother' in 'src/navigation2/nav2_velocity_smoother'
[0.527s] INFO:colcon.colcon_core.package_selection:Skipping not selected package 'nav_2d_utils' in 'src/navigation2/nav2_dwb_controller/nav_2d_utils'
[0.527s] INFO:colcon.colcon_core.package_selection:Skipping not selected package 'opennav_docking_core' in 'src/navigation2/nav2_docking/opennav_docking_core'
[0.527s] INFO:colcon.colcon_core.package_selection:Skipping not selected package 'nav2_costmap_2d' in 'src/navigation2/nav2_costmap_2d'
[0.528s] INFO:colcon.colcon_core.package_selection:Skipping not selected package 'nav2_rviz_plugins' in 'src/navigation2/nav2_rviz_plugins'
[0.528s] INFO:colcon.colcon_core.package_selection:Skipping not selected package 'costmap_queue' in 'src/navigation2/nav2_dwb_controller/costmap_queue'
[0.528s] INFO:colcon.colcon_core.package_selection:Skipping not selected package 'nav2_collision_monitor' in 'src/navigation2/nav2_collision_monitor'
[0.528s] INFO:colcon.colcon_core.package_selection:Skipping not selected package 'nav2_core' in 'src/navigation2/nav2_core'
[0.528s] INFO:colcon.colcon_core.package_selection:Skipping not selected package 'dwb_core' in 'src/navigation2/nav2_dwb_controller/dwb_core'
[0.528s] INFO:colcon.colcon_core.package_selection:Skipping not selected package 'nav2_behaviors' in 'src/navigation2/nav2_behaviors'
[0.528s] INFO:colcon.colcon_core.package_selection:Skipping not selected package 'nav2_bt_navigator' in 'src/navigation2/nav2_bt_navigator'
[0.528s] INFO:colcon.colcon_core.package_selection:Skipping not selected package 'nav2_constrained_smoother' in 'src/navigation2/nav2_constrained_smoother'
[0.528s] INFO:colcon.colcon_core.package_selection:Skipping not selected package 'nav2_controller' in 'src/navigation2/nav2_controller'
[0.528s] INFO:colcon.colcon_core.package_selection:Skipping not selected package 'nav2_mppi_controller' in 'src/navigation2/nav2_mppi_controller'
[0.528s] INFO:colcon.colcon_core.package_selection:Skipping not selected package 'nav2_navfn_planner' in 'src/navigation2/nav2_navfn_planner'
[0.528s] INFO:colcon.colcon_core.package_selection:Skipping not selected package 'nav2_planner' in 'src/navigation2/nav2_planner'
[0.528s] INFO:colcon.colcon_core.package_selection:Skipping not selected package 'nav2_regulated_pure_pursuit_controller' in 'src/navigation2/nav2_regulated_pure_pursuit_controller'
[0.528s] INFO:colcon.colcon_core.package_selection:Skipping not selected package 'nav2_route' in 'src/navigation2/nav2_route'
[0.528s] INFO:colcon.colcon_core.package_selection:Skipping not selected package 'nav2_smac_planner' in 'src/navigation2/nav2_smac_planner'
[0.528s] INFO:colcon.colcon_core.package_selection:Skipping not selected package 'nav2_smoother' in 'src/navigation2/nav2_smoother'
[0.528s] INFO:colcon.colcon_core.package_selection:Skipping not selected package 'nav2_theta_star_planner' in 'src/navigation2/nav2_theta_star_planner'
[0.528s] INFO:colcon.colcon_core.package_selection:Skipping not selected package 'nav2_waypoint_follower' in 'src/navigation2/nav2_waypoint_follower'
[0.528s] INFO:colcon.colcon_core.package_selection:Skipping not selected package 'opennav_docking_bt' in 'src/navigation2/nav2_docking/opennav_docking_bt'
[0.528s] INFO:colcon.colcon_core.package_selection:Skipping not selected package 'dwb_critics' in 'src/navigation2/nav2_dwb_controller/dwb_critics'
[0.528s] INFO:colcon.colcon_core.package_selection:Skipping not selected package 'dwb_plugins' in 'src/navigation2/nav2_dwb_controller/dwb_plugins'
[0.528s] INFO:colcon.colcon_core.package_selection:Skipping not selected package 'nav2_graceful_controller' in 'src/navigation2/nav2_graceful_controller'
[0.528s] INFO:colcon.colcon_core.package_selection:Skipping not selected package 'nav2_rotation_shim_controller' in 'src/navigation2/nav2_rotation_shim_controller'
[0.528s] INFO:colcon.colcon_core.package_selection:Skipping not selected package 'nav2_dwb_controller' in 'src/navigation2/nav2_dwb_controller/nav2_dwb_controller'
[0.528s] INFO:colcon.colcon_core.package_selection:Skipping not selected package 'opennav_docking' in 'src/navigation2/nav2_docking/opennav_docking'
[0.528s] INFO:colcon.colcon_core.package_selection:Skipping not selected package 'navigation2' in 'src/navigation2/navigation2'
[0.528s] INFO:colcon.colcon_core.package_selection:Skipping not selected package 'nav2_bringup' in 'src/navigation2/nav2_bringup'
[0.528s] INFO:colcon.colcon_core.package_selection:Skipping not selected package 'nav2_system_tests' in 'src/navigation2/nav2_system_tests'
[0.528s] Level 5:colcon.colcon_core.verb:set package 'cave_depth' build argument 'cmake_args' from command line to 'None'
[0.528s] Level 5:colcon.colcon_core.verb:set package 'cave_depth' build argument 'cmake_target' from command line to 'None'
[0.528s] Level 5:colcon.colcon_core.verb:set package 'cave_depth' build argument 'cmake_target_skip_unavailable' from command line to 'False'
[0.528s] Level 5:colcon.colcon_core.verb:set package 'cave_depth' build argument 'cmake_clean_cache' from command line to 'False'
[0.528s] Level 5:colcon.colcon_core.verb:set package 'cave_depth' build argument 'cmake_clean_first' from command line to 'False'
[0.528s] Level 5:colcon.colcon_core.verb:set package 'cave_depth' build argument 'cmake_force_configure' from command line to 'False'
[0.528s] Level 5:colcon.colcon_core.verb:set package 'cave_depth' build argument 'ament_cmake_args' from command line to 'None'
[0.528s] Level 5:colcon.colcon_core.verb:set package 'cave_depth' build argument 'catkin_cmake_args' from command line to 'None'
[0.529s] Level 5:colcon.colcon_core.verb:set package 'cave_depth' build argument 'catkin_skip_building_tests' from command line to 'False'
[0.529s] DEBUG:colcon.colcon_core.verb:Building package 'cave_depth' with the following arguments: {'ament_cmake_args': None, 'build_base': '/CaveBot-ros/build/cave_depth', 'catkin_cmake_args': None, 'catkin_skip_building_tests': False, 'cmake_args': None, 'cmake_clean_cache': False, 'cmake_clean_first': False, 'cmake_force_configure': False, 'cmake_target': None, 'cmake_target_skip_unavailable': False, 'install_base': '/CaveBot-ros/install/cave_depth', 'merge_install': False, 'path': '/CaveBot-ros/src/cave_depth', 'symlink_install': False, 'test_result_base': None}
[0.529s] INFO:colcon.colcon_core.executor:Executing jobs using 'parallel' executor
[0.530s] DEBUG:colcon.colcon_parallel_executor.executor.parallel:run_until_complete
[0.530s] INFO:colcon.colcon_ros.task.ament_python.build:Building ROS package in '/CaveBot-ros/src/cave_depth' with build type 'ament_python'
[0.530s] Level 1:colcon.colcon_core.shell:create_environment_hook('cave_depth', 'ament_prefix_path')
[0.536s] INFO:colcon.colcon_core.plugin_system:Skipping extension 'colcon_core.shell.bat': Not used on non-Windows systems
[0.536s] INFO:colcon.colcon_core.shell:Creating environment hook '/CaveBot-ros/install/cave_depth/share/cave_depth/hook/ament_prefix_path.ps1'
[0.536s] INFO:colcon.colcon_core.shell:Creating environment descriptor '/CaveBot-ros/install/cave_depth/share/cave_depth/hook/ament_prefix_path.dsv'
[0.537s] INFO:colcon.colcon_core.shell:Creating environment hook '/CaveBot-ros/install/cave_depth/share/cave_depth/hook/ament_prefix_path.sh'
[0.538s] INFO:colcon.colcon_core.shell:Skip shell extension 'powershell' for command environment: Not usable outside of PowerShell
[0.538s] DEBUG:colcon.colcon_core.shell:Skip shell extension 'dsv' for command environment
[0.744s] INFO:colcon.colcon_core.task.python.build:Building Python package in '/CaveBot-ros/src/cave_depth'
[0.744s] INFO:colcon.colcon_core.shell:Skip shell extension 'powershell' for command environment: Not usable outside of PowerShell
[0.744s] DEBUG:colcon.colcon_core.shell:Skip shell extension 'dsv' for command environment
[1.260s] DEBUG:colcon.colcon_core.event_handler.log_command:Invoking command in '/CaveBot-ros/src/cave_depth': PYTHONPATH=/CaveBot-ros/build/cave_depth/prefix_override:/usr/lib/python3/dist-packages/colcon_core/task/python/colcon_distutils_commands:/CaveBot-ros/install/cave_depth/lib/python3.12/site-packages:${PYTHONPATH} /usr/bin/python3 -W ignore:setup.py install is deprecated -W ignore:easy_install command is deprecated setup.py egg_info --egg-base ../../build/cave_depth build --build-base /CaveBot-ros/build/cave_depth/build install --record /CaveBot-ros/build/cave_depth/install.log --single-version-externally-managed install_data
[1.688s] DEBUG:colcon.colcon_core.event_handler.log_command:Invoked command in '/CaveBot-ros/src/cave_depth' returned '0': PYTHONPATH=/CaveBot-ros/build/cave_depth/prefix_override:/usr/lib/python3/dist-packages/colcon_core/task/python/colcon_distutils_commands:/CaveBot-ros/install/cave_depth/lib/python3.12/site-packages:${PYTHONPATH} /usr/bin/python3 -W ignore:setup.py install is deprecated -W ignore:easy_install command is deprecated setup.py egg_info --egg-base ../../build/cave_depth build --build-base /CaveBot-ros/build/cave_depth/build install --record /CaveBot-ros/build/cave_depth/install.log --single-version-externally-managed install_data
[1.693s] Level 1:colcon.colcon_core.environment:checking '/CaveBot-ros/install/cave_depth' for CMake module files
[1.694s] Level 1:colcon.colcon_core.environment:checking '/CaveBot-ros/install/cave_depth' for CMake config files
[1.694s] Level 1:colcon.colcon_core.environment:checking '/CaveBot-ros/install/cave_depth/lib'
[1.694s] Level 1:colcon.colcon_core.environment:checking '/CaveBot-ros/install/cave_depth/bin'
[1.694s] Level 1:colcon.colcon_core.environment:checking '/CaveBot-ros/install/cave_depth/lib/pkgconfig/cave_depth.pc'
[1.695s] Level 1:colcon.colcon_core.environment:checking '/CaveBot-ros/install/cave_depth/lib/python3.12/site-packages'
[1.695s] Level 1:colcon.colcon_core.shell:create_environment_hook('cave_depth', 'pythonpath')
[1.695s] INFO:colcon.colcon_core.shell:Creating environment hook '/CaveBot-ros/install/cave_depth/share/cave_depth/hook/pythonpath.ps1'
[1.695s] INFO:colcon.colcon_core.shell:Creating environment descriptor '/CaveBot-ros/install/cave_depth/share/cave_depth/hook/pythonpath.dsv'
[1.695s] INFO:colcon.colcon_core.shell:Creating environment hook '/CaveBot-ros/install/cave_depth/share/cave_depth/hook/pythonpath.sh'
[1.696s] Level 1:colcon.colcon_core.environment:checking '/CaveBot-ros/install/cave_depth/bin'
[1.696s] Level 1:colcon.colcon_core.environment:create_environment_scripts_only(cave_depth)
[1.696s] INFO:colcon.colcon_core.shell:Creating package script '/CaveBot-ros/install/cave_depth/share/cave_depth/package.ps1'
[1.697s] INFO:colcon.colcon_core.shell:Creating package descriptor '/CaveBot-ros/install/cave_depth/share/cave_depth/package.dsv'
[1.697s] INFO:colcon.colcon_core.shell:Creating package script '/CaveBot-ros/install/cave_depth/share/cave_depth/package.sh'
[1.698s] INFO:colcon.colcon_core.shell:Creating package script '/CaveBot-ros/install/cave_depth/share/cave_depth/package.bash'
[1.698s] INFO:colcon.colcon_core.shell:Creating package script '/CaveBot-ros/install/cave_depth/share/cave_depth/package.zsh'
[1.698s] Level 1:colcon.colcon_core.environment:create_file_with_runtime_dependencies(/CaveBot-ros/install/cave_depth/share/colcon-core/packages/cave_depth)
[1.699s] DEBUG:colcon.colcon_parallel_executor.executor.parallel:closing loop
[1.699s] DEBUG:colcon.colcon_parallel_executor.executor.parallel:loop closed
[1.699s] DEBUG:colcon.colcon_parallel_executor.executor.parallel:run_until_complete finished with '0'
[1.699s] DEBUG:colcon.colcon_core.event_reactor:joining thread
[1.720s] INFO:colcon.colcon_core.plugin_system:Skipping extension 'colcon_notification.desktop_notification.notify_send': Could not find 'notify-send'
[1.720s] INFO:colcon.colcon_core.plugin_system:Skipping extension 'colcon_notification.desktop_notification.terminal_notifier': Not used on non-Darwin systems
[1.721s] INFO:colcon.colcon_core.plugin_system:Skipping extension 'colcon_notification.desktop_notification.win32': Not used on non-Windows systems
[1.721s] INFO:colcon.colcon_notification.desktop_notification:Sending desktop notification using 'notify2'
[1.721s] DEBUG:colcon.colcon_notification.desktop_notification.notify2:Failed to initialize notify2: org.freedesktop.DBus.Error.NotSupported: Unable to autolaunch a dbus-daemon without a $DISPLAY for X11
[1.721s] DEBUG:colcon.colcon_core.event_reactor:joined thread
[1.721s] INFO:colcon.colcon_core.shell:Creating prefix script '/CaveBot-ros/install/local_setup.ps1'
[1.722s] INFO:colcon.colcon_core.shell:Creating prefix util module '/CaveBot-ros/install/_local_setup_util_ps1.py'
[1.723s] INFO:colcon.colcon_core.shell:Creating prefix chain script '/CaveBot-ros/install/setup.ps1'
[1.724s] INFO:colcon.colcon_core.shell:Creating prefix script '/CaveBot-ros/install/local_setup.sh'
[1.725s] INFO:colcon.colcon_core.shell:Creating prefix util module '/CaveBot-ros/install/_local_setup_util_sh.py'
[1.726s] INFO:colcon.colcon_core.shell:Creating prefix chain script '/CaveBot-ros/install/setup.sh'
[1.727s] INFO:colcon.colcon_core.shell:Creating prefix script '/CaveBot-ros/install/local_setup.bash'
[1.727s] INFO:colcon.colcon_core.shell:Creating prefix chain script '/CaveBot-ros/install/setup.bash'
[1.728s] INFO:colcon.colcon_core.shell:Creating prefix script '/CaveBot-ros/install/local_setup.zsh'
[1.729s] INFO:colcon.colcon_core.shell:Creating prefix chain script '/CaveBot-ros/install/setup.zsh'
